dataset,seed,fold,source,n_rows,method,covered,n_eval,width
DES_ETA,4,0,http://pubs.acs.org/journal/acscii,1461,naive,1030,1461,0.6569767246664613
DES_ETA,4,0,http://pubs.acs.org/journal/acscii,1461,aware,1412,1461,2.0757719727726154
DES_ETA,4,0,http://pubs.acs.org/journal/acscii,1461,anchor,13391,14580,1.6405026103218745
DES_ETA,4,0,http://pubs.acs.org/journal/acscii,1461,aware_on_anchor_rows,14090,14580,2.0757719727726154
DES_ETA,4,0,http://pubs.acs.org/journal/acscii,1461,explore_offset_q_aware,13938,14580,2.0757719727726154
DES_ETA,4,1,10.1016/j.fluid.2019.01.025,28,naive,7,28,0.6120166957993645
DES_ETA,4,1,10.1016/j.fluid.2019.01.025,28,aware,21,28,1.841440756630365
DES_ETA,4,1,10.1016/j.foodchem.2022.133379,4,naive,2,4,0.6120166957993645
DES_ETA,4,1,10.1016/j.foodchem.2022.133379,4,aware,4,4,1.841440756630365
DES_ETA,4,1,10.1016/j.jct.2018.12.017,43,naive,24,43,0.6120166957993645
DES_ETA,4,1,10.1016/j.jct.2018.12.017,43,aware,39,43,1.841440756630365
DES_ETA,4,1,10.1016/j.jct.2019.105883,15,naive,14,15,0.6120166957993645
DES_ETA,4,1,10.1016/j.jct.2019.105883,15,aware,15,15,1.841440756630365
DES_ETA,4,1,10.1016/j.jobe.2021.103056,8,naive,2,8,0.6120166957993645
DES_ETA,4,1,10.1016/j.jobe.2021.103056,8,aware,7,8,1.841440756630365
DES_ETA,4,1,10.1016/j.molliq.2022.120420,337,naive,315,337,0.6120166957993645
DES_ETA,4,1,10.1016/j.molliq.2022.120420,337,aware,337,337,1.841440756630365
DES_ETA,4,1,10.1021/acs.jced.0c00579,1,naive,0,1,0.6120166957993645
DES_ETA,4,1,10.1021/acs.jced.0c00579,1,aware,1,1,1.841440756630365
DES_ETA,4,1,10.1021/acs.jced.9b00254,1,naive,1,1,0.6120166957993645
DES_ETA,4,1,10.1021/acs.jced.9b00254,1,aware,1,1,1.841440756630365
DES_ETA,4,1,10.1021/acssuschemeng.8b03520,17,naive,9,17,0.6120166957993645
DES_ETA,4,1,10.1021/acssuschemeng.8b03520,17,aware,14,17,1.841440756630365
DES_ETA,4,1,10.1021/acssuschemeng.9b02845,24,naive,15,24,0.6120166957993645
DES_ETA,4,1,10.1021/acssuschemeng.9b02845,24,aware,24,24,1.841440756630365
DES_ETA,4,1,10.1039/d0gc00793e,3,naive,2,3,0.6120166957993645
DES_ETA,4,1,10.1039/d0gc00793e,3,aware,3,3,1.841440756630365
DES_ETA,4,1,10.1016/j.fluid.2019.01.025,28,anchor,224,250,1.409825228163041
DES_ETA,4,1,10.1016/j.fluid.2019.01.025,28,aware_on_anchor_rows,190,250,1.841440756630365
DES_ETA,4,1,10.1016/j.fluid.2019.01.025,28,explore_offset_q_aware,249,250,1.841440756630365
DES_ETA,4,1,10.1016/j.jct.2018.12.017,43,anchor,343,400,1.409825228163041
DES_ETA,4,1,10.1016/j.jct.2018.12.017,43,aware_on_anchor_rows,360,400,1.841440756630365
DES_ETA,4,1,10.1016/j.jct.2018.12.017,43,explore_offset_q_aware,374,400,1.841440756630365
DES_ETA,4,1,10.1016/j.jct.2019.105883,15,anchor,120,120,1.409825228163041
DES_ETA,4,1,10.1016/j.jct.2019.105883,15,aware_on_anchor_rows,120,120,1.841440756630365
DES_ETA,4,1,10.1016/j.jct.2019.105883,15,explore_offset_q_aware,120,120,1.841440756630365
DES_ETA,4,1,10.1016/j.jobe.2021.103056,8,anchor,25,50,1.409825228163041
DES_ETA,4,1,10.1016/j.jobe.2021.103056,8,aware_on_anchor_rows,43,50,1.841440756630365
DES_ETA,4,1,10.1016/j.jobe.2021.103056,8,explore_offset_q_aware,32,50,1.841440756630365
DES_ETA,4,1,10.1016/j.molliq.2022.120420,337,anchor,3339,3340,1.409825228163041
DES_ETA,4,1,10.1016/j.molliq.2022.120420,337,aware_on_anchor_rows,3340,3340,1.841440756630365
DES_ETA,4,1,10.1016/j.molliq.2022.120420,337,explore_offset_q_aware,3340,3340,1.841440756630365
DES_ETA,4,1,10.1021/acssuschemeng.8b03520,17,anchor,89,140,1.409825228163041
DES_ETA,4,1,10.1021/acssuschemeng.8b03520,17,aware_on_anchor_rows,114,140,1.841440756630365
DES_ETA,4,1,10.1021/acssuschemeng.8b03520,17,explore_offset_q_aware,97,140,1.841440756630365
DES_ETA,4,1,10.1021/acssuschemeng.9b02845,24,anchor,210,210,1.409825228163041
DES_ETA,4,1,10.1021/acssuschemeng.9b02845,24,aware_on_anchor_rows,210,210,1.841440756630365
DES_ETA,4,1,10.1021/acssuschemeng.9b02845,24,explore_offset_q_aware,210,210,1.841440756630365
DES_ETA,4,2,10.1016/j.arabjc.2022.104469,11,naive,0,11,0.5807806594698226
DES_ETA,4,2,10.1016/j.arabjc.2022.104469,11,aware,7,11,1.9078400972395135
DES_ETA,4,2,10.1016/j.cej.2020.125173,4,naive,3,4,0.5807806594698226
DES_ETA,4,2,10.1016/j.cej.2020.125173,4,aware,4,4,1.9078400972395135
DES_ETA,4,2,10.1016/j.jct.2013.05.041,20,naive,17,20,0.5807806594698226
DES_ETA,4,2,10.1016/j.jct.2013.05.041,20,aware,20,20,1.9078400972395135
DES_ETA,4,2,10.1016/j.molliq.2022.119560,27,naive,9,27,0.5807806594698226
DES_ETA,4,2,10.1016/j.molliq.2022.119560,27,aware,27,27,1.9078400972395135
DES_ETA,4,2,10.1016/j.seppur.2019.115703,43,naive,43,43,0.5807806594698226
DES_ETA,4,2,10.1016/j.seppur.2019.115703,43,aware,43,43,1.9078400972395135
DES_ETA,4,2,10.1016/j.seppur.2023.123281,15,naive,2,15,0.5807806594698226
DES_ETA,4,2,10.1016/j.seppur.2023.123281,15,aware,15,15,1.9078400972395135
DES_ETA,4,2,10.1021/acs.jced.6b00563,11,naive,7,11,0.5807806594698226
DES_ETA,4,2,10.1021/acs.jced.6b00563,11,aware,11,11,1.9078400972395135
DES_ETA,4,2,10.1021/acs.jced.9b00246,1,naive,1,1,0.5807806594698226
DES_ETA,4,2,10.1021/acs.jced.9b00246,1,aware,1,1,1.9078400972395135
DES_ETA,4,2,10.1021/acs.jced.9b00249,1,naive,1,1,0.5807806594698226
DES_ETA,4,2,10.1021/acs.jced.9b00249,1,aware,1,1,1.9078400972395135
DES_ETA,4,2,10.1021/acs.jced.9b00256,1,naive,1,1,0.5807806594698226
DES_ETA,4,2,10.1021/acs.jced.9b00256,1,aware,1,1,1.9078400972395135
DES_ETA,4,2,10.1021/je100104v,32,naive,20,32,0.5807806594698226
DES_ETA,4,2,10.1021/je100104v,32,aware,30,32,1.9078400972395135
DES_ETA,4,2,10.1039/c6nj03140d,315,naive,158,315,0.5807806594698226
DES_ETA,4,2,10.1039/c6nj03140d,315,aware,296,315,1.9078400972395135
DES_ETA,4,2,10.1016/j.arabjc.2022.104469,11,anchor,67,80,1.3633367900713493
DES_ETA,4,2,10.1016/j.arabjc.2022.104469,11,aware_on_anchor_rows,51,80,1.9078400972395135
DES_ETA,4,2,10.1016/j.arabjc.2022.104469,11,explore_offset_q_aware,76,80,1.9078400972395135
DES_ETA,4,2,10.1016/j.jct.2013.05.041,20,anchor,170,170,1.3633367900713493
DES_ETA,4,2,10.1016/j.jct.2013.05.041,20,aware_on_anchor_rows,170,170,1.9078400972395135
DES_ETA,4,2,10.1016/j.jct.2013.05.041,20,explore_offset_q_aware,170,170,1.9078400972395135
DES_ETA,4,2,10.1016/j.molliq.2022.119560,27,anchor,240,240,1.3633367900713493
DES_ETA,4,2,10.1016/j.molliq.2022.119560,27,aware_on_anchor_rows,240,240,1.9078400972395135
DES_ETA,4,2,10.1016/j.molliq.2022.119560,27,explore_offset_q_aware,240,240,1.9078400972395135
DES_ETA,4,2,10.1016/j.seppur.2019.115703,43,anchor,400,400,1.3633367900713493
DES_ETA,4,2,10.1016/j.seppur.2019.115703,43,aware_on_anchor_rows,400,400,1.9078400972395135
DES_ETA,4,2,10.1016/j.seppur.2019.115703,43,explore_offset_q_aware,400,400,1.9078400972395135
DES_ETA,4,2,10.1016/j.seppur.2023.123281,15,anchor,120,120,1.3633367900713493
DES_ETA,4,2,10.1016/j.seppur.2023.123281,15,aware_on_anchor_rows,120,120,1.9078400972395135
DES_ETA,4,2,10.1016/j.seppur.2023.123281,15,explore_offset_q_aware,120,120,1.9078400972395135
DES_ETA,4,2,10.1021/acs.jced.6b00563,11,anchor,80,80,1.3633367900713493
DES_ETA,4,2,10.1021/acs.jced.6b00563,11,aware_on_anchor_rows,80,80,1.9078400972395135
DES_ETA,4,2,10.1021/acs.jced.6b00563,11,explore_offset_q_aware,80,80,1.9078400972395135
DES_ETA,4,2,10.1021/je100104v,32,anchor,247,290,1.3633367900713493
DES_ETA,4,2,10.1021/je100104v,32,aware_on_anchor_rows,271,290,1.9078400972395135
DES_ETA,4,2,10.1021/je100104v,32,explore_offset_q_aware,270,290,1.9078400972395135
DES_ETA,4,2,10.1039/c6nj03140d,315,anchor,2352,3120,1.3633367900713493
DES_ETA,4,2,10.1039/c6nj03140d,315,aware_on_anchor_rows,2931,3120,1.9078400972395135
DES_ETA,4,2,10.1039/c6nj03140d,315,explore_offset_q_aware,2784,3120,1.9078400972395135
DES_ETA,4,3,10.1016/j.crgsc.2022.100285,7,naive,4,7,0.6046970958614271
DES_ETA,4,3,10.1016/j.crgsc.2022.100285,7,aware,7,7,1.9815325925154523
DES_ETA,4,3,10.1016/j.ijggc.2016.02.006,7,naive,5,7,0.6046970958614271
DES_ETA,4,3,10.1016/j.ijggc.2016.02.006,7,aware,7,7,1.9815325925154523
DES_ETA,4,3,10.1016/j.jpha.2021.03.002,16,naive,7,16,0.6046970958614271
DES_ETA,4,3,10.1016/j.jpha.2021.03.002,16,aware,16,16,1.9815325925154523
DES_ETA,4,3,10.1016/j.molliq.2021.118393,38,naive,23,38,0.6046970958614271
DES_ETA,4,3,10.1016/j.molliq.2021.118393,38,aware,33,38,1.9815325925154523
DES_ETA,4,3,10.1016/j.molliq.2022.120000,14,naive,4,14,0.6046970958614271
DES_ETA,4,3,10.1016/j.molliq.2022.120000,14,aware,7,14,1.9815325925154523
DES_ETA,4,3,10.1021/acs.jced.9b00251,1,naive,0,1,0.6046970958614271
DES_ETA,4,3,10.1021/acs.jced.9b00251,1,aware,1,1,1.9815325925154523
DES_ETA,4,3,10.1021/acs.jced.9b00252,1,naive,1,1,0.6046970958614271
DES_ETA,4,3,10.1021/acs.jced.9b00252,1,aware,1,1,1.9815325925154523
DES_ETA,4,3,10.1021/acs.jced.9b00255,1,naive,1,1,0.6046970958614271
DES_ETA,4,3,10.1021/acs.jced.9b00255,1,aware,1,1,1.9815325925154523
DES_ETA,4,3,10.1021/acssuschemeng.9b03245,21,naive,7,21,0.6046970958614271
DES_ETA,4,3,10.1021/acssuschemeng.9b03245,21,aware,21,21,1.9815325925154523
DES_ETA,4,3,10.1021/sc500439w,62,naive,52,62,0.6046970958614271
DES_ETA,4,3,10.1021/sc500439w,62,aware,62,62,1.9815325925154523
DES_ETA,4,3,10.1039/d0cp01431a,27,naive,13,27,0.6046970958614271
DES_ETA,4,3,10.1039/d0cp01431a,27,aware,25,27,1.9815325925154523
DES_ETA,4,3,10.3390/molecules26144208,286,naive,259,286,0.6046970958614271
DES_ETA,4,3,10.3390/molecules26144208,286,aware,286,286,1.9815325925154523
DES_ETA,4,3,10.1016/j.jpha.2021.03.002,16,anchor,108,130,1.4308029948549188
DES_ETA,4,3,10.1016/j.jpha.2021.03.002,16,aware_on_anchor_rows,130,130,1.9815325925154523
DES_ETA,4,3,10.1016/j.jpha.2021.03.002,16,explore_offset_q_aware,124,130,1.9815325925154523
DES_ETA,4,3,10.1016/j.molliq.2021.118393,38,anchor,297,350,1.4308029948549188
DES_ETA,4,3,10.1016/j.molliq.2021.118393,38,aware_on_anchor_rows,302,350,1.9815325925154523
DES_ETA,4,3,10.1016/j.molliq.2021.118393,38,explore_offset_q_aware,334,350,1.9815325925154523
DES_ETA,4,3,10.1016/j.molliq.2022.120000,14,anchor,48,110,1.4308029948549188
DES_ETA,4,3,10.1016/j.molliq.2022.120000,14,aware_on_anchor_rows,55,110,1.9815325925154523
DES_ETA,4,3,10.1016/j.molliq.2022.120000,14,explore_offset_q_aware,70,110,1.9815325925154523
DES_ETA,4,3,10.1021/acssuschemeng.9b03245,21,anchor,180,180,1.4308029948549188
DES_ETA,4,3,10.1021/acssuschemeng.9b03245,21,aware_on_anchor_rows,180,180,1.9815325925154523
DES_ETA,4,3,10.1021/acssuschemeng.9b03245,21,explore_offset_q_aware,180,180,1.9815325925154523
DES_ETA,4,3,10.1021/sc500439w,62,anchor,567,590,1.4308029948549188
DES_ETA,4,3,10.1021/sc500439w,62,aware_on_anchor_rows,590,590,1.9815325925154523
DES_ETA,4,3,10.1021/sc500439w,62,explore_offset_q_aware,584,590,1.9815325925154523
DES_ETA,4,3,10.1039/d0cp01431a,27,anchor,190,240,1.4308029948549188
DES_ETA,4,3,10.1039/d0cp01431a,27,aware_on_anchor_rows,222,240,1.9815325925154523
DES_ETA,4,3,10.1039/d0cp01431a,27,explore_offset_q_aware,221,240,1.9815325925154523
DES_ETA,4,3,10.3390/molecules26144208,286,anchor,2826,2830,1.4308029948549188
DES_ETA,4,3,10.3390/molecules26144208,286,aware_on_anchor_rows,2830,2830,1.9815325925154523
DES_ETA,4,3,10.3390/molecules26144208,286,explore_offset_q_aware,2830,2830,1.9815325925154523
DES_ETA,4,4,10.1002/apj.1873,272,naive,228,272,0.6224633492844576
DES_ETA,4,4,10.1002/apj.1873,272,aware,251,272,1.6877054300045629
DES_ETA,4,4,10.1007/978-3-030-25135-2_4,3,naive,0,3,0.6224633492844576
DES_ETA,4,4,10.1007/978-3-030-25135-2_4,3,aware,1,3,1.6877054300045629
DES_ETA,4,4,10.1016/j.molliq.2012.11.025,4,naive,0,4,0.6224633492844576
DES_ETA,4,4,10.1016/j.molliq.2012.11.025,4,aware,4,4,1.6877054300045629
DES_ETA,4,4,10.1016/j.molliq.2023.121216,30,naive,27,30,0.6224633492844576
DES_ETA,4,4,10.1016/j.molliq.2023.121216,30,aware,30,30,1.6877054300045629
DES_ETA,4,4,10.1016/j.talanta.2022.124243,10,naive,8,10,0.6224633492844576
DES_ETA,4,4,10.1016/j.talanta.2022.124243,10,aware,10,10,1.6877054300045629
DES_ETA,4,4,10.1016/j.tca.2012.04.030,24,naive,17,24,0.6224633492844576
DES_ETA,4,4,10.1016/j.tca.2012.04.030,24,aware,21,24,1.6877054300045629
DES_ETA,4,4,10.1021/acs.jced.0c00386,40,naive,40,40,0.6224633492844576
DES_ETA,4,4,10.1021/acs.jced.0c00386,40,aware,40,40,1.6877054300045629
DES_ETA,4,4,10.1021/acs.jced.6b00680,65,naive,36,65,0.6224633492844576
DES_ETA,4,4,10.1021/acs.jced.6b00680,65,aware,59,65,1.6877054300045629
DES_ETA,4,4,10.1021/acs.jced.9b00250,1,naive,1,1,0.6224633492844576
DES_ETA,4,4,10.1021/acs.jced.9b00250,1,aware,1,1,1.6877054300045629
DES_ETA,4,4,10.1021/acssuschemeng.8b04843,14,naive,14,14,0.6224633492844576
DES_ETA,4,4,10.1021/acssuschemeng.8b04843,14,aware,14,14,1.6877054300045629
DES_ETA,4,4,10.1039/c1ra00630d,18,naive,8,18,0.6224633492844576
DES_ETA,4,4,10.1039/c1ra00630d,18,aware,15,18,1.6877054300045629
DES_ETA,4,4,10.1002/apj.1873,272,anchor,2421,2690,1.3746918204429728
DES_ETA,4,4,10.1002/apj.1873,272,aware_on_anchor_rows,2484,2690,1.6877054300045629
DES_ETA,4,4,10.1002/apj.1873,272,explore_offset_q_aware,2500,2690,1.6877054300045629
DES_ETA,4,4,10.1016/j.molliq.2023.121216,30,anchor,270,270,1.3746918204429728
DES_ETA,4,4,10.1016/j.molliq.2023.121216,30,aware_on_anchor_rows,270,270,1.6877054300045629
DES_ETA,4,4,10.1016/j.molliq.2023.121216,30,explore_offset_q_aware,270,270,1.6877054300045629
DES_ETA,4,4,10.1016/j.talanta.2022.124243,10,anchor,69,70,1.3746918204429728
DES_ETA,4,4,10.1016/j.talanta.2022.124243,10,aware_on_anchor_rows,70,70,1.6877054300045629
DES_ETA,4,4,10.1016/j.talanta.2022.124243,10,explore_offset_q_aware,70,70,1.6877054300045629
DES_ETA,4,4,10.1016/j.tca.2012.04.030,24,anchor,186,210,1.3746918204429728
DES_ETA,4,4,10.1016/j.tca.2012.04.030,24,aware_on_anchor_rows,185,210,1.6877054300045629
DES_ETA,4,4,10.1016/j.tca.2012.04.030,24,explore_offset_q_aware,194,210,1.6877054300045629
DES_ETA,4,4,10.1021/acs.jced.0c00386,40,anchor,370,370,1.3746918204429728
DES_ETA,4,4,10.1021/acs.jced.0c00386,40,aware_on_anchor_rows,370,370,1.6877054300045629
DES_ETA,4,4,10.1021/acs.jced.0c00386,40,explore_offset_q_aware,370,370,1.6877054300045629
DES_ETA,4,4,10.1021/acs.jced.6b00680,65,anchor,473,620,1.3746918204429728
DES_ETA,4,4,10.1021/acs.jced.6b00680,65,aware_on_anchor_rows,564,620,1.6877054300045629
DES_ETA,4,4,10.1021/acs.jced.6b00680,65,explore_offset_q_aware,551,620,1.6877054300045629
DES_ETA,4,4,10.1021/acssuschemeng.8b04843,14,anchor,110,110,1.3746918204429728
DES_ETA,4,4,10.1021/acssuschemeng.8b04843,14,aware_on_anchor_rows,110,110,1.6877054300045629
DES_ETA,4,4,10.1021/acssuschemeng.8b04843,14,explore_offset_q_aware,110,110,1.6877054300045629
DES_ETA,4,4,10.1039/c1ra00630d,18,anchor,72,150,1.3746918204429728
DES_ETA,4,4,10.1039/c1ra00630d,18,aware_on_anchor_rows,128,150,1.6877054300045629
DES_ETA,4,4,10.1039/c1ra00630d,18,explore_offset_q_aware,91,150,1.6877054300045629
DES_ETA,4,5,10.1016/j.cep.2015.04.001,14,naive,2,14,0.6147244157071121
DES_ETA,4,5,10.1016/j.cep.2015.04.001,14,aware,10,14,1.9181028177547548
DES_ETA,4,5,10.1016/j.foodchem.2021.131930,63,naive,59,63,0.6147244157071121
DES_ETA,4,5,10.1016/j.foodchem.2021.131930,63,aware,63,63,1.9181028177547548
DES_ETA,4,5,10.1016/j.jct.2022.106999,30,naive,23,30,0.6147244157071121
DES_ETA,4,5,10.1016/j.jct.2022.106999,30,aware,30,30,1.9181028177547548
DES_ETA,4,5,10.1016/j.molliq.2022.119396,90,naive,34,90,0.6147244157071121
DES_ETA,4,5,10.1016/j.molliq.2022.119396,90,aware,90,90,1.9181028177547548
DES_ETA,4,5,10.1016/j.molliq.2022.120056,9,naive,5,9,0.6147244157071121
DES_ETA,4,5,10.1016/j.molliq.2022.120056,9,aware,9,9,1.9181028177547548
DES_ETA,4,5,10.1016/j.molliq.2022.120521,3,naive,0,3,0.6147244157071121
DES_ETA,4,5,10.1016/j.molliq.2022.120521,3,aware,1,3,1.9181028177547548
DES_ETA,4,5,10.1021/acs.jced.6b00486,23,naive,8,23,0.6147244157071121
DES_ETA,4,5,10.1021/acs.jced.6b00486,23,aware,11,23,1.9181028177547548
DES_ETA,4,5,10.1021/acs.jced.9b00248,1,naive,1,1,0.6147244157071121
DES_ETA,4,5,10.1021/acs.jced.9b00248,1,aware,1,1,1.9181028177547548
DES_ETA,4,5,10.1021/acs.jced.9b00257,1,naive,1,1,0.6147244157071121
DES_ETA,4,5,10.1021/acs.jced.9b00257,1,aware,1,1,1.9181028177547548
DES_ETA,4,5,10.1021/acssuschemeng.7b04235,39,naive,39,39,0.6147244157071121
DES_ETA,4,5,10.1021/acssuschemeng.7b04235,39,aware,39,39,1.9181028177547548
DES_ETA,4,5,10.1021/acssuschemeng.8b01203,187,naive,131,187,0.6147244157071121
DES_ETA,4,5,10.1021/acssuschemeng.8b01203,187,aware,187,187,1.9181028177547548
DES_ETA,4,5,10.1021/acssuschemeng.8b02042,17,naive,3,17,0.6147244157071121
DES_ETA,4,5,10.1021/acssuschemeng.8b02042,17,aware,17,17,1.9181028177547548
DES_ETA,4,5,10.1080/01496395.2016.1247864,4,naive,0,4,0.6147244157071121
DES_ETA,4,5,10.1080/01496395.2016.1247864,4,aware,4,4,1.9181028177547548
DES_ETA,4,5,10.1016/j.cep.2015.04.001,14,anchor,102,110,1.5850415508081315
DES_ETA,4,5,10.1016/j.cep.2015.04.001,14,aware_on_anchor_rows,80,110,1.9181028177547548
DES_ETA,4,5,10.1016/j.cep.2015.04.001,14,explore_offset_q_aware,107,110,1.9181028177547548
DES_ETA,4,5,10.1016/j.foodchem.2021.131930,63,anchor,600,600,1.5850415508081315
DES_ETA,4,5,10.1016/j.foodchem.2021.131930,63,aware_on_anchor_rows,600,600,1.9181028177547548
DES_ETA,4,5,10.1016/j.foodchem.2021.131930,63,explore_offset_q_aware,600,600,1.9181028177547548
DES_ETA,4,5,10.1016/j.jct.2022.106999,30,anchor,270,270,1.5850415508081315
DES_ETA,4,5,10.1016/j.jct.2022.106999,30,aware_on_anchor_rows,270,270,1.9181028177547548
DES_ETA,4,5,10.1016/j.jct.2022.106999,30,explore_offset_q_aware,270,270,1.9181028177547548
DES_ETA,4,5,10.1016/j.molliq.2022.119396,90,anchor,869,870,1.5850415508081315
DES_ETA,4,5,10.1016/j.molliq.2022.119396,90,aware_on_anchor_rows,870,870,1.9181028177547548
DES_ETA,4,5,10.1016/j.molliq.2022.119396,90,explore_offset_q_aware,870,870,1.9181028177547548
DES_ETA,4,5,10.1016/j.molliq.2022.120056,9,anchor,60,60,1.5850415508081315
DES_ETA,4,5,10.1016/j.molliq.2022.120056,9,aware_on_anchor_rows,60,60,1.9181028177547548
DES_ETA,4,5,10.1016/j.molliq.2022.120056,9,explore_offset_q_aware,60,60,1.9181028177547548
DES_ETA,4,5,10.1021/acs.jced.6b00486,23,anchor,101,200,1.5850415508081315
DES_ETA,4,5,10.1021/acs.jced.6b00486,23,aware_on_anchor_rows,99,200,1.9181028177547548
DES_ETA,4,5,10.1021/acs.jced.6b00486,23,explore_offset_q_aware,116,200,1.9181028177547548
DES_ETA,4,5,10.1021/acssuschemeng.7b04235,39,anchor,360,360,1.5850415508081315
DES_ETA,4,5,10.1021/acssuschemeng.7b04235,39,aware_on_anchor_rows,360,360,1.9181028177547548
DES_ETA,4,5,10.1021/acssuschemeng.7b04235,39,explore_offset_q_aware,360,360,1.9181028177547548
DES_ETA,4,5,10.1021/acssuschemeng.8b01203,187,anchor,1840,1840,1.5850415508081315
DES_ETA,4,5,10.1021/acssuschemeng.8b01203,187,aware_on_anchor_rows,1840,1840,1.9181028177547548
DES_ETA,4,5,10.1021/acssuschemeng.8b01203,187,explore_offset_q_aware,1840,1840,1.9181028177547548
DES_ETA,4,5,10.1021/acssuschemeng.8b02042,17,anchor,140,140,1.5850415508081315
DES_ETA,4,5,10.1021/acssuschemeng.8b02042,17,aware_on_anchor_rows,140,140,1.9181028177547548
DES_ETA,4,5,10.1021/acssuschemeng.8b02042,17,explore_offset_q_aware,140,140,1.9181028177547548
DES_ETA,4,6,10.1002/chem.200400127,4,naive,0,4,0.6014307437893556
DES_ETA,4,6,10.1002/chem.200400127,4,aware,4,4,1.7689153043071952
DES_ETA,4,6,10.1016/j.chroma.2018.07.070,12,naive,12,12,0.6014307437893556
DES_ETA,4,6,10.1016/j.chroma.2018.07.070,12,aware,12,12,1.7689153043071952
DES_ETA,4,6,10.1016/j.cjche.2020.07.004,19,naive,0,19,0.6014307437893556
DES_ETA,4,6,10.1016/j.cjche.2020.07.004,19,aware,0,19,1.7689153043071952
DES_ETA,4,6,10.1016/j.fluid.2021.113290,90,naive,43,90,0.6014307437893556
DES_ETA,4,6,10.1016/j.fluid.2021.113290,90,aware,90,90,1.7689153043071952
DES_ETA,4,6,10.1016/j.jct.2021.106713,66,naive,25,66,0.6014307437893556
DES_ETA,4,6,10.1016/j.jct.2021.106713,66,aware,62,66,1.7689153043071952
DES_ETA,4,6,10.1016/j.jhazmat.2021.127972,25,naive,19,25,0.6014307437893556
DES_ETA,4,6,10.1016/j.jhazmat.2021.127972,25,aware,25,25,1.7689153043071952
DES_ETA,4,6,10.1016/j.molliq.2016.02.062,48,naive,21,48,0.6014307437893556
DES_ETA,4,6,10.1016/j.molliq.2016.02.062,48,aware,44,48,1.7689153043071952
DES_ETA,4,6,10.1016/j.molliq.2022.119392,9,naive,3,9,0.6014307437893556
DES_ETA,4,6,10.1016/j.molliq.2022.119392,9,aware,7,9,1.7689153043071952
DES_ETA,4,6,10.1016/j.seppur.2020.117211,3,naive,3,3,0.6014307437893556
DES_ETA,4,6,10.1016/j.seppur.2020.117211,3,aware,3,3,1.7689153043071952
DES_ETA,4,6,10.1021/acs.jced.0c00715,153,naive,153,153,0.6014307437893556
DES_ETA,4,6,10.1021/acs.jced.0c00715,153,aware,153,153,1.7689153043071952
DES_ETA,4,6,10.1021/acs.jced.9b00259,1,naive,1,1,0.6014307437893556
DES_ETA,4,6,10.1021/acs.jced.9b00259,1,aware,1,1,1.7689153043071952
DES_ETA,4,6,10.1021/acs.jced.9b00260,1,naive,1,1,0.6014307437893556
DES_ETA,4,6,10.1021/acs.jced.9b00260,1,aware,1,1,1.7689153043071952
DES_ETA,4,6,10.1021/acssuschemeng.5b00619,15,naive,6,15,0.6014307437893556
DES_ETA,4,6,10.1021/acssuschemeng.5b00619,15,aware,14,15,1.7689153043071952
DES_ETA,4,6,10.1021/je300997v,35,naive,35,35,0.6014307437893556
DES_ETA,4,6,10.1021/je300997v,35,aware,35,35,1.7689153043071952
DES_ETA,4,6,10.1016/j.chroma.2018.07.070,12,anchor,90,90,1.470886869631881
DES_ETA,4,6,10.1016/j.chroma.2018.07.070,12,aware_on_anchor_rows,90,90,1.7689153043071952
DES_ETA,4,6,10.1016/j.chroma.2018.07.070,12,explore_offset_q_aware,90,90,1.7689153043071952
DES_ETA,4,6,10.1016/j.cjche.2020.07.004,19,anchor,105,160,1.470886869631881
DES_ETA,4,6,10.1016/j.cjche.2020.07.004,19,aware_on_anchor_rows,0,160,1.7689153043071952
DES_ETA,4,6,10.1016/j.cjche.2020.07.004,19,explore_offset_q_aware,116,160,1.7689153043071952
DES_ETA,4,6,10.1016/j.fluid.2021.113290,90,anchor,870,870,1.470886869631881
DES_ETA,4,6,10.1016/j.fluid.2021.113290,90,aware_on_anchor_rows,870,870,1.7689153043071952
DES_ETA,4,6,10.1016/j.fluid.2021.113290,90,explore_offset_q_aware,870,870,1.7689153043071952
DES_ETA,4,6,10.1016/j.jct.2021.106713,66,anchor,610,630,1.470886869631881
DES_ETA,4,6,10.1016/j.jct.2021.106713,66,aware_on_anchor_rows,592,630,1.7689153043071952
DES_ETA,4,6,10.1016/j.jct.2021.106713,66,explore_offset_q_aware,626,630,1.7689153043071952
DES_ETA,4,6,10.1016/j.jhazmat.2021.127972,25,anchor,220,220,1.470886869631881
DES_ETA,4,6,10.1016/j.jhazmat.2021.127972,25,aware_on_anchor_rows,220,220,1.7689153043071952
DES_ETA,4,6,10.1016/j.jhazmat.2021.127972,25,explore_offset_q_aware,220,220,1.7689153043071952
DES_ETA,4,6,10.1016/j.molliq.2016.02.062,48,anchor,424,450,1.470886869631881
DES_ETA,4,6,10.1016/j.molliq.2016.02.062,48,aware_on_anchor_rows,411,450,1.7689153043071952
DES_ETA,4,6,10.1016/j.molliq.2016.02.062,48,explore_offset_q_aware,446,450,1.7689153043071952
DES_ETA,4,6,10.1016/j.molliq.2022.119392,9,anchor,41,60,1.470886869631881
DES_ETA,4,6,10.1016/j.molliq.2022.119392,9,aware_on_anchor_rows,45,60,1.7689153043071952
DES_ETA,4,6,10.1016/j.molliq.2022.119392,9,explore_offset_q_aware,48,60,1.7689153043071952
DES_ETA,4,6,10.1021/acs.jced.0c00715,153,anchor,1500,1500,1.470886869631881
DES_ETA,4,6,10.1021/acs.jced.0c00715,153,aware_on_anchor_rows,1500,1500,1.7689153043071952
DES_ETA,4,6,10.1021/acs.jced.0c00715,153,explore_offset_q_aware,1500,1500,1.7689153043071952
DES_ETA,4,6,10.1021/acssuschemeng.5b00619,15,anchor,97,120,1.470886869631881
DES_ETA,4,6,10.1021/acssuschemeng.5b00619,15,aware_on_anchor_rows,114,120,1.7689153043071952
DES_ETA,4,6,10.1021/acssuschemeng.5b00619,15,explore_offset_q_aware,109,120,1.7689153043071952
DES_ETA,4,6,10.1021/je300997v,35,anchor,320,320,1.470886869631881
DES_ETA,4,6,10.1021/je300997v,35,aware_on_anchor_rows,320,320,1.7689153043071952
DES_ETA,4,6,10.1021/je300997v,35,explore_offset_q_aware,320,320,1.7689153043071952
DES_ETA,4,7,10.1002/ceat.201600475,11,naive,9,11,0.5994528033177629
DES_ETA,4,7,10.1002/ceat.201600475,11,aware,11,11,1.7196521428560851
DES_ETA,4,7,10.1016/j.arabjc.2021.103512,45,naive,29,45,0.5994528033177629
DES_ETA,4,7,10.1016/j.arabjc.2021.103512,45,aware,41,45,1.7196521428560851
DES_ETA,4,7,10.1016/j.cej.2018.10.077,15,naive,12,15,0.5994528033177629
DES_ETA,4,7,10.1016/j.cej.2018.10.077,15,aware,15,15,1.7196521428560851
DES_ETA,4,7,10.1016/j.foodchem.2018.09.048,6,naive,5,6,0.5994528033177629
DES_ETA,4,7,10.1016/j.foodchem.2018.09.048,6,aware,6,6,1.7196521428560851
DES_ETA,4,7,10.1016/j.foodchem.2019.125752,8,naive,6,8,0.5994528033177629
DES_ETA,4,7,10.1016/j.foodchem.2019.125752,8,aware,8,8,1.7196521428560851
DES_ETA,4,7,10.1016/j.jhazmat.2022.129835,3,naive,1,3,0.5994528033177629
DES_ETA,4,7,10.1016/j.jhazmat.2022.129835,3,aware,3,3,1.7196521428560851
DES_ETA,4,7,10.1016/j.molliq.2016.07.039,35,naive,17,35,0.5994528033177629
DES_ETA,4,7,10.1016/j.molliq.2016.07.039,35,aware,33,35,1.7196521428560851
DES_ETA,4,7,10.1016/j.molliq.2016.10.115,90,naive,37,90,0.5994528033177629
DES_ETA,4,7,10.1016/j.molliq.2016.10.115,90,aware,90,90,1.7196521428560851
DES_ETA,4,7,10.1016/j.molliq.2017.06.024,130,naive,120,130,0.5994528033177629
DES_ETA,4,7,10.1016/j.molliq.2017.06.024,130,aware,130,130,1.7196521428560851
DES_ETA,4,7,10.1021/acs.jced.7b01037,90,naive,12,90,0.5994528033177629
DES_ETA,4,7,10.1021/acs.jced.7b01037,90,aware,41,90,1.7196521428560851
DES_ETA,4,7,10.1021/acs.jced.9b00253,1,naive,1,1,0.5994528033177629
DES_ETA,4,7,10.1021/acs.jced.9b00253,1,aware,1,1,1.7196521428560851
DES_ETA,4,7,10.1021/acssuschemeng.8b05072,26,naive,20,26,0.5994528033177629
DES_ETA,4,7,10.1021/acssuschemeng.8b05072,26,aware,26,26,1.7196521428560851
DES_ETA,4,7,10.1039/c6cc06105b,21,naive,21,21,0.5994528033177629
DES_ETA,4,7,10.1039/c6cc06105b,21,aware,21,21,1.7196521428560851
DES_ETA,4,7,10.1002/ceat.201600475,11,anchor,80,80,1.3501915187021034
DES_ETA,4,7,10.1002/ceat.201600475,11,aware_on_anchor_rows,80,80,1.7196521428560851
DES_ETA,4,7,10.1002/ceat.201600475,11,explore_offset_q_aware,80,80,1.7196521428560851
DES_ETA,4,7,10.1016/j.arabjc.2021.103512,45,anchor,374,420,1.3501915187021034
DES_ETA,4,7,10.1016/j.arabjc.2021.103512,45,aware_on_anchor_rows,384,420,1.7196521428560851
DES_ETA,4,7,10.1016/j.arabjc.2021.103512,45,explore_offset_q_aware,402,420,1.7196521428560851
DES_ETA,4,7,10.1016/j.cej.2018.10.077,15,anchor,120,120,1.3501915187021034
DES_ETA,4,7,10.1016/j.cej.2018.10.077,15,aware_on_anchor_rows,120,120,1.7196521428560851
DES_ETA,4,7,10.1016/j.cej.2018.10.077,15,explore_offset_q_aware,120,120,1.7196521428560851
DES_ETA,4,7,10.1016/j.foodchem.2019.125752,8,anchor,45,50,1.3501915187021034
DES_ETA,4,7,10.1016/j.foodchem.2019.125752,8,aware_on_anchor_rows,50,50,1.7196521428560851
DES_ETA,4,7,10.1016/j.foodchem.2019.125752,8,explore_offset_q_aware,50,50,1.7196521428560851
DES_ETA,4,7,10.1016/j.molliq.2016.07.039,35,anchor,270,320,1.3501915187021034
DES_ETA,4,7,10.1016/j.molliq.2016.07.039,35,aware_on_anchor_rows,301,320,1.7196521428560851
DES_ETA,4,7,10.1016/j.molliq.2016.07.039,35,explore_offset_q_aware,270,320,1.7196521428560851
DES_ETA,4,7,10.1016/j.molliq.2016.10.115,90,anchor,870,870,1.3501915187021034
DES_ETA,4,7,10.1016/j.molliq.2016.10.115,90,aware_on_anchor_rows,870,870,1.7196521428560851
DES_ETA,4,7,10.1016/j.molliq.2016.10.115,90,explore_offset_q_aware,870,870,1.7196521428560851
DES_ETA,4,7,10.1016/j.molliq.2017.06.024,130,anchor,1270,1270,1.3501915187021034
DES_ETA,4,7,10.1016/j.molliq.2017.06.024,130,aware_on_anchor_rows,1270,1270,1.7196521428560851
DES_ETA,4,7,10.1016/j.molliq.2017.06.024,130,explore_offset_q_aware,1270,1270,1.7196521428560851
DES_ETA,4,7,10.1021/acs.jced.7b01037,90,anchor,525,870,1.3501915187021034
DES_ETA,4,7,10.1021/acs.jced.7b01037,90,aware_on_anchor_rows,392,870,1.7196521428560851
DES_ETA,4,7,10.1021/acs.jced.7b01037,90,explore_offset_q_aware,654,870,1.7196521428560851
DES_ETA,4,7,10.1021/acssuschemeng.8b05072,26,anchor,223,230,1.3501915187021034
DES_ETA,4,7,10.1021/acssuschemeng.8b05072,26,aware_on_anchor_rows,230,230,1.7196521428560851
DES_ETA,4,7,10.1021/acssuschemeng.8b05072,26,explore_offset_q_aware,228,230,1.7196521428560851
DES_ETA,4,7,10.1039/c6cc06105b,21,anchor,180,180,1.3501915187021034
DES_ETA,4,7,10.1039/c6cc06105b,21,aware_on_anchor_rows,180,180,1.7196521428560851
DES_ETA,4,7,10.1039/c6cc06105b,21,explore_offset_q_aware,180,180,1.7196521428560851
DES_ETA,4,8,10.1002/cphc.200500489,6,naive,4,6,0.6115189794609464
DES_ETA,4,8,10.1002/cphc.200500489,6,aware,4,6,1.786147172230895
DES_ETA,4,8,10.1016/j.jclepro.2022.133589,1,naive,1,1,0.6115189794609464
DES_ETA,4,8,10.1016/j.jclepro.2022.133589,1,aware,1,1,1.786147172230895
DES_ETA,4,8,10.1016/j.jmgm.2022.108319,25,naive,0,25,0.6115189794609464
DES_ETA,4,8,10.1016/j.jmgm.2022.108319,25,aware,25,25,1.786147172230895
DES_ETA,4,8,10.1016/j.molliq.2017.05.084,57,naive,33,57,0.6115189794609464
DES_ETA,4,8,10.1016/j.molliq.2017.05.084,57,aware,57,57,1.786147172230895
DES_ETA,4,8,10.1016/j.molliq.2017.09.091,118,naive,0,118,0.6115189794609464
DES_ETA,4,8,10.1016/j.molliq.2017.09.091,118,aware,65,118,1.786147172230895
DES_ETA,4,8,10.1016/j.molliq.2020.113761,18,naive,6,18,0.6115189794609464
DES_ETA,4,8,10.1016/j.molliq.2020.113761,18,aware,16,18,1.786147172230895
DES_ETA,4,8,10.1016/j.molliq.2022.120660,15,naive,4,15,0.6115189794609464
DES_ETA,4,8,10.1016/j.molliq.2022.120660,15,aware,14,15,1.786147172230895
DES_ETA,4,8,10.1016/j.molliq.2023.121258,78,naive,57,78,0.6115189794609464
DES_ETA,4,8,10.1016/j.molliq.2023.121258,78,aware,78,78,1.786147172230895
DES_ETA,4,8,10.1021/acs.jced.7b00184,14,naive,13,14,0.6115189794609464
DES_ETA,4,8,10.1021/acs.jced.7b00184,14,aware,14,14,1.786147172230895
DES_ETA,4,8,10.1021/acs.jced.9b00247,1,naive,1,1,0.6115189794609464
DES_ETA,4,8,10.1021/acs.jced.9b00247,1,aware,1,1,1.786147172230895
DES_ETA,4,8,10.1021/acssuschemeng.0c04215,7,naive,5,7,0.6115189794609464
DES_ETA,4,8,10.1021/acssuschemeng.0c04215,7,aware,6,7,1.786147172230895
DES_ETA,4,8,10.1021/acssuschemeng.1c01674,35,naive,0,35,0.6115189794609464
DES_ETA,4,8,10.1021/acssuschemeng.1c01674,35,aware,35,35,1.786147172230895
DES_ETA,4,8,10.1021/acssuschemeng.5b00532,104,naive,35,104,0.6115189794609464
DES_ETA,4,8,10.1021/acssuschemeng.5b00532,104,aware,104,104,1.786147172230895
DES_ETA,4,8,10.1021/acssuschemeng.8b05548,2,naive,2,2,0.6115189794609464
DES_ETA,4,8,10.1021/acssuschemeng.8b05548,2,aware,2,2,1.786147172230895
DES_ETA,4,8,10.1016/j.jmgm.2022.108319,25,anchor,220,220,1.4587511325153282
DES_ETA,4,8,10.1016/j.jmgm.2022.108319,25,aware_on_anchor_rows,220,220,1.786147172230895
DES_ETA,4,8,10.1016/j.jmgm.2022.108319,25,explore_offset_q_aware,220,220,1.786147172230895
DES_ETA,4,8,10.1016/j.molliq.2017.05.084,57,anchor,540,540,1.4587511325153282
DES_ETA,4,8,10.1016/j.molliq.2017.05.084,57,aware_on_anchor_rows,540,540,1.786147172230895
DES_ETA,4,8,10.1016/j.molliq.2017.05.084,57,explore_offset_q_aware,540,540,1.786147172230895
DES_ETA,4,8,10.1016/j.molliq.2017.09.091,118,anchor,1150,1150,1.4587511325153282
DES_ETA,4,8,10.1016/j.molliq.2017.09.091,118,aware_on_anchor_rows,632,1150,1.786147172230895
DES_ETA,4,8,10.1016/j.molliq.2017.09.091,118,explore_offset_q_aware,1150,1150,1.786147172230895
DES_ETA,4,8,10.1016/j.molliq.2020.113761,18,anchor,104,150,1.4587511325153282
DES_ETA,4,8,10.1016/j.molliq.2020.113761,18,aware_on_anchor_rows,136,150,1.786147172230895
DES_ETA,4,8,10.1016/j.molliq.2020.113761,18,explore_offset_q_aware,122,150,1.786147172230895
DES_ETA,4,8,10.1016/j.molliq.2022.120660,15,anchor,109,120,1.4587511325153282
DES_ETA,4,8,10.1016/j.molliq.2022.120660,15,aware_on_anchor_rows,111,120,1.786147172230895
DES_ETA,4,8,10.1016/j.molliq.2022.120660,15,explore_offset_q_aware,116,120,1.786147172230895
DES_ETA,4,8,10.1016/j.molliq.2023.121258,78,anchor,750,750,1.4587511325153282
DES_ETA,4,8,10.1016/j.molliq.2023.121258,78,aware_on_anchor_rows,750,750,1.786147172230895
DES_ETA,4,8,10.1016/j.molliq.2023.121258,78,explore_offset_q_aware,750,750,1.786147172230895
DES_ETA,4,8,10.1021/acs.jced.7b00184,14,anchor,110,110,1.4587511325153282
DES_ETA,4,8,10.1021/acs.jced.7b00184,14,aware_on_anchor_rows,110,110,1.786147172230895
DES_ETA,4,8,10.1021/acs.jced.7b00184,14,explore_offset_q_aware,110,110,1.786147172230895
DES_ETA,4,8,10.1021/acssuschemeng.1c01674,35,anchor,320,320,1.4587511325153282
DES_ETA,4,8,10.1021/acssuschemeng.1c01674,35,aware_on_anchor_rows,320,320,1.786147172230895
DES_ETA,4,8,10.1021/acssuschemeng.1c01674,35,explore_offset_q_aware,320,320,1.786147172230895
DES_ETA,4,8,10.1021/acssuschemeng.5b00532,104,anchor,955,1010,1.4587511325153282
DES_ETA,4,8,10.1021/acssuschemeng.5b00532,104,aware_on_anchor_rows,1010,1010,1.786147172230895
DES_ETA,4,8,10.1021/acssuschemeng.5b00532,104,explore_offset_q_aware,997,1010,1.786147172230895
DES_ETA,4,9,10.1002/slct.201701223,16,naive,3,16,0.5479894862566903
DES_ETA,4,9,10.1002/slct.201701223,16,aware,10,16,1.5515500933186814
DES_ETA,4,9,10.1016/j.cclet.2013.09.004,13,naive,2,13,0.5479894862566903
DES_ETA,4,9,10.1016/j.cclet.2013.09.004,13,aware,8,13,1.5515500933186814
DES_ETA,4,9,10.1016/j.fluid.2014.01.028,117,naive,30,117,0.5479894862566903
DES_ETA,4,9,10.1016/j.fluid.2014.01.028,117,aware,51,117,1.5515500933186814
DES_ETA,4,9,10.1016/j.jcou.2022.102217,112,naive,1,112,0.5479894862566903
DES_ETA,4,9,10.1016/j.jcou.2022.102217,112,aware,5,112,1.5515500933186814
DES_ETA,4,9,10.1016/j.jiec.2022.04.015,35,naive,3,35,0.5479894862566903
DES_ETA,4,9,10.1016/j.jiec.2022.04.015,35,aware,30,35,1.5515500933186814
DES_ETA,4,9,10.1016/j.jtice.2015.12.020,48,naive,23,48,0.5479894862566903
DES_ETA,4,9,10.1016/j.jtice.2015.12.020,48,aware,46,48,1.5515500933186814
DES_ETA,4,9,10.1016/j.seppur.2020.116692,22,naive,22,22,0.5479894862566903
DES_ETA,4,9,10.1016/j.seppur.2020.116692,22,aware,22,22,1.5515500933186814
DES_ETA,4,9,10.1021/acs.iecr.7b02478,28,naive,7,28,0.5479894862566903
DES_ETA,4,9,10.1021/acs.iecr.7b02478,28,aware,14,28,1.5515500933186814
DES_ETA,4,9,10.1021/acs.jced.9b00258,1,naive,1,1,0.5479894862566903
DES_ETA,4,9,10.1021/acs.jced.9b00258,1,aware,1,1,1.5515500933186814
DES_ETA,4,9,10.1021/acs.jpcb.0c03876,3,naive,0,3,0.5479894862566903
DES_ETA,4,9,10.1021/acs.jpcb.0c03876,3,aware,1,3,1.5515500933186814
DES_ETA,4,9,10.1021/je5001796,72,naive,0,72,0.5479894862566903
DES_ETA,4,9,10.1021/je5001796,72,aware,18,72,1.5515500933186814
DES_ETA,4,9,10.1039/c2ra22990k,8,naive,3,8,0.5479894862566903
DES_ETA,4,9,10.1039/c2ra22990k,8,aware,6,8,1.5515500933186814
DES_ETA,4,9,10.13140/rg.2.2.13424.10245,5,naive,0,5,0.5479894862566903
DES_ETA,4,9,10.13140/rg.2.2.13424.10245,5,aware,0,5,1.5515500933186814
DES_ETA,4,9,10.1002/slct.201701223,16,anchor,62,130,1.266221194364711
DES_ETA,4,9,10.1002/slct.201701223,16,aware_on_anchor_rows,88,130,1.5515500933186814
DES_ETA,4,9,10.1002/slct.201701223,16,explore_offset_q_aware,80,130,1.5515500933186814
DES_ETA,4,9,10.1016/j.cclet.2013.09.004,13,anchor,46,100,1.266221194364711
DES_ETA,4,9,10.1016/j.cclet.2013.09.004,13,aware_on_anchor_rows,60,100,1.5515500933186814
DES_ETA,4,9,10.1016/j.cclet.2013.09.004,13,explore_offset_q_aware,58,100,1.5515500933186814
DES_ETA,4,9,10.1016/j.fluid.2014.01.028,117,anchor,553,1140,1.266221194364711
DES_ETA,4,9,10.1016/j.fluid.2014.01.028,117,aware_on_anchor_rows,503,1140,1.5515500933186814
DES_ETA,4,9,10.1016/j.fluid.2014.01.028,117,explore_offset_q_aware,676,1140,1.5515500933186814
DES_ETA,4,9,10.1016/j.jcou.2022.102217,112,anchor,682,1090,1.266221194364711
DES_ETA,4,9,10.1016/j.jcou.2022.102217,112,aware_on_anchor_rows,49,1090,1.5515500933186814
DES_ETA,4,9,10.1016/j.jcou.2022.102217,112,explore_offset_q_aware,792,1090,1.5515500933186814
DES_ETA,4,9,10.1016/j.jiec.2022.04.015,35,anchor,202,320,1.266221194364711
DES_ETA,4,9,10.1016/j.jiec.2022.04.015,35,aware_on_anchor_rows,275,320,1.5515500933186814
DES_ETA,4,9,10.1016/j.jiec.2022.04.015,35,explore_offset_q_aware,259,320,1.5515500933186814
DES_ETA,4,9,10.1016/j.jtice.2015.12.020,48,anchor,409,450,1.266221194364711
DES_ETA,4,9,10.1016/j.jtice.2015.12.020,48,aware_on_anchor_rows,431,450,1.5515500933186814
DES_ETA,4,9,10.1016/j.jtice.2015.12.020,48,explore_offset_q_aware,435,450,1.5515500933186814
DES_ETA,4,9,10.1016/j.seppur.2020.116692,22,anchor,190,190,1.266221194364711
DES_ETA,4,9,10.1016/j.seppur.2020.116692,22,aware_on_anchor_rows,190,190,1.5515500933186814
DES_ETA,4,9,10.1016/j.seppur.2020.116692,22,explore_offset_q_aware,190,190,1.5515500933186814
DES_ETA,4,9,10.1021/acs.iecr.7b02478,28,anchor,82,250,1.266221194364711
DES_ETA,4,9,10.1021/acs.iecr.7b02478,28,aware_on_anchor_rows,126,250,1.5515500933186814
DES_ETA,4,9,10.1021/acs.iecr.7b02478,28,explore_offset_q_aware,90,250,1.5515500933186814
DES_ETA,4,9,10.1021/je5001796,72,anchor,469,690,1.266221194364711
DES_ETA,4,9,10.1021/je5001796,72,aware_on_anchor_rows,169,690,1.5515500933186814
DES_ETA,4,9,10.1021/je5001796,72,explore_offset_q_aware,538,690,1.5515500933186814
DES_ETA,4,9,10.1039/c2ra22990k,8,anchor,30,50,1.266221194364711
DES_ETA,4,9,10.1039/c2ra22990k,8,aware_on_anchor_rows,38,50,1.5515500933186814
DES_ETA,4,9,10.1039/c2ra22990k,8,explore_offset_q_aware,35,50,1.5515500933186814
