dataset,seed,fold,n_test_sources,n_train,n_leak_removed,method,coverage,width,q,n,n_cal,n_cal_sources
ES1,3,0,1,681,0,naive,1.0,0.6799368361156821,0.33996841805784106,96,681,
ES1,3,0,1,681,0,aware,1.0,1.177961132467427,0.5889805662337135,96,681,
ES1,3,0,1,681,0,anchor,1.0,1.0606820548948304,0.5303410274474152,930,5070,32.0
ES1,3,0,1,681,0,aware_on_anchor_rows,1.0,1.177961132467427,0.5889805662337135,930,681,
ES1,3,0,1,681,0,explore_offset_q_aware,1.0,1.177961132467427,0.5889805662337135,930,681,
ES1,3,1,4,701,0,naive,0.7631578947368421,0.6188545200712561,0.30942726003562804,76,701,
ES1,3,1,4,701,0,aware,1.0,1.1776400769412514,0.5888200384706257,76,701,
ES1,3,1,4,701,0,anchor,0.9984126984126984,0.9572042974689771,0.47860214873448853,630,5370,30.0
ES1,3,1,4,701,0,aware_on_anchor_rows,1.0,1.1776400769412514,0.5888200384706257,630,701,
ES1,3,1,4,701,0,explore_offset_q_aware,1.0,1.1776400769412514,0.5888200384706257,630,701,
ES1,3,2,6,701,0,naive,0.34210526315789475,0.555275498624658,0.277637749312329,76,701,
ES1,3,2,6,701,0,aware,0.8421052631578947,1.1991894455968293,0.5995947227984146,76,701,
ES1,3,2,6,701,0,anchor,0.6644067796610169,0.8738100107088504,0.4369050053544252,590,5410,30.0
ES1,3,2,6,701,0,aware_on_anchor_rows,0.8372881355932204,1.1991894455968293,0.5995947227984146,590,701,
ES1,3,2,6,701,0,explore_offset_q_aware,0.7728813559322034,1.1991894455968293,0.5995947227984146,590,701,
ES1,3,3,6,701,0,naive,0.631578947368421,0.5910330274763522,0.2955165137381761,76,701,
ES1,3,3,6,701,0,aware,0.7894736842105263,1.0437249535585287,0.5218624767792643,76,701,
ES1,3,3,6,701,0,anchor,0.8724137931034482,0.9259455858717199,0.46297279293585997,580,5420,30.0
ES1,3,3,6,701,0,aware_on_anchor_rows,0.8344827586206897,1.0437249535585287,0.5218624767792643,580,701,
ES1,3,3,6,701,0,explore_offset_q_aware,0.896551724137931,1.0437249535585287,0.5218624767792643,580,701,
ES1,3,4,6,701,0,naive,0.5394736842105263,0.5532914559967796,0.2766457279983898,76,701,
ES1,3,4,6,701,0,aware,0.75,1.0877491966380513,0.5438745983190256,76,701,
ES1,3,4,6,701,0,anchor,0.712280701754386,0.8631864397498656,0.4315932198749328,570,5430,30.0
ES1,3,4,6,701,0,aware_on_anchor_rows,0.6929824561403509,1.0877491966380513,0.5438745983190256,570,701,
ES1,3,4,6,701,0,explore_offset_q_aware,0.7964912280701755,1.0877491966380513,0.5438745983190256,570,701,
ES1,3,5,6,701,0,naive,0.5921052631578947,0.5684794933200403,0.28423974666002016,76,701,
ES1,3,5,6,701,0,aware,0.9342105263157895,1.1840872464544834,0.5920436232272417,76,701,
ES1,3,5,6,701,0,anchor,0.7509090909090909,0.8940415179756936,0.4470207589878468,550,5450,30.0
ES1,3,5,6,701,0,aware_on_anchor_rows,0.9418181818181818,1.1840872464544834,0.5920436232272417,550,701,
ES1,3,5,6,701,0,explore_offset_q_aware,0.8836363636363637,1.1840872464544834,0.5920436232272417,550,701,
ES1,3,6,7,701,0,naive,0.631578947368421,0.6551478557323858,0.3275739278661929,76,701,
ES1,3,6,7,701,0,aware,0.8026315789473685,1.1059780651941131,0.5529890325970566,76,701,
ES1,3,6,7,701,0,anchor,0.95,1.0029055697564693,0.5014527848782346,540,5460,29.0
ES1,3,6,7,701,0,aware_on_anchor_rows,0.7648148148148148,1.1059780651941131,0.5529890325970566,540,701,
ES1,3,6,7,701,0,explore_offset_q_aware,0.9685185185185186,1.1059780651941131,0.5529890325970566,540,701,
ES1,3,7,6,702,0,naive,0.6533333333333333,0.6317521237646249,0.31587606188231243,75,702,
ES1,3,7,6,702,0,aware,0.8533333333333334,1.088895830182362,0.544447915091181,75,702,
ES1,3,7,6,702,0,anchor,1.0,0.9572042974689772,0.4786021487344886,520,5480,29.0
ES1,3,7,6,702,0,aware_on_anchor_rows,0.8153846153846154,1.088895830182362,0.544447915091181,520,702,
ES1,3,7,6,702,0,explore_offset_q_aware,1.0,1.088895830182362,0.544447915091181,520,702,
ES1,3,8,6,702,0,naive,0.8133333333333334,0.6409700582364497,0.32048502911822485,75,702,
ES1,3,8,6,702,0,aware,0.9866666666666667,1.1853858738971974,0.5926929369485987,75,702,
ES1,3,8,6,702,0,anchor,0.9830188679245283,0.9676744565144864,0.4838372282572432,530,5470,29.0
ES1,3,8,6,702,0,aware_on_anchor_rows,0.9924528301886792,1.1853858738971974,0.5926929369485987,530,702,
ES1,3,8,6,702,0,explore_offset_q_aware,0.9943396226415094,1.1853858738971974,0.5926929369485987,530,702,
ES1,3,9,6,702,0,naive,0.5733333333333334,0.6050292220452809,0.30251461102264043,75,702,
ES1,3,9,6,702,0,aware,0.8933333333333333,1.1192151855625276,0.5596075927812638,75,702,
ES1,3,9,6,702,0,anchor,0.8928571428571429,0.9522504770298976,0.4761252385149488,560,5440,28.0
ES1,3,9,6,702,0,aware_on_anchor_rows,0.9357142857142857,1.1192151855625276,0.5596075927812638,560,702,
ES1,3,9,6,702,0,explore_offset_q_aware,0.9410714285714286,1.1192151855625276,0.5596075927812638,560,702,
