dataset,etype,seed,n_rows,n_injected,n_eval,note,flag_R1,tp_R1,flag_R1_y,tp_R1_y,flag_R1_T,tp_R1_T,flag_R2,tp_R2,flag_R2a,tp_R2a,flag_R2b,tp_R2b,flag_R3,tp_R3,flag_R4,tp_R4,flag_R12,tp_R12,flag_any,tp_any,designated,recall,precision,recall_any,precision_any,rmse_orig,rmse_inj,rmse_filt,rmse_filt_R12,msrc_orig,msrc_inj,msrc_filt,msrc_filt_R12,n_train_removed_any,n_train_removed_R12,sec
ES1,TEMP_K,0,777,39,738,ES1 TEMP_K = K written as degC,39,39,0,0,39,39,7,0,7,0,0,0,0,0,489,15,46,39,517,39,R12,1.0,0.8478260869565217,1.0,0.07543520309477757,0.32641965918990296,0.32898191261589643,0.3543202864054356,0.32458113852548637,0.3039197033704094,0.3048347683792939,0.30659582743698655,0.3021691702033067,517,46,19.4
ES1,TEMP_K,1,777,39,738,ES1 TEMP_K = K written as degC,39,39,0,0,39,39,7,0,7,0,0,0,0,0,488,15,46,39,516,39,R12,1.0,0.8478260869565217,1.0,0.0755813953488372,0.32676036098589367,0.3294928685102897,0.35090047774584543,0.3237573378466469,0.3040212956354413,0.3046147140945596,0.30433325792410265,0.3036523175843803,516,46,19.4
ES1,TEMP_K,2,777,39,738,ES1 TEMP_K = K written as degC,39,39,0,0,39,39,7,1,7,1,0,0,0,0,485,13,45,39,515,39,R12,1.0,0.8666666666666667,1.0,0.07572815533980583,0.3219999565547956,0.3232112536644958,0.34308699063667775,0.31873774003437977,0.30092926622316,0.3018224514640189,0.3018115887390677,0.29813538966100206,515,45,18.6
ES1,TEMP_K,3,777,39,738,ES1 TEMP_K = K written as degC,39,39,0,0,39,39,7,1,7,1,0,0,0,0,486,13,45,39,516,39,R12,1.0,0.8666666666666667,1.0,0.0755813953488372,0.323447225303801,0.32163079311452375,0.3468856188107834,0.3228726075343425,0.3018501882774689,0.3005575108171882,0.30289149711066865,0.3008544490291286,516,45,18.8
ES1,TEMP_K,4,777,39,738,ES1 TEMP_K = K written as degC,39,39,0,0,39,39,7,0,7,0,0,0,0,0,486,18,46,39,511,39,R12,1.0,0.8478260869565217,1.0,0.07632093933463796,0.3284931571321197,0.3272370104709044,0.3516634387076032,0.3291181054947955,0.3057916114350303,0.3054232640307774,0.3056088052123012,0.30823544651534535,511,46,19.0
ES1,TEMP_K,5,777,39,738,ES1 TEMP_K = K written as degC,39,39,0,0,39,39,7,0,7,0,0,0,0,0,487,16,46,39,514,39,R12,1.0,0.8478260869565217,1.0,0.07587548638132295,0.3242076110635581,0.32565975610693754,0.3479598300942,0.32455462204376817,0.30347849051658116,0.30204571732175267,0.3045893035807672,0.30448686533478936,514,46,19.3
ES1,TEMP_K,6,777,39,738,ES1 TEMP_K = K written as degC,39,39,0,0,39,39,7,1,7,1,0,0,0,0,492,19,45,39,515,39,R12,1.0,0.8666666666666667,1.0,0.07572815533980583,0.3269277386370891,0.32718395444002274,0.35487338950495895,0.3318828477167439,0.305102664645586,0.3047022051528414,0.3118932679229843,0.3118926798365909,515,45,19.2
ES1,TEMP_K,7,777,39,738,ES1 TEMP_K = K written as degC,39,39,0,0,39,39,7,0,7,0,0,0,0,0,489,20,46,39,512,39,R12,1.0,0.8478260869565217,1.0,0.076171875,0.3243427644499074,0.3255009920296516,0.3500134531086261,0.32606766725750863,0.30024652861510037,0.3018377480208885,0.30625375944773825,0.30189579108441017,512,46,19.9
ES1,TEMP_K,8,777,39,738,ES1 TEMP_K = K written as degC,39,39,0,0,39,39,7,0,7,0,0,0,0,0,487,17,46,39,513,39,R12,1.0,0.8478260869565217,1.0,0.07602339181286549,0.32702174327379563,0.3272342368866594,0.34954931243054194,0.3257430839740926,0.30465662349646755,0.30288787287326424,0.30390454562336416,0.3030382028522772,513,46,18.4
ES1,TEMP_K,9,777,39,738,ES1 TEMP_K = K written as degC,39,39,0,0,39,39,7,0,7,0,0,0,0,0,487,13,46,39,517,39,R12,1.0,0.8478260869565217,1.0,0.07543520309477757,0.3242407333711401,0.3234990089260184,0.35097415034338947,0.327056424644608,0.30211095877223,0.30221899522126305,0.3021718940284758,0.30368349353985813,517,46,19.4
