dataset,seed,source,n_rows,n_eval,n_flagged,rmse_all,rmse_unflagged
DES_ETA,0,10.1002/apj.1873,272,263,9,0.3419201187046779,0.3805013978883748
DES_ETA,0,10.1002/ceat.201600475,11,11,0,0.24132062665543288,0.29781292554465605
DES_ETA,0,10.1002/chem.200400127,4,4,0,0.6224193776239729,0.5286490861222863
DES_ETA,0,10.1002/cphc.200500489,6,6,0,0.744058455300997,0.5326699951014218
DES_ETA,0,10.1002/slct.201701223,16,15,1,0.6843791582928036,0.681220846744825
DES_ETA,0,10.1007/978-3-030-25135-2_4,3,2,1,0.9310577020056475,1.0737088095327334
DES_ETA,0,10.1016/j.arabjc.2021.103512,45,40,5,0.5197485453505802,0.31119667610902446
DES_ETA,0,10.1016/j.arabjc.2022.104469,11,0,11,,
DES_ETA,0,10.1016/j.cclet.2013.09.004,13,11,2,0.6617405119960043,0.6810199010790122
DES_ETA,0,10.1016/j.cej.2018.10.077,15,14,1,0.3763276768128517,0.35023696087293854
DES_ETA,0,10.1016/j.cej.2020.125173,4,0,4,,
DES_ETA,0,10.1016/j.cep.2015.04.001,14,13,1,0.7716118133612153,0.7325333346299638
DES_ETA,0,10.1016/j.chroma.2018.07.070,12,0,12,,
DES_ETA,0,10.1016/j.cjche.2020.07.004,19,0,19,,
DES_ETA,0,10.1016/j.crgsc.2022.100285,7,0,7,,
DES_ETA,0,10.1016/j.fluid.2014.01.028,117,71,46,0.6602404264521398,0.6739384788631327
DES_ETA,0,10.1016/j.fluid.2019.01.025,28,27,1,0.7708973668803796,0.9491827022297008
DES_ETA,0,10.1016/j.fluid.2021.113290,90,90,0,0.3568802777265231,0.565673258630195
DES_ETA,0,10.1016/j.foodchem.2018.09.048,6,0,6,,
DES_ETA,0,10.1016/j.foodchem.2019.125752,8,0,8,,
DES_ETA,0,10.1016/j.foodchem.2021.131930,63,63,0,0.18163920490238925,0.17383899101525685
DES_ETA,0,10.1016/j.foodchem.2022.133379,4,0,4,,
DES_ETA,0,10.1016/j.ijggc.2016.02.006,7,7,0,0.3413013911369874,0.2485852398088786
DES_ETA,0,10.1016/j.jclepro.2022.133589,1,1,0,0.1499381066571397,0.13917269902275287
DES_ETA,0,10.1016/j.jcou.2022.102217,112,13,99,0.9222233955696622,0.9031058968747188
DES_ETA,0,10.1016/j.jct.2013.05.041,20,20,0,0.13663967403683283,0.06518292783599183
DES_ETA,0,10.1016/j.jct.2018.12.017,43,43,0,0.5283348688569198,0.49611362375204987
DES_ETA,0,10.1016/j.jct.2019.105883,15,15,0,0.1642931822540982,0.17162083093935268
DES_ETA,0,10.1016/j.jct.2021.106713,66,66,0,0.5268028616691276,0.5335296212895699
DES_ETA,0,10.1016/j.jct.2022.106999,30,30,0,0.27486440464601586,0.35058338394603533
DES_ETA,0,10.1016/j.jhazmat.2021.127972,25,0,25,,
DES_ETA,0,10.1016/j.jhazmat.2022.129835,3,3,0,0.4606064183452483,0.4579802574252855
DES_ETA,0,10.1016/j.jiec.2022.04.015,35,33,2,0.5286209500106351,0.5759480896409521
DES_ETA,0,10.1016/j.jmgm.2022.108319,25,25,0,0.5858452576223546,0.5770144486564688
DES_ETA,0,10.1016/j.jobe.2021.103056,8,0,8,,
DES_ETA,0,10.1016/j.jpha.2021.03.002,16,0,16,,
DES_ETA,0,10.1016/j.jtice.2015.12.020,48,48,0,0.4192257352686485,0.37743677063272635
DES_ETA,0,10.1016/j.molliq.2012.11.025,4,4,0,0.5615599293410397,0.5602019955546287
DES_ETA,0,10.1016/j.molliq.2016.02.062,48,48,0,0.48437130590730937,0.4245664127742329
DES_ETA,0,10.1016/j.molliq.2016.07.039,35,33,2,0.3482861378523019,0.3322894203505247
DES_ETA,0,10.1016/j.molliq.2016.10.115,90,90,0,0.46350943970666725,0.44292529091938226
DES_ETA,0,10.1016/j.molliq.2017.05.084,57,57,0,0.38922439698239375,0.33489935072410654
DES_ETA,0,10.1016/j.molliq.2017.06.024,130,129,1,0.15656070020882648,0.1713598242701497
DES_ETA,0,10.1016/j.molliq.2017.09.091,118,118,0,0.8183545257312905,1.093474161961911
DES_ETA,0,10.1016/j.molliq.2020.113761,18,18,0,0.5596098921191022,0.4697852050023044
DES_ETA,0,10.1016/j.molliq.2021.118393,38,38,0,0.5225834299273565,0.4502947835280665
DES_ETA,0,10.1016/j.molliq.2022.119392,9,0,9,,
DES_ETA,0,10.1016/j.molliq.2022.119396,90,90,0,0.3688509668998866,0.5254150304428067
DES_ETA,0,10.1016/j.molliq.2022.119560,27,27,0,0.46950343792795735,0.3268349151669165
DES_ETA,0,10.1016/j.molliq.2022.120000,14,8,6,0.6132175947509304,0.4028621330577108
DES_ETA,0,10.1016/j.molliq.2022.120056,9,9,0,0.31832645017332767,0.2930601204948575
DES_ETA,0,10.1016/j.molliq.2022.120420,337,337,0,0.17419777933327868,0.17637068972941333
DES_ETA,0,10.1016/j.molliq.2022.120521,3,3,0,0.8908158724879667,0.9790503911686871
DES_ETA,0,10.1016/j.molliq.2022.120660,15,0,15,,
DES_ETA,0,10.1016/j.molliq.2023.121216,30,30,0,0.14331897349873712,0.12806282656747042
DES_ETA,0,10.1016/j.molliq.2023.121258,78,78,0,0.2871921855333505,0.2768314392657896
DES_ETA,0,10.1016/j.seppur.2019.115703,43,43,0,0.056009555255441046,0.21867214732347434
DES_ETA,0,10.1016/j.seppur.2020.116692,22,0,22,,
DES_ETA,0,10.1016/j.seppur.2020.117211,3,0,3,,
DES_ETA,0,10.1016/j.seppur.2023.123281,15,15,0,0.4187383400150277,0.42430127230551407
DES_ETA,0,10.1016/j.talanta.2022.124243,10,0,10,,
DES_ETA,0,10.1016/j.tca.2012.04.030,24,24,0,0.4166516077746953,0.41646640176958344
DES_ETA,0,10.1021/acs.iecr.7b02478,28,17,11,0.608652275199893,0.622044074553064
DES_ETA,0,10.1021/acs.jced.0c00386,40,40,0,0.123438747484866,0.0995924314285793
DES_ETA,0,10.1021/acs.jced.0c00579,1,0,1,,
DES_ETA,0,10.1021/acs.jced.0c00715,153,152,1,0.07333812227597307,0.07389390497941763
DES_ETA,0,10.1021/acs.jced.6b00486,23,21,2,0.8172546464259742,0.7728760504147132
DES_ETA,0,10.1021/acs.jced.6b00563,11,11,0,0.27143204871675014,0.39714638967841437
DES_ETA,0,10.1021/acs.jced.6b00680,65,65,0,0.4185136624878437,0.4553926720891322
DES_ETA,0,10.1021/acs.jced.7b00184,14,14,0,0.13325919311580325,0.16646264525236937
DES_ETA,0,10.1021/acs.jced.7b01037,90,59,31,0.7555946554340369,0.6530298786482308
DES_ETA,0,10.1021/acs.jced.9b00246,1,1,0,0.14591174942883445,0.10615114879463405
DES_ETA,0,10.1021/acs.jced.9b00247,1,1,0,0.0024136664459608603,0.005144409877599454
DES_ETA,0,10.1021/acs.jced.9b00248,1,1,0,0.019598247380817613,0.01722299260345528
DES_ETA,0,10.1021/acs.jced.9b00249,1,1,0,0.0540079096368864,0.012514767555599882
DES_ETA,0,10.1021/acs.jced.9b00250,1,1,0,0.026891204426785942,0.04764276629141784
DES_ETA,0,10.1021/acs.jced.9b00251,1,1,0,0.34427254892120196,0.2877885627748835
DES_ETA,0,10.1021/acs.jced.9b00252,1,1,0,0.14660825959068235,0.17011255442793982
DES_ETA,0,10.1021/acs.jced.9b00253,1,1,0,0.057147773996599094,0.10747153077477911
DES_ETA,0,10.1021/acs.jced.9b00254,1,1,0,0.004639068991500794,0.01137235871293818
DES_ETA,0,10.1021/acs.jced.9b00255,1,1,0,0.11195381576328378,0.08135280419201929
DES_ETA,0,10.1021/acs.jced.9b00256,1,1,0,0.06214621811289911,0.12189064410738792
DES_ETA,0,10.1021/acs.jced.9b00257,1,1,0,0.07518234552540104,0.07634955557772938
DES_ETA,0,10.1021/acs.jced.9b00258,1,1,0,0.12194268914122963,0.1315582725328226
DES_ETA,0,10.1021/acs.jced.9b00259,1,1,0,0.13687191939721544,0.1260232473269125
DES_ETA,0,10.1021/acs.jced.9b00260,1,1,0,0.18858732019727187,0.18717601595163558
DES_ETA,0,10.1021/acs.jpcb.0c03876,3,0,3,,
DES_ETA,0,10.1021/acssuschemeng.0c04215,7,7,0,0.5255896605914598,0.5595690071952607
DES_ETA,0,10.1021/acssuschemeng.1c01674,35,35,0,0.5828426045695939,0.5565568074451108
DES_ETA,0,10.1021/acssuschemeng.5b00532,104,104,0,0.403915837945157,0.4171751217061036
DES_ETA,0,10.1021/acssuschemeng.5b00619,15,15,0,0.46077202243868504,0.6370903698435512
DES_ETA,0,10.1021/acssuschemeng.7b04235,39,1,38,0.12575402356441157,0.15690863160163082
DES_ETA,0,10.1021/acssuschemeng.8b01203,187,21,166,0.12318231873171911,0.13114157745889454
DES_ETA,0,10.1021/acssuschemeng.8b02042,17,17,0,0.5977001515230376,0.5949990295813268
DES_ETA,0,10.1021/acssuschemeng.8b03520,17,11,6,0.25612712249876174,0.2270974159266451
DES_ETA,0,10.1021/acssuschemeng.8b04843,14,14,0,0.20410694913272787,0.18561282127577963
DES_ETA,0,10.1021/acssuschemeng.8b05072,26,26,0,0.31398368691946854,0.409127583434604
DES_ETA,0,10.1021/acssuschemeng.8b05548,2,2,0,0.04197952878475236,0.05108394562828445
DES_ETA,0,10.1021/acssuschemeng.9b02845,24,24,0,0.22902775158861904,0.1363361598100448
DES_ETA,0,10.1021/acssuschemeng.9b03245,21,21,0,0.5013715285880026,0.43976759079593764
DES_ETA,0,10.1021/je100104v,32,32,0,0.415508143754536,0.41229267076026055
DES_ETA,0,10.1021/je300997v,35,33,2,0.06495499588285694,0.06476778985023394
DES_ETA,0,10.1021/je5001796,72,62,10,0.8465417630667444,1.0495223613369693
DES_ETA,0,10.1021/sc500439w,62,62,0,0.26363283266581294,0.21987083343890024
DES_ETA,0,10.1039/c1ra00630d,18,16,2,0.4051544567017646,0.388819750223734
DES_ETA,0,10.1039/c2ra22990k,8,6,2,0.5296366061231199,0.48626514015082883
DES_ETA,0,10.1039/c6cc06105b,21,10,11,0.10567545731339548,0.08319683725950142
DES_ETA,0,10.1039/c6nj03140d,315,306,9,0.5132317817045907,0.4839864100667404
DES_ETA,0,10.1039/d0cp01431a,27,0,27,,
DES_ETA,0,10.1039/d0gc00793e,3,1,2,0.20120612102882052,0.3298377913173447
DES_ETA,0,10.1080/01496395.2016.1247864,4,0,4,,
DES_ETA,0,10.13140/rg.2.2.13424.10245,5,0,5,,
DES_ETA,0,10.3390/molecules26144208,286,286,0,0.17186647108382,0.17698914567356291
DES_ETA,0,http://pubs.acs.org/journal/acscii,1461,1193,268,0.3754080871381067,0.40750342028734954
DES_ETA,1,10.1002/apj.1873,272,263,9,0.33257705295273526,0.3622051436729869
DES_ETA,1,10.1002/ceat.201600475,11,11,0,0.24773142064463113,0.29029294685175155
DES_ETA,1,10.1002/chem.200400127,4,4,0,0.6138760359487839,0.5990579715891783
DES_ETA,1,10.1002/cphc.200500489,6,6,0,0.6829251010709215,0.5341597767832069
DES_ETA,1,10.1002/slct.201701223,16,15,1,0.6657502928541568,0.6818216246823218
DES_ETA,1,10.1007/978-3-030-25135-2_4,3,2,1,1.5141072111097167,1.079848187225791
DES_ETA,1,10.1016/j.arabjc.2021.103512,45,40,5,0.3978182119148275,0.32108516033367973
DES_ETA,1,10.1016/j.arabjc.2022.104469,11,0,11,,
DES_ETA,1,10.1016/j.cclet.2013.09.004,13,11,2,0.6995564391893699,0.6613560797208093
DES_ETA,1,10.1016/j.cej.2018.10.077,15,14,1,0.14416855050399327,0.3074637172445651
DES_ETA,1,10.1016/j.cej.2020.125173,4,0,4,,
DES_ETA,1,10.1016/j.cep.2015.04.001,14,13,1,0.7495599065393214,0.7218571190001549
DES_ETA,1,10.1016/j.chroma.2018.07.070,12,0,12,,
DES_ETA,1,10.1016/j.cjche.2020.07.004,19,0,19,,
DES_ETA,1,10.1016/j.crgsc.2022.100285,7,0,7,,
DES_ETA,1,10.1016/j.fluid.2014.01.028,117,71,46,0.5232854588797556,0.5191196726748095
DES_ETA,1,10.1016/j.fluid.2019.01.025,28,27,1,1.009584579018152,0.9017076467858661
DES_ETA,1,10.1016/j.fluid.2021.113290,90,90,0,0.4427448807235554,0.5893928480905347
DES_ETA,1,10.1016/j.foodchem.2018.09.048,6,0,6,,
DES_ETA,1,10.1016/j.foodchem.2019.125752,8,0,8,,
DES_ETA,1,10.1016/j.foodchem.2021.131930,63,63,0,0.19055791273230566,0.2003397800038887
DES_ETA,1,10.1016/j.foodchem.2022.133379,4,0,4,,
DES_ETA,1,10.1016/j.ijggc.2016.02.006,7,7,0,0.3078731515057156,0.25102133515162506
DES_ETA,1,10.1016/j.jclepro.2022.133589,1,1,0,0.14164305699463053,0.16875104590844003
DES_ETA,1,10.1016/j.jcou.2022.102217,112,13,99,0.9704650641392149,0.9223272595420733
DES_ETA,1,10.1016/j.jct.2013.05.041,20,20,0,0.15312075382380017,0.07642433494511602
DES_ETA,1,10.1016/j.jct.2018.12.017,43,43,0,0.540418773712808,0.46863251186628313
DES_ETA,1,10.1016/j.jct.2019.105883,15,15,0,0.09113831789337998,0.12323292276961881
DES_ETA,1,10.1016/j.jct.2021.106713,66,66,0,0.5007007688534661,0.5267978175479113
DES_ETA,1,10.1016/j.jct.2022.106999,30,30,0,0.2649325792020479,0.3531499655759455
DES_ETA,1,10.1016/j.jhazmat.2021.127972,25,0,25,,
DES_ETA,1,10.1016/j.jhazmat.2022.129835,3,3,0,0.424568564623718,0.4297848385496641
DES_ETA,1,10.1016/j.jiec.2022.04.015,35,33,2,0.6010650579504703,0.5785088036444413
DES_ETA,1,10.1016/j.jmgm.2022.108319,25,25,0,0.6202400253198777,0.6304860367583774
DES_ETA,1,10.1016/j.jobe.2021.103056,8,0,8,,
DES_ETA,1,10.1016/j.jpha.2021.03.002,16,0,16,,
DES_ETA,1,10.1016/j.jtice.2015.12.020,48,48,0,0.42534145947135954,0.3980627438667832
DES_ETA,1,10.1016/j.molliq.2012.11.025,4,4,0,0.48095159022045497,0.47642388057671753
DES_ETA,1,10.1016/j.molliq.2016.02.062,48,48,0,0.47923384826351206,0.4425375833183005
DES_ETA,1,10.1016/j.molliq.2016.07.039,35,33,2,0.33563135368647684,0.327163005335536
DES_ETA,1,10.1016/j.molliq.2016.10.115,90,90,0,0.42974484854265543,0.4072555274101542
DES_ETA,1,10.1016/j.molliq.2017.05.084,57,57,0,0.401493200001638,0.33389807565381635
DES_ETA,1,10.1016/j.molliq.2017.06.024,130,129,1,0.13468132360215831,0.1464821653450268
DES_ETA,1,10.1016/j.molliq.2017.09.091,118,118,0,0.8997566637823645,1.1445615253205883
DES_ETA,1,10.1016/j.molliq.2020.113761,18,18,0,0.5269889427282511,0.42654110281652824
DES_ETA,1,10.1016/j.molliq.2021.118393,38,38,0,0.5176553958708847,0.46391498414236704
DES_ETA,1,10.1016/j.molliq.2022.119392,9,0,9,,
DES_ETA,1,10.1016/j.molliq.2022.119396,90,90,0,0.3485498192117874,0.5756061593345755
DES_ETA,1,10.1016/j.molliq.2022.119560,27,27,0,0.47801656363269157,0.3258647246631173
DES_ETA,1,10.1016/j.molliq.2022.120000,14,8,6,0.5858998909377259,0.39133747505660826
DES_ETA,1,10.1016/j.molliq.2022.120056,9,9,0,0.08711212907970295,0.3037520545044572
DES_ETA,1,10.1016/j.molliq.2022.120420,337,337,0,0.1695934715146326,0.1855053701333437
DES_ETA,1,10.1016/j.molliq.2022.120521,3,3,0,1.0818414288053584,0.9244448879289061
DES_ETA,1,10.1016/j.molliq.2022.120660,15,0,15,,
DES_ETA,1,10.1016/j.molliq.2023.121216,30,30,0,0.16605204970852747,0.14941524802364115
DES_ETA,1,10.1016/j.molliq.2023.121258,78,78,0,0.2699353522176841,0.2808190179181267
DES_ETA,1,10.1016/j.seppur.2019.115703,43,43,0,0.05671977659687656,0.17551352619595126
DES_ETA,1,10.1016/j.seppur.2020.116692,22,0,22,,
DES_ETA,1,10.1016/j.seppur.2020.117211,3,0,3,,
DES_ETA,1,10.1016/j.seppur.2023.123281,15,15,0,0.385189742805139,0.35072283597340265
DES_ETA,1,10.1016/j.talanta.2022.124243,10,0,10,,
DES_ETA,1,10.1016/j.tca.2012.04.030,24,24,0,0.5459582932548199,0.5345386341120095
DES_ETA,1,10.1021/acs.iecr.7b02478,28,17,11,0.6363614906109831,0.6457875838846772
DES_ETA,1,10.1021/acs.jced.0c00386,40,40,0,0.11392449051581953,0.09843195481807096
DES_ETA,1,10.1021/acs.jced.0c00579,1,0,1,,
DES_ETA,1,10.1021/acs.jced.0c00715,153,152,1,0.0663812105017299,0.06774127573074686
DES_ETA,1,10.1021/acs.jced.6b00486,23,21,2,0.8069273195838561,0.6843205338609516
DES_ETA,1,10.1021/acs.jced.6b00563,11,11,0,0.2692076856062906,0.37014761361820664
DES_ETA,1,10.1021/acs.jced.6b00680,65,65,0,0.43609182629792403,0.47951905958561025
DES_ETA,1,10.1021/acs.jced.7b00184,14,14,0,0.1310449218559337,0.16016033738321303
DES_ETA,1,10.1021/acs.jced.7b01037,90,59,31,0.8480836249984294,0.6844942902024602
DES_ETA,1,10.1021/acs.jced.9b00246,1,1,0,0.15834343253383465,0.1216359324953018
DES_ETA,1,10.1021/acs.jced.9b00247,1,1,0,0.0168207230786932,0.058773717440670614
DES_ETA,1,10.1021/acs.jced.9b00248,1,1,0,0.04023930509133056,0.014215607081463633
DES_ETA,1,10.1021/acs.jced.9b00249,1,1,0,0.026227121542859555,0.009277440184143781
DES_ETA,1,10.1021/acs.jced.9b00250,1,1,0,0.04027340236686361,0.01722924503427592
DES_ETA,1,10.1021/acs.jced.9b00251,1,1,0,0.3808771720787605,0.3273982368262527
DES_ETA,1,10.1021/acs.jced.9b00252,1,1,0,0.1707706668454576,0.18340028738732572
DES_ETA,1,10.1021/acs.jced.9b00253,1,1,0,0.06174309156015512,0.0945369928551234
DES_ETA,1,10.1021/acs.jced.9b00254,1,1,0,0.01626585584844875,0.007144260169478445
DES_ETA,1,10.1021/acs.jced.9b00255,1,1,0,0.10403374463572646,0.08190450353161727
DES_ETA,1,10.1021/acs.jced.9b00256,1,1,0,0.04313038600581098,0.027113542586906014
DES_ETA,1,10.1021/acs.jced.9b00257,1,1,0,0.09130818905833249,0.11165672417944505
DES_ETA,1,10.1021/acs.jced.9b00258,1,1,0,0.0709004336215795,0.10835805380232277
DES_ETA,1,10.1021/acs.jced.9b00259,1,1,0,0.13118300433891328,0.12034860999863373
DES_ETA,1,10.1021/acs.jced.9b00260,1,1,0,0.22062240601258298,0.20408188114818682
DES_ETA,1,10.1021/acs.jpcb.0c03876,3,0,3,,
DES_ETA,1,10.1021/acssuschemeng.0c04215,7,7,0,0.5693738559692861,0.5758725836163756
DES_ETA,1,10.1021/acssuschemeng.1c01674,35,35,0,0.5508437147213853,0.45563188988534836
DES_ETA,1,10.1021/acssuschemeng.5b00532,104,104,0,0.41224672459440664,0.40051867361212257
DES_ETA,1,10.1021/acssuschemeng.5b00619,15,15,0,0.48587286154342757,0.6373810330274738
DES_ETA,1,10.1021/acssuschemeng.7b04235,39,1,38,0.11852820702975031,0.16717505293293988
DES_ETA,1,10.1021/acssuschemeng.8b01203,187,21,166,0.12079677376390982,0.1499619290499351
DES_ETA,1,10.1021/acssuschemeng.8b02042,17,17,0,0.7809532459860944,0.762165260362196
DES_ETA,1,10.1021/acssuschemeng.8b03520,17,11,6,0.2684660180410918,0.29038555630234647
DES_ETA,1,10.1021/acssuschemeng.8b04843,14,14,0,0.19959194803072816,0.20245597508654967
DES_ETA,1,10.1021/acssuschemeng.8b05072,26,26,0,0.32031915943723865,0.4497425070346617
DES_ETA,1,10.1021/acssuschemeng.8b05548,2,2,0,0.04285088929042511,0.13230652221353986
DES_ETA,1,10.1021/acssuschemeng.9b02845,24,24,0,0.3171146722020287,0.2160563272385565
DES_ETA,1,10.1021/acssuschemeng.9b03245,21,21,0,0.5014419931976097,0.42862508354690493
DES_ETA,1,10.1021/je100104v,32,32,0,0.39901422483969706,0.4136658189592349
DES_ETA,1,10.1021/je300997v,35,33,2,0.07437205167356685,0.07640151971728061
DES_ETA,1,10.1021/je5001796,72,62,10,0.6872829822943034,0.7064441881277685
DES_ETA,1,10.1021/sc500439w,62,62,0,0.2725267043092324,0.2230818156949993
DES_ETA,1,10.1039/c1ra00630d,18,16,2,0.41427801470877473,0.3914010949265732
DES_ETA,1,10.1039/c2ra22990k,8,6,2,0.36187565390906207,0.4423207474868415
DES_ETA,1,10.1039/c6cc06105b,21,10,11,0.10047824908803937,0.08130751467823863
DES_ETA,1,10.1039/c6nj03140d,315,306,9,0.5038202040965185,0.47395514012006845
DES_ETA,1,10.1039/d0cp01431a,27,0,27,,
DES_ETA,1,10.1039/d0gc00793e,3,1,2,0.341922009240351,0.39014577991154
DES_ETA,1,10.1080/01496395.2016.1247864,4,0,4,,
DES_ETA,1,10.13140/rg.2.2.13424.10245,5,0,5,,
DES_ETA,1,10.3390/molecules26144208,286,286,0,0.1728937045696674,0.1820604455843326
DES_ETA,1,http://pubs.acs.org/journal/acscii,1461,1193,268,0.3678476750325883,0.4080372912875294
DES_ETA,2,10.1002/apj.1873,272,263,9,0.3532172605177125,0.3773747924509311
DES_ETA,2,10.1002/ceat.201600475,11,11,0,0.23749369556502806,0.30892823597271507
DES_ETA,2,10.1002/chem.200400127,4,4,0,0.6262314626875564,0.5416326115882802
DES_ETA,2,10.1002/cphc.200500489,6,6,0,0.5964280049271898,0.5207703523294618
DES_ETA,2,10.1002/slct.201701223,16,15,1,0.6862191983257637,0.6760428958215624
DES_ETA,2,10.1007/978-3-030-25135-2_4,3,2,1,0.9624740163124272,1.1008432151175347
DES_ETA,2,10.1016/j.arabjc.2021.103512,45,40,5,0.3450935708232794,0.3112978670216499
DES_ETA,2,10.1016/j.arabjc.2022.104469,11,0,11,,
DES_ETA,2,10.1016/j.cclet.2013.09.004,13,11,2,0.6564372899858788,0.6472754158046357
DES_ETA,2,10.1016/j.cej.2018.10.077,15,14,1,0.19063550038036803,0.3139205616468365
DES_ETA,2,10.1016/j.cej.2020.125173,4,0,4,,
DES_ETA,2,10.1016/j.cep.2015.04.001,14,13,1,0.7836176916484242,0.478357324497973
DES_ETA,2,10.1016/j.chroma.2018.07.070,12,0,12,,
DES_ETA,2,10.1016/j.cjche.2020.07.004,19,0,19,,
DES_ETA,2,10.1016/j.crgsc.2022.100285,7,0,7,,
DES_ETA,2,10.1016/j.fluid.2014.01.028,117,71,46,0.6573856919213844,0.6437485013332128
DES_ETA,2,10.1016/j.fluid.2019.01.025,28,27,1,0.6013451940578386,0.7792804480935096
DES_ETA,2,10.1016/j.fluid.2021.113290,90,90,0,0.4226172127482146,0.5622600128389199
DES_ETA,2,10.1016/j.foodchem.2018.09.048,6,0,6,,
DES_ETA,2,10.1016/j.foodchem.2019.125752,8,0,8,,
DES_ETA,2,10.1016/j.foodchem.2021.131930,63,63,0,0.20272827869603027,0.1930985776307197
DES_ETA,2,10.1016/j.foodchem.2022.133379,4,0,4,,
DES_ETA,2,10.1016/j.ijggc.2016.02.006,7,7,0,0.36592709010891783,0.21573147901459064
DES_ETA,2,10.1016/j.jclepro.2022.133589,1,1,0,0.22407442096132746,0.21667241704289175
DES_ETA,2,10.1016/j.jcou.2022.102217,112,13,99,0.9363465727684216,0.8823869034705597
DES_ETA,2,10.1016/j.jct.2013.05.041,20,20,0,0.13165174397005489,0.06629059797681582
DES_ETA,2,10.1016/j.jct.2018.12.017,43,43,0,0.5553178569287844,0.4993652251675974
DES_ETA,2,10.1016/j.jct.2019.105883,15,15,0,0.19163961602949514,0.14699588123885707
DES_ETA,2,10.1016/j.jct.2021.106713,66,66,0,0.4847025228396648,0.5039281661371575
DES_ETA,2,10.1016/j.jct.2022.106999,30,30,0,0.26228998856789854,0.35527765056360466
DES_ETA,2,10.1016/j.jhazmat.2021.127972,25,0,25,,
DES_ETA,2,10.1016/j.jhazmat.2022.129835,3,3,0,0.4603890510361732,0.4306764360525997
DES_ETA,2,10.1016/j.jiec.2022.04.015,35,33,2,0.561081334854955,0.6229825068936388
DES_ETA,2,10.1016/j.jmgm.2022.108319,25,25,0,0.5315634351584824,0.5813892473807574
DES_ETA,2,10.1016/j.jobe.2021.103056,8,0,8,,
DES_ETA,2,10.1016/j.jpha.2021.03.002,16,0,16,,
DES_ETA,2,10.1016/j.jtice.2015.12.020,48,48,0,0.3833859927109943,0.3425798761207865
DES_ETA,2,10.1016/j.molliq.2012.11.025,4,4,0,0.4554093077732816,0.45697810389263727
DES_ETA,2,10.1016/j.molliq.2016.02.062,48,48,0,0.5165200443560365,0.48682893335291955
DES_ETA,2,10.1016/j.molliq.2016.07.039,35,33,2,0.32386418218018226,0.3102645640479576
DES_ETA,2,10.1016/j.molliq.2016.10.115,90,90,0,0.4130270491658747,0.4121119302024989
DES_ETA,2,10.1016/j.molliq.2017.05.084,57,57,0,0.3558759691069934,0.3498769348921286
DES_ETA,2,10.1016/j.molliq.2017.06.024,130,129,1,0.15610304484521634,0.16759953454055898
DES_ETA,2,10.1016/j.molliq.2017.09.091,118,118,0,0.7710344833590923,0.9836764663268622
DES_ETA,2,10.1016/j.molliq.2020.113761,18,18,0,0.5310626877899033,0.46959046852826536
DES_ETA,2,10.1016/j.molliq.2021.118393,38,38,0,0.49537366920200165,0.4702295012747331
DES_ETA,2,10.1016/j.molliq.2022.119392,9,0,9,,
DES_ETA,2,10.1016/j.molliq.2022.119396,90,90,0,0.4010735733813203,0.5095971041080676
DES_ETA,2,10.1016/j.molliq.2022.119560,27,27,0,0.44355785749569016,0.29064968617582404
DES_ETA,2,10.1016/j.molliq.2022.120000,14,8,6,0.5629075295910735,0.3951637042326245
DES_ETA,2,10.1016/j.molliq.2022.120056,9,9,0,0.06774177981346383,0.3274590864051596
DES_ETA,2,10.1016/j.molliq.2022.120420,337,337,0,0.16662687019767242,0.1844039282083377
DES_ETA,2,10.1016/j.molliq.2022.120521,3,3,0,1.0567108255665458,1.0412677468978244
DES_ETA,2,10.1016/j.molliq.2022.120660,15,0,15,,
DES_ETA,2,10.1016/j.molliq.2023.121216,30,30,0,0.1635911667250462,0.14989429926838388
DES_ETA,2,10.1016/j.molliq.2023.121258,78,78,0,0.24151670761564845,0.25949855062681043
DES_ETA,2,10.1016/j.seppur.2019.115703,43,43,0,0.05323256796246853,0.1993893058376364
DES_ETA,2,10.1016/j.seppur.2020.116692,22,0,22,,
DES_ETA,2,10.1016/j.seppur.2020.117211,3,0,3,,
DES_ETA,2,10.1016/j.seppur.2023.123281,15,15,0,0.42817209838672843,0.4263457464496433
DES_ETA,2,10.1016/j.talanta.2022.124243,10,0,10,,
DES_ETA,2,10.1016/j.tca.2012.04.030,24,24,0,0.5471492436281356,0.5444705039293379
DES_ETA,2,10.1021/acs.iecr.7b02478,28,17,11,0.6246755590506965,0.6205482399110814
DES_ETA,2,10.1021/acs.jced.0c00386,40,40,0,0.10483069834177594,0.09550993909303802
DES_ETA,2,10.1021/acs.jced.0c00579,1,0,1,,
DES_ETA,2,10.1021/acs.jced.0c00715,153,152,1,0.06636727805104241,0.06944416519950387
DES_ETA,2,10.1021/acs.jced.6b00486,23,21,2,0.7919585567741249,0.7019799856579626
DES_ETA,2,10.1021/acs.jced.6b00563,11,11,0,0.26265637131413555,0.38669967524273163
DES_ETA,2,10.1021/acs.jced.6b00680,65,65,0,0.41723501508676,0.4916346549172573
DES_ETA,2,10.1021/acs.jced.7b00184,14,14,0,0.13125692072254533,0.15566997076931904
DES_ETA,2,10.1021/acs.jced.7b01037,90,59,31,0.6964273532066053,0.6328485917719097
DES_ETA,2,10.1021/acs.jced.9b00246,1,1,0,0.1230855098856134,0.0997106351058612
DES_ETA,2,10.1021/acs.jced.9b00247,1,1,0,0.0072116228221359435,0.06280280255105897
DES_ETA,2,10.1021/acs.jced.9b00248,1,1,0,0.006189111046568163,0.020936692330768558
DES_ETA,2,10.1021/acs.jced.9b00249,1,1,0,0.012554622701170803,0.011659078969271652
DES_ETA,2,10.1021/acs.jced.9b00250,1,1,0,0.06374891294549401,0.06321688182238128
DES_ETA,2,10.1021/acs.jced.9b00251,1,1,0,0.401840253066456,0.30896350824576646
DES_ETA,2,10.1021/acs.jced.9b00252,1,1,0,0.15846164248496897,0.17241017853458906
DES_ETA,2,10.1021/acs.jced.9b00253,1,1,0,0.06931802021192102,0.06880597274524747
DES_ETA,2,10.1021/acs.jced.9b00254,1,1,0,0.012247844899811344,0.033289066706498005
DES_ETA,2,10.1021/acs.jced.9b00255,1,1,0,0.08607963328809021,0.07119922995146766
DES_ETA,2,10.1021/acs.jced.9b00256,1,1,0,0.028235056536805248,0.04778811831409335
DES_ETA,2,10.1021/acs.jced.9b00257,1,1,0,0.09744541855718514,0.07358241829294876
DES_ETA,2,10.1021/acs.jced.9b00258,1,1,0,0.08374765217844504,0.06970078663524037
DES_ETA,2,10.1021/acs.jced.9b00259,1,1,0,0.1531643332345083,0.12972138779974185
DES_ETA,2,10.1021/acs.jced.9b00260,1,1,0,0.19188836113431074,0.19358037025875974
DES_ETA,2,10.1021/acs.jpcb.0c03876,3,0,3,,
DES_ETA,2,10.1021/acssuschemeng.0c04215,7,7,0,0.5127586304913243,0.5585416236437207
DES_ETA,2,10.1021/acssuschemeng.1c01674,35,35,0,0.5247572513823382,0.4694022531661394
DES_ETA,2,10.1021/acssuschemeng.5b00532,104,104,0,0.4294924141633275,0.39929909949799186
DES_ETA,2,10.1021/acssuschemeng.5b00619,15,15,0,0.43335127479833885,0.6432488654014801
DES_ETA,2,10.1021/acssuschemeng.7b04235,39,1,38,0.1264682398545378,0.15005830072848259
DES_ETA,2,10.1021/acssuschemeng.8b01203,187,21,166,0.1068810016139006,0.13439200341419097
DES_ETA,2,10.1021/acssuschemeng.8b02042,17,17,0,0.7870737563653234,0.7664954664171497
DES_ETA,2,10.1021/acssuschemeng.8b03520,17,11,6,0.2763997131528832,0.27346558061202586
DES_ETA,2,10.1021/acssuschemeng.8b04843,14,14,0,0.17295721320048071,0.15606173056573044
DES_ETA,2,10.1021/acssuschemeng.8b05072,26,26,0,0.2995858247867708,0.41021655186601347
DES_ETA,2,10.1021/acssuschemeng.8b05548,2,2,0,0.04736384088584925,0.11511722550849857
DES_ETA,2,10.1021/acssuschemeng.9b02845,24,24,0,0.281288773062597,0.20994695225907875
DES_ETA,2,10.1021/acssuschemeng.9b03245,21,21,0,0.5089876572745379,0.4464229801037914
DES_ETA,2,10.1021/je100104v,32,32,0,0.4158798637001251,0.4183135965538758
DES_ETA,2,10.1021/je300997v,35,33,2,0.0725712128909403,0.08129083674555707
DES_ETA,2,10.1021/je5001796,72,62,10,1.020820578617605,1.210352140854485
DES_ETA,2,10.1021/sc500439w,62,62,0,0.268597042484491,0.23010839786979814
DES_ETA,2,10.1039/c1ra00630d,18,16,2,0.39792715344840895,0.40164867290720624
DES_ETA,2,10.1039/c2ra22990k,8,6,2,0.43263916846541556,0.45405918713110227
DES_ETA,2,10.1039/c6cc06105b,21,10,11,0.09407683736828892,0.06506341853390907
DES_ETA,2,10.1039/c6nj03140d,315,306,9,0.5050789707386174,0.47444714925796705
DES_ETA,2,10.1039/d0cp01431a,27,0,27,,
DES_ETA,2,10.1039/d0gc00793e,3,1,2,0.15050596268740724,0.3424715466861896
DES_ETA,2,10.1080/01496395.2016.1247864,4,0,4,,
DES_ETA,2,10.13140/rg.2.2.13424.10245,5,0,5,,
DES_ETA,2,10.3390/molecules26144208,286,286,0,0.17994698570983955,0.18013188667862234
DES_ETA,2,http://pubs.acs.org/journal/acscii,1461,1193,268,0.3683515940337629,0.40151744400252115
DES_ETA,3,10.1002/apj.1873,272,263,9,0.3282311896093944,0.3792109310501551
DES_ETA,3,10.1002/ceat.201600475,11,11,0,0.28477392944459073,0.28603934616291216
DES_ETA,3,10.1002/chem.200400127,4,4,0,0.5749025156543146,0.6118127756710218
DES_ETA,3,10.1002/cphc.200500489,6,6,0,0.6409402744028212,0.5376647513413926
DES_ETA,3,10.1002/slct.201701223,16,15,1,0.6804633147958029,0.6884930704189706
DES_ETA,3,10.1007/978-3-030-25135-2_4,3,2,1,1.5912392356004483,1.0773774214397909
DES_ETA,3,10.1016/j.arabjc.2021.103512,45,40,5,0.37110239677510737,0.3102913839455574
DES_ETA,3,10.1016/j.arabjc.2022.104469,11,0,11,,
DES_ETA,3,10.1016/j.cclet.2013.09.004,13,11,2,0.6593966388619549,0.7097059856750287
DES_ETA,3,10.1016/j.cej.2018.10.077,15,14,1,0.22881073039128144,0.3254244147066084
DES_ETA,3,10.1016/j.cej.2020.125173,4,0,4,,
DES_ETA,3,10.1016/j.cep.2015.04.001,14,13,1,0.8138739311651298,0.7463507200104432
DES_ETA,3,10.1016/j.chroma.2018.07.070,12,0,12,,
DES_ETA,3,10.1016/j.cjche.2020.07.004,19,0,19,,
DES_ETA,3,10.1016/j.crgsc.2022.100285,7,0,7,,
DES_ETA,3,10.1016/j.fluid.2014.01.028,117,71,46,0.5355496124367817,0.5234399148019104
DES_ETA,3,10.1016/j.fluid.2019.01.025,28,27,1,0.6989542670951381,0.958541690880354
DES_ETA,3,10.1016/j.fluid.2021.113290,90,90,0,0.4091963525509785,0.5848791592708803
DES_ETA,3,10.1016/j.foodchem.2018.09.048,6,0,6,,
DES_ETA,3,10.1016/j.foodchem.2019.125752,8,0,8,,
DES_ETA,3,10.1016/j.foodchem.2021.131930,63,63,0,0.1796411049124156,0.1812938306893192
DES_ETA,3,10.1016/j.foodchem.2022.133379,4,0,4,,
DES_ETA,3,10.1016/j.ijggc.2016.02.006,7,7,0,0.2845821921858816,0.2267974441201329
DES_ETA,3,10.1016/j.jclepro.2022.133589,1,1,0,0.14078527573031607,0.15359515807091606
DES_ETA,3,10.1016/j.jcou.2022.102217,112,13,99,0.9206809222958633,0.9483861423296184
DES_ETA,3,10.1016/j.jct.2013.05.041,20,20,0,0.14616975702845408,0.060599175855765214
DES_ETA,3,10.1016/j.jct.2018.12.017,43,43,0,0.5663805170612273,0.48112719692143435
DES_ETA,3,10.1016/j.jct.2019.105883,15,15,0,0.18394415896604352,0.14857028719764032
DES_ETA,3,10.1016/j.jct.2021.106713,66,66,0,0.5134362368602056,0.5376004302686275
DES_ETA,3,10.1016/j.jct.2022.106999,30,30,0,0.28605771050257567,0.34654174534588217
DES_ETA,3,10.1016/j.jhazmat.2021.127972,25,0,25,,
DES_ETA,3,10.1016/j.jhazmat.2022.129835,3,3,0,0.42133807600973117,0.4586455165975646
DES_ETA,3,10.1016/j.jiec.2022.04.015,35,33,2,0.533467451769996,0.5231878852825861
DES_ETA,3,10.1016/j.jmgm.2022.108319,25,25,0,0.562005334522961,0.6756464868958973
DES_ETA,3,10.1016/j.jobe.2021.103056,8,0,8,,
DES_ETA,3,10.1016/j.jpha.2021.03.002,16,0,16,,
DES_ETA,3,10.1016/j.jtice.2015.12.020,48,48,0,0.39252152887744296,0.32996136196907283
DES_ETA,3,10.1016/j.molliq.2012.11.025,4,4,0,0.5584321517819832,0.5556611733317138
DES_ETA,3,10.1016/j.molliq.2016.02.062,48,48,0,0.4813144600023068,0.45508979886504064
DES_ETA,3,10.1016/j.molliq.2016.07.039,35,33,2,0.34011474797855595,0.311390869792821
DES_ETA,3,10.1016/j.molliq.2016.10.115,90,90,0,0.4421810175045026,0.4413982885738243
DES_ETA,3,10.1016/j.molliq.2017.05.084,57,57,0,0.4210886950834617,0.3414530315174609
DES_ETA,3,10.1016/j.molliq.2017.06.024,130,129,1,0.1323660597200848,0.15168378225250514
DES_ETA,3,10.1016/j.molliq.2017.09.091,118,118,0,0.796272963974148,1.1507792320269494
DES_ETA,3,10.1016/j.molliq.2020.113761,18,18,0,0.5640546870698602,0.4870916253646674
DES_ETA,3,10.1016/j.molliq.2021.118393,38,38,0,0.47133122041712855,0.4548254763470218
DES_ETA,3,10.1016/j.molliq.2022.119392,9,0,9,,
DES_ETA,3,10.1016/j.molliq.2022.119396,90,90,0,0.4011902114402707,0.5569822797027044
DES_ETA,3,10.1016/j.molliq.2022.119560,27,27,0,0.3794211796244654,0.36135603190785326
DES_ETA,3,10.1016/j.molliq.2022.120000,14,8,6,0.5867050000861532,0.5434136643009342
DES_ETA,3,10.1016/j.molliq.2022.120056,9,9,0,0.29350179070403837,0.23949636805378288
DES_ETA,3,10.1016/j.molliq.2022.120420,337,337,0,0.16913624715487602,0.18335020609202907
DES_ETA,3,10.1016/j.molliq.2022.120521,3,3,0,1.07502837327702,1.0067547119682614
DES_ETA,3,10.1016/j.molliq.2022.120660,15,0,15,,
DES_ETA,3,10.1016/j.molliq.2023.121216,30,30,0,0.15269143462747706,0.17532850784373577
DES_ETA,3,10.1016/j.molliq.2023.121258,78,78,0,0.22613104126356873,0.2504106491540281
DES_ETA,3,10.1016/j.seppur.2019.115703,43,43,0,0.05261591337896323,0.24467281081974177
DES_ETA,3,10.1016/j.seppur.2020.116692,22,0,22,,
DES_ETA,3,10.1016/j.seppur.2020.117211,3,0,3,,
DES_ETA,3,10.1016/j.seppur.2023.123281,15,15,0,0.3628061666902391,0.3728360690225733
DES_ETA,3,10.1016/j.talanta.2022.124243,10,0,10,,
DES_ETA,3,10.1016/j.tca.2012.04.030,24,24,0,0.41803983294561226,0.4225381066205181
DES_ETA,3,10.1021/acs.iecr.7b02478,28,17,11,0.6207972321686166,0.6243366791856481
DES_ETA,3,10.1021/acs.jced.0c00386,40,40,0,0.1344827368293285,0.0905635944461749
DES_ETA,3,10.1021/acs.jced.0c00579,1,0,1,,
DES_ETA,3,10.1021/acs.jced.0c00715,153,152,1,0.07322507835669825,0.07597412700196671
DES_ETA,3,10.1021/acs.jced.6b00486,23,21,2,0.8255816741865041,0.754499872836103
DES_ETA,3,10.1021/acs.jced.6b00563,11,11,0,0.2563813712934275,0.37921786820933184
DES_ETA,3,10.1021/acs.jced.6b00680,65,65,0,0.4398285059408024,0.4863589069304336
DES_ETA,3,10.1021/acs.jced.7b00184,14,14,0,0.1363311065404236,0.17450874954124193
DES_ETA,3,10.1021/acs.jced.7b01037,90,59,31,0.734352955386449,0.659068272317515
DES_ETA,3,10.1021/acs.jced.9b00246,1,1,0,0.12919406152108093,0.08073260244359437
DES_ETA,3,10.1021/acs.jced.9b00247,1,1,0,0.02579633533212733,0.012969133459207471
DES_ETA,3,10.1021/acs.jced.9b00248,1,1,0,0.05240727047864513,0.014969692824578162
DES_ETA,3,10.1021/acs.jced.9b00249,1,1,0,0.036230097401708905,0.00021762284529858178
DES_ETA,3,10.1021/acs.jced.9b00250,1,1,0,0.09590372867402008,0.09255316181461204
DES_ETA,3,10.1021/acs.jced.9b00251,1,1,0,0.3629245180611558,0.3247341232708012
DES_ETA,3,10.1021/acs.jced.9b00252,1,1,0,0.19132659302821664,0.19968899284478048
DES_ETA,3,10.1021/acs.jced.9b00253,1,1,0,0.04340360913371133,0.06636751716649814
DES_ETA,3,10.1021/acs.jced.9b00254,1,1,0,0.009900105868532849,0.005579095326031069
DES_ETA,3,10.1021/acs.jced.9b00255,1,1,0,0.10353048606222681,0.0866652449881089
DES_ETA,3,10.1021/acs.jced.9b00256,1,1,0,0.04612126698451813,0.008462552441971471
DES_ETA,3,10.1021/acs.jced.9b00257,1,1,0,0.12518238123671455,0.08123542332252343
DES_ETA,3,10.1021/acs.jced.9b00258,1,1,0,0.13400186230205957,0.14460322971409378
DES_ETA,3,10.1021/acs.jced.9b00259,1,1,0,0.1390866248540905,0.14257992710590806
DES_ETA,3,10.1021/acs.jced.9b00260,1,1,0,0.20771615141058275,0.19237312517166139
DES_ETA,3,10.1021/acs.jpcb.0c03876,3,0,3,,
DES_ETA,3,10.1021/acssuschemeng.0c04215,7,7,0,0.5272238026801377,0.5777293014791113
DES_ETA,3,10.1021/acssuschemeng.1c01674,35,35,0,0.5626192801853777,0.5190091962672378
DES_ETA,3,10.1021/acssuschemeng.5b00532,104,104,0,0.4204651942551112,0.38617270659599784
DES_ETA,3,10.1021/acssuschemeng.5b00619,15,15,0,0.44245002027116587,0.6531879932969948
DES_ETA,3,10.1021/acssuschemeng.7b04235,39,1,38,0.13147859173877263,0.13633346531965407
DES_ETA,3,10.1021/acssuschemeng.8b01203,187,21,166,0.1270620310577646,0.15351810704557264
DES_ETA,3,10.1021/acssuschemeng.8b02042,17,17,0,0.5967670052445474,0.5995186307921071
DES_ETA,3,10.1021/acssuschemeng.8b03520,17,11,6,0.25562168075572433,0.23518459085781732
DES_ETA,3,10.1021/acssuschemeng.8b04843,14,14,0,0.22168408972190165,0.21457436627530027
DES_ETA,3,10.1021/acssuschemeng.8b05072,26,26,0,0.2892262460939258,0.38592036931493523
DES_ETA,3,10.1021/acssuschemeng.8b05548,2,2,0,0.034038634092343194,0.15718960009144678
DES_ETA,3,10.1021/acssuschemeng.9b02845,24,24,0,0.2368879363296217,0.1282709332331968
DES_ETA,3,10.1021/acssuschemeng.9b03245,21,21,0,0.49316011134073384,0.4520164093042608
DES_ETA,3,10.1021/je100104v,32,32,0,0.40363717281078704,0.41855663856999126
DES_ETA,3,10.1021/je300997v,35,33,2,0.07942021249693211,0.06973963749859277
DES_ETA,3,10.1021/je5001796,72,62,10,0.7348488194147186,0.8135949462753966
DES_ETA,3,10.1021/sc500439w,62,62,0,0.2747606529776756,0.2406350159455133
DES_ETA,3,10.1039/c1ra00630d,18,16,2,0.3857960151107576,0.4093927326747456
DES_ETA,3,10.1039/c2ra22990k,8,6,2,0.4820236045613101,0.5113545137521254
DES_ETA,3,10.1039/c6cc06105b,21,10,11,0.09679285133533003,0.09105345064091928
DES_ETA,3,10.1039/c6nj03140d,315,306,9,0.5103387447885904,0.4821489257972986
DES_ETA,3,10.1039/d0cp01431a,27,0,27,,
DES_ETA,3,10.1039/d0gc00793e,3,1,2,0.22126503568381617,0.3537293333816407
DES_ETA,3,10.1080/01496395.2016.1247864,4,0,4,,
DES_ETA,3,10.13140/rg.2.2.13424.10245,5,0,5,,
DES_ETA,3,10.3390/molecules26144208,286,286,0,0.17668554942160913,0.1855791859861961
DES_ETA,3,http://pubs.acs.org/journal/acscii,1461,1193,268,0.38134728717144617,0.4101132422947462
DES_ETA,4,10.1002/apj.1873,272,263,9,0.3275293260757983,0.38152336357930255
DES_ETA,4,10.1002/ceat.201600475,11,11,0,0.2144088229900987,0.2630215917869827
DES_ETA,4,10.1002/chem.200400127,4,4,0,0.6076893857002323,0.631811540846129
DES_ETA,4,10.1002/cphc.200500489,6,6,0,0.6465515112324288,0.5195756707871718
DES_ETA,4,10.1002/slct.201701223,16,15,1,0.689849473968465,0.6845393831214692
DES_ETA,4,10.1007/978-3-030-25135-2_4,3,2,1,1.352673096063512,1.1401899466868042
DES_ETA,4,10.1016/j.arabjc.2021.103512,45,40,5,0.31225410695101535,0.31794371717545544
DES_ETA,4,10.1016/j.arabjc.2022.104469,11,0,11,,
DES_ETA,4,10.1016/j.cclet.2013.09.004,13,11,2,0.6661765939089122,0.6492662040097839
DES_ETA,4,10.1016/j.cej.2018.10.077,15,14,1,0.18898485918109945,0.30675186065111987
DES_ETA,4,10.1016/j.cej.2020.125173,4,0,4,,
DES_ETA,4,10.1016/j.cep.2015.04.001,14,13,1,0.8379801208573913,0.7659589883529712
DES_ETA,4,10.1016/j.chroma.2018.07.070,12,0,12,,
DES_ETA,4,10.1016/j.cjche.2020.07.004,19,0,19,,
DES_ETA,4,10.1016/j.crgsc.2022.100285,7,0,7,,
DES_ETA,4,10.1016/j.fluid.2014.01.028,117,71,46,0.6600257160683233,0.6699422403049959
DES_ETA,4,10.1016/j.fluid.2019.01.025,28,27,1,0.7250187109491288,0.9263342733118811
DES_ETA,4,10.1016/j.fluid.2021.113290,90,90,0,0.3909018425954567,0.588171972545734
DES_ETA,4,10.1016/j.foodchem.2018.09.048,6,0,6,,
DES_ETA,4,10.1016/j.foodchem.2019.125752,8,0,8,,
DES_ETA,4,10.1016/j.foodchem.2021.131930,63,63,0,0.18395483176361477,0.1765179685258669
DES_ETA,4,10.1016/j.foodchem.2022.133379,4,0,4,,
DES_ETA,4,10.1016/j.ijggc.2016.02.006,7,7,0,0.3172306097090396,0.2471537562561663
DES_ETA,4,10.1016/j.jclepro.2022.133589,1,1,0,0.12653370946282205,0.13481143711223176
DES_ETA,4,10.1016/j.jcou.2022.102217,112,13,99,0.8954186330768269,0.903251654981895
DES_ETA,4,10.1016/j.jct.2013.05.041,20,20,0,0.18459628941748052,0.0649564570482938
DES_ETA,4,10.1016/j.jct.2018.12.017,43,43,0,0.5192364626446924,0.46941438136325736
DES_ETA,4,10.1016/j.jct.2019.105883,15,15,0,0.1913201005056445,0.16715674380451467
DES_ETA,4,10.1016/j.jct.2021.106713,66,66,0,0.5164936752657333,0.5273355379134461
DES_ETA,4,10.1016/j.jct.2022.106999,30,30,0,0.2861769562989578,0.3418103009395498
DES_ETA,4,10.1016/j.jhazmat.2021.127972,25,0,25,,
DES_ETA,4,10.1016/j.jhazmat.2022.129835,3,3,0,0.3350500790502161,0.308740452208799
DES_ETA,4,10.1016/j.jiec.2022.04.015,35,33,2,0.5981787891725824,0.6468931979696485
DES_ETA,4,10.1016/j.jmgm.2022.108319,25,25,0,0.5792198088099778,0.6498527420615502
DES_ETA,4,10.1016/j.jobe.2021.103056,8,0,8,,
DES_ETA,4,10.1016/j.jpha.2021.03.002,16,0,16,,
DES_ETA,4,10.1016/j.jtice.2015.12.020,48,48,0,0.3646888267458181,0.32796889621348635
DES_ETA,4,10.1016/j.molliq.2012.11.025,4,4,0,0.6086847270293068,0.6040381870558784
DES_ETA,4,10.1016/j.molliq.2016.02.062,48,48,0,0.49874376079741656,0.49086393097248754
DES_ETA,4,10.1016/j.molliq.2016.07.039,35,33,2,0.3473576655148233,0.2991652225117834
DES_ETA,4,10.1016/j.molliq.2016.10.115,90,90,0,0.4180664554994982,0.4148774260497339
DES_ETA,4,10.1016/j.molliq.2017.05.084,57,57,0,0.3594405053804765,0.3310321026992884
DES_ETA,4,10.1016/j.molliq.2017.06.024,130,129,1,0.15611949068147077,0.16299355273956062
DES_ETA,4,10.1016/j.molliq.2017.09.091,118,118,0,0.8705070856669487,1.0675733587089904
DES_ETA,4,10.1016/j.molliq.2020.113761,18,18,0,0.544031656870488,0.4283947863561299
DES_ETA,4,10.1016/j.molliq.2021.118393,38,38,0,0.5017063864814776,0.46664513834550964
DES_ETA,4,10.1016/j.molliq.2022.119392,9,0,9,,
DES_ETA,4,10.1016/j.molliq.2022.119396,90,90,0,0.42361271270049805,0.5113458200067666
DES_ETA,4,10.1016/j.molliq.2022.119560,27,27,0,0.41016823519005197,0.31851872611246745
DES_ETA,4,10.1016/j.molliq.2022.120000,14,8,6,0.5570533563243013,0.35296466846323776
DES_ETA,4,10.1016/j.molliq.2022.120056,9,9,0,0.29162022698341133,0.2833278410386012
DES_ETA,4,10.1016/j.molliq.2022.120420,337,337,0,0.16719222298101744,0.18125293497111827
DES_ETA,4,10.1016/j.molliq.2022.120521,3,3,0,1.008054441565296,1.0312515946518976
DES_ETA,4,10.1016/j.molliq.2022.120660,15,0,15,,
DES_ETA,4,10.1016/j.molliq.2023.121216,30,30,0,0.17117382661395822,0.1634829838536754
DES_ETA,4,10.1016/j.molliq.2023.121258,78,78,0,0.25178329230865754,0.2638017574452513
DES_ETA,4,10.1016/j.seppur.2019.115703,43,43,0,0.055032995228181836,0.22594960246535536
DES_ETA,4,10.1016/j.seppur.2020.116692,22,0,22,,
DES_ETA,4,10.1016/j.seppur.2020.117211,3,0,3,,
DES_ETA,4,10.1016/j.seppur.2023.123281,15,15,0,0.440097164656411,0.4366282517222675
DES_ETA,4,10.1016/j.talanta.2022.124243,10,0,10,,
DES_ETA,4,10.1016/j.tca.2012.04.030,24,24,0,0.4183134357593481,0.4213435302272307
DES_ETA,4,10.1021/acs.iecr.7b02478,28,17,11,0.6265868373130503,0.6218714617742727
DES_ETA,4,10.1021/acs.jced.0c00386,40,40,0,0.10512769508078193,0.09663903285664087
DES_ETA,4,10.1021/acs.jced.0c00579,1,0,1,,
DES_ETA,4,10.1021/acs.jced.0c00715,153,152,1,0.06928181111864122,0.06952678284436892
DES_ETA,4,10.1021/acs.jced.6b00486,23,21,2,0.862091344605219,0.7464794411253195
DES_ETA,4,10.1021/acs.jced.6b00563,11,11,0,0.26451610619956306,0.36708395290405865
DES_ETA,4,10.1021/acs.jced.6b00680,65,65,0,0.43666297209129634,0.4300600126491771
DES_ETA,4,10.1021/acs.jced.7b00184,14,14,0,0.16776330107847418,0.19639863576479208
DES_ETA,4,10.1021/acs.jced.7b01037,90,59,31,0.7054548751027134,0.6462767776224148
DES_ETA,4,10.1021/acs.jced.9b00246,1,1,0,0.08951163188542632,0.06017344173760586
DES_ETA,4,10.1021/acs.jced.9b00247,1,1,0,0.0009544110123476113,0.01117942369206304
DES_ETA,4,10.1021/acs.jced.9b00248,1,1,0,0.03605686696379151,0.0030060106918077256
DES_ETA,4,10.1021/acs.jced.9b00249,1,1,0,0.026131286448594526,0.011991092157064731
DES_ETA,4,10.1021/acs.jced.9b00250,1,1,0,0.029869552039932135,0.05560455561157407
DES_ETA,4,10.1021/acs.jced.9b00251,1,1,0,0.3933108181383558,0.3378170671075176
DES_ETA,4,10.1021/acs.jced.9b00252,1,1,0,0.21271757886497777,0.21775576017810705
DES_ETA,4,10.1021/acs.jced.9b00253,1,1,0,0.0704892572577771,0.08455257595756582
DES_ETA,4,10.1021/acs.jced.9b00254,1,1,0,0.010139277086899323,0.009593764993394593
DES_ETA,4,10.1021/acs.jced.9b00255,1,1,0,0.08009463403961936,0.08479741530756368
DES_ETA,4,10.1021/acs.jced.9b00256,1,1,0,0.05664026776949593,0.03951958886891482
DES_ETA,4,10.1021/acs.jced.9b00257,1,1,0,0.09390075623070526,0.07693202215838713
DES_ETA,4,10.1021/acs.jced.9b00258,1,1,0,0.0733349105931358,0.09022358413109832
DES_ETA,4,10.1021/acs.jced.9b00259,1,1,0,0.168578446220095,0.1638256463940806
DES_ETA,4,10.1021/acs.jced.9b00260,1,1,0,0.1843520705271533,0.19492312547201207
DES_ETA,4,10.1021/acs.jpcb.0c03876,3,0,3,,
DES_ETA,4,10.1021/acssuschemeng.0c04215,7,7,0,0.49051349846932046,0.5379739209608707
DES_ETA,4,10.1021/acssuschemeng.1c01674,35,35,0,0.5314659746967971,0.5137954677281985
DES_ETA,4,10.1021/acssuschemeng.5b00532,104,104,0,0.45917489832145436,0.39262371651065264
DES_ETA,4,10.1021/acssuschemeng.5b00619,15,15,0,0.4475135112440589,0.6640908843921782
DES_ETA,4,10.1021/acssuschemeng.7b04235,39,1,38,0.14299419458227425,0.15152558223015233
DES_ETA,4,10.1021/acssuschemeng.8b01203,187,21,166,0.11443021393661441,0.14704930457381818
DES_ETA,4,10.1021/acssuschemeng.8b02042,17,17,0,0.6065377563671294,0.5870676260294498
DES_ETA,4,10.1021/acssuschemeng.8b03520,17,11,6,0.26262642783666346,0.21982945277466115
DES_ETA,4,10.1021/acssuschemeng.8b04843,14,14,0,0.16812681091224696,0.1499735254830283
DES_ETA,4,10.1021/acssuschemeng.8b05072,26,26,0,0.28543106724084194,0.39701021774849665
DES_ETA,4,10.1021/acssuschemeng.8b05548,2,2,0,0.045882968564653244,0.09893157725005002
DES_ETA,4,10.1021/acssuschemeng.9b02845,24,24,0,0.27513125594387094,0.10890431735988278
DES_ETA,4,10.1021/acssuschemeng.9b03245,21,21,0,0.4724360924068166,0.43440239191039093
DES_ETA,4,10.1021/je100104v,32,32,0,0.4105004102495309,0.41890073518860854
DES_ETA,4,10.1021/je300997v,35,33,2,0.051237989271028905,0.05432793240913379
DES_ETA,4,10.1021/je5001796,72,62,10,1.1418908898240425,1.2507935081163328
DES_ETA,4,10.1021/sc500439w,62,62,0,0.24800437681405105,0.23655043517820282
DES_ETA,4,10.1039/c1ra00630d,18,16,2,0.44506518916615206,0.4304204447216196
DES_ETA,4,10.1039/c2ra22990k,8,6,2,0.42774229227296606,0.48148635246474986
DES_ETA,4,10.1039/c6cc06105b,21,10,11,0.09632023533860028,0.07977700543824799
DES_ETA,4,10.1039/c6nj03140d,315,306,9,0.5036710239630673,0.4815169497425755
DES_ETA,4,10.1039/d0cp01431a,27,0,27,,
DES_ETA,4,10.1039/d0gc00793e,3,1,2,0.256240535428113,0.36496347760550263
DES_ETA,4,10.1080/01496395.2016.1247864,4,0,4,,
DES_ETA,4,10.13140/rg.2.2.13424.10245,5,0,5,,
DES_ETA,4,10.3390/molecules26144208,286,286,0,0.18556162648668373,0.17362692983095657
DES_ETA,4,http://pubs.acs.org/journal/acscii,1461,1193,268,0.3783107645332921,0.41350723296992575
