model,seed,scheme,rmse
RF,0,random,23.93724248931211
RF,0,group,49.771767074464265
RF,0,material,23.64739909338542
RF,1,random,24.308483441659206
RF,1,group,50.545745604035886
RF,1,material,22.9115118104551
RF,2,random,24.59599416064553
RF,2,group,49.003957164010295
RF,2,material,23.20048566638255
RF,3,random,24.178967916279582
RF,3,group,50.12726992828023
RF,3,material,23.102049446482983
RF,4,random,23.745114270036943
RF,4,group,49.07382827219062
RF,4,material,23.02300256195004
GB,0,random,22.035876068199276
GB,0,group,51.214651715599615
GB,1,random,23.07314077979548
GB,1,group,53.14101968065806
GB,2,random,22.66663292810537
GB,2,group,49.334224447789104
GB,3,random,22.154950965378656
GB,3,group,51.45271944752249
GB,4,random,21.994931430514395
GB,4,group,50.074641805273494
KNN,0,random,28.297776785422407
KNN,0,group,58.73617516949589
KNN,1,random,27.828609809819294
KNN,1,group,58.578845730677095
KNN,2,random,29.15473820890649
KNN,2,group,57.42749395843313
KNN,3,random,28.91748630891499
KNN,3,group,56.46105437267717
KNN,4,random,27.887213802261602
KNN,4,group,57.39715250196543
