target,repeat,fold,source,is_permuted,source_class,score,rank_among_real,threshold95,above_threshold,rmse_if_used,gain_if_used,rmse_none,n_source,overlap_with_target,n_twin_rows_excluded
s_exp_H2,1,0,d_exp_CH4,False,exp_transport,0.42031188188170054,16.0,0.4644325843577519,False,0.3231389989080278,0.04070264916681341,0.33684967296883406,146,33,1
s_exp_H2,1,0,d_exp_CO2,False,exp_transport,0.14087182973249382,34.0,0.4644325843577519,False,0.33542639384745065,0.004225264964158321,0.33684967296883406,151,34,1
s_exp_H2,1,0,d_exp_H2,False,exp_transport,0.12616613240371086,35.0,0.4644325843577519,False,0.35045637297722115,-0.04039398313337835,0.33684967296883406,51,36,1
s_exp_H2,1,0,d_exp_H2O,False,exp_transport,0.3885170517668613,19.0,0.4644325843577519,False,0.3440950715668719,-0.021509293846659644,0.33684967296883406,45,4,0
s_exp_H2,1,0,d_exp_He,False,exp_transport,0.22237616816924657,27.0,0.4644325843577519,False,0.341365142061698,-0.013404997704366815,0.33684967296883406,51,19,1
s_exp_H2,1,0,d_exp_N2,False,exp_transport,0.3340281740313395,21.0,0.4644325843577519,False,0.3401797031455549,-0.00988580498645443,0.33684967296883406,154,34,1
s_exp_H2,1,0,d_exp_O2,False,exp_transport,0.25271944496689697,26.0,0.4644325843577519,False,0.34382423136512186,-0.020705255061753018,0.33684967296883406,153,34,1
s_exp_H2,1,0,d_sim_CH4,False,sim_transport,0.5244408115932587,13.0,0.4644325843577519,True,0.2722868585067821,0.1916665493334929,0.33684967296883406,195,20,0
s_exp_H2,1,0,d_sim_CO2,False,sim_transport,0.5565014247679191,10.0,0.4644325843577519,True,0.2935757990302531,0.12846642704796313,0.33684967296883406,226,22,0
s_exp_H2,1,0,d_sim_N2,False,sim_transport,0.5778389890928287,8.0,0.4644325843577519,True,0.30602151267092415,0.09151904476024886,0.33684967296883406,191,21,0
s_exp_H2,1,0,d_sim_O2,False,sim_transport,0.4173519811266336,17.0,0.4644325843577519,False,0.316093475860001,0.061618575805336855,0.33684967296883406,219,23,0
s_exp_H2,1,0,p_exp_CH4,False,exp_transport,0.16876067211882093,32.0,0.4644325843577519,False,0.3406567495263858,-0.01130200461231852,0.33684967296883406,615,33,1
s_exp_H2,1,0,p_exp_CO2,False,exp_transport,0.1707646759081809,31.0,0.4644325843577519,False,0.33024071827733215,0.019619893447583615,0.33684967296883406,690,36,1
s_exp_H2,1,0,p_exp_H2,False,exp_transport,0.19080158359389254,28.0,0.4644325843577519,False,0.31786868165435134,0.05634855200301434,0.33684967296883406,519,36,1
s_exp_H2,1,0,p_exp_He,False,exp_transport,0.3116426536844787,23.0,0.4644325843577519,False,0.31022460645840527,0.07904139040946073,0.33684967296883406,451,27,1
s_exp_H2,1,0,p_exp_N2,False,exp_transport,0.008111886715591316,36.0,0.4644325843577519,False,0.3378633814522702,-0.003009379449597734,0.33684967296883406,738,35,1
s_exp_H2,1,0,p_exp_O2,False,exp_transport,0.17448616471645662,29.0,0.4644325843577519,False,0.32717008318169155,0.028735636587772728,0.33684967296883406,753,35,1
s_exp_H2,1,0,p_sim_CH4,False,sim_transport,0.40201763777011856,18.0,0.4644325843577519,False,0.31864110443854243,0.054055473380187354,0.33684967296883406,184,19,0
s_exp_H2,1,0,p_sim_CO2,False,sim_transport,0.17390955912352543,30.0,0.4644325843577519,False,0.3196688439816785,0.05100444015792517,0.33684967296883406,188,20,0
s_exp_H2,1,0,p_sim_N2,False,sim_transport,0.3097715769930879,24.0,0.4644325843577519,False,0.3464033746237985,-0.028361914591641498,0.33684967296883406,182,19,0
s_exp_H2,1,0,p_sim_O2,False,sim_transport,0.15734300507175453,33.0,0.4644325843577519,False,0.3571503483672492,-0.06026627610914552,0.33684967296883406,194,21,0
s_exp_H2,1,0,s_exp_CH4,False,exp_transport,0.6445068468931473,3.0,0.4644325843577519,True,0.28882745162040235,0.1425627667237629,0.33684967296883406,121,33,0
s_exp_H2,1,0,s_exp_CO2,False,exp_transport,0.5408802355969352,12.0,0.4644325843577519,True,0.37112055306202946,-0.10173938953583667,0.33684967296883406,125,34,0
s_exp_H2,1,0,s_exp_He,False,exp_transport,0.6552989571718293,1.0,0.4644325843577519,True,0.3600619702752247,-0.06890995945404486,0.33684967296883406,38,19,0
s_exp_H2,1,0,s_exp_N2,False,exp_transport,0.6332397653740699,4.0,0.4644325843577519,True,0.3341174922530017,0.008110979273787665,0.33684967296883406,116,34,0
s_exp_H2,1,0,s_exp_O2,False,exp_transport,0.6460513904804659,2.0,0.4644325843577519,True,0.32723261243268736,0.02855000704434848,0.33684967296883406,114,34,0
s_exp_H2,1,0,s_sim_CH4,False,sim_transport,0.6165881808632847,6.0,0.4644325843577519,True,0.2802004930657454,0.16817347454670065,0.33684967296883406,258,25,0
s_exp_H2,1,0,s_sim_CO2,False,sim_transport,0.5198789746715745,14.0,0.4644325843577519,True,0.2811289635710243,0.16541713965969962,0.33684967296883406,228,22,0
s_exp_H2,1,0,s_sim_H2O,False,sim_transport,0.3246863477890873,22.0,0.4644325843577519,False,0.3073693912503046,0.08751762012622474,0.33684967296883406,45,4,0
s_exp_H2,1,0,s_sim_N2,False,sim_transport,0.6136530841870046,7.0,0.4644325843577519,True,0.2889805314218327,0.14210832127312256,0.33684967296883406,224,23,0
s_exp_H2,1,0,s_sim_O2,False,sim_transport,0.5724197722907834,9.0,0.4644325843577519,True,0.27585085494672523,0.18108617260778087,0.33684967296883406,267,25,0
s_exp_H2,1,0,X_CED,False,other_property,0.339075545205767,20.0,0.4644325843577519,False,0.29598208540331805,0.12132292486831997,0.33684967296883406,294,13,0
s_exp_H2,1,0,X_ionization_E,False,unrelated_DFT,0.28071059523631575,25.0,0.4644325843577519,False,0.3333308207256757,0.010446357902457914,0.33684967296883406,370,1,0
s_exp_H2,1,0,X_electron_aff,False,unrelated_DFT,0.629956123153496,5.0,0.4644325843577519,True,0.35140728972655894,-0.04321695381034785,0.33684967296883406,368,1,0
s_exp_H2,1,0,X_atomization_H,False,unrelated_DFT,0.49617045744563626,15.0,0.4644325843577519,True,0.3175586008476231,0.057269083716746834,0.33684967296883406,390,1,0
s_exp_H2,1,0,X_bandgap_chain,False,unrelated_DFT,0.5533329253249177,11.0,0.4644325843577519,True,0.2698277994391073,0.19896671693051565,0.33684967296883406,4208,7,1
s_exp_H2,1,0,PERM00_p_exp_O2,True,permuted,0.08488049071153822,,0.4644325843577519,False,0.350443221692537,-0.040354941134114274,0.33684967296883406,753,35,1
s_exp_H2,1,0,PERM01_s_exp_CH4,True,permuted,0.12377758444626467,,0.4644325843577519,False,0.3405827949522167,-0.011082456902750368,0.33684967296883406,121,33,0
s_exp_H2,1,0,PERM02_d_sim_CO2,True,permuted,0.02623380043608561,,0.4644325843577519,False,0.33568217309190546,0.003465937391711883,0.33684967296883406,226,22,0
s_exp_H2,1,0,PERM03_X_CED,True,permuted,0.04425842837000778,,0.4644325843577519,False,0.3379685533423679,-0.003321601483749637,0.33684967296883406,294,13,0
s_exp_H2,1,0,PERM04_X_ionization_E,True,permuted,0.558594996695816,,0.4644325843577519,True,0.2865422148460677,0.14934691098073566,0.33684967296883406,370,1,0
s_exp_H2,1,0,PERM05_p_exp_O2,True,permuted,0.28666061426509115,,0.4644325843577519,False,0.34089482161734996,-0.012008765253841201,0.33684967296883406,753,35,1
s_exp_H2,1,0,PERM06_s_exp_CH4,True,permuted,0.34233069755405376,,0.4644325843577519,False,0.4282530546590417,-0.2713476931256051,0.33684967296883406,121,33,0
s_exp_H2,1,0,PERM07_d_sim_CO2,True,permuted,0.24322129297385417,,0.4644325843577519,False,0.33465731943103005,0.006508403343490389,0.33684967296883406,226,22,0
s_exp_H2,1,0,PERM08_X_CED,True,permuted,0.34934519150011856,,0.4644325843577519,False,0.3256360489500134,0.033289698398662686,0.33684967296883406,294,13,0
s_exp_H2,1,0,PERM09_X_ionization_E,True,permuted,0.3153204570123721,,0.4644325843577519,False,0.3150880730924994,0.06460329821471449,0.33684967296883406,370,1,0
s_exp_H2,1,1,d_exp_CH4,False,exp_transport,0.53416332935654,19.0,0.5096825927212003,True,0.31955103562041376,-0.03564897246924388,0.30855149197756154,146,33,1
s_exp_H2,1,1,d_exp_CO2,False,exp_transport,0.4271695752404785,22.0,0.5096825927212003,False,0.41597466813345163,-0.34815315741108815,0.30855149197756154,151,34,1
s_exp_H2,1,1,d_exp_H2,False,exp_transport,0.21089793633238083,31.0,0.5096825927212003,False,0.3479317210835953,-0.12762935889124655,0.30855149197756154,51,36,1
s_exp_H2,1,1,d_exp_H2O,False,exp_transport,0.30528775061984614,27.0,0.5096825927212003,False,0.2285777050712875,0.25919105557943595,0.30855149197756154,45,4,0
s_exp_H2,1,1,d_exp_He,False,exp_transport,0.297581514964996,28.0,0.5096825927212003,False,0.3144170236288236,-0.019009895605005312,0.30855149197756154,51,19,1
s_exp_H2,1,1,d_exp_N2,False,exp_transport,0.5137275405800538,21.0,0.5096825927212003,True,0.3824905038400666,-0.23963265057840671,0.30855149197756154,154,34,1
s_exp_H2,1,1,d_exp_O2,False,exp_transport,0.40699670249930125,23.0,0.5096825927212003,False,0.38272330920783865,-0.24038716116683378,0.30855149197756154,153,34,1
s_exp_H2,1,1,d_sim_CH4,False,sim_transport,0.6286624178036813,14.0,0.5096825927212003,True,0.27775809620647546,0.0997998602234127,0.30855149197756154,195,20,0
s_exp_H2,1,1,d_sim_CO2,False,sim_transport,0.6799094078616391,5.0,0.5096825927212003,True,0.3073714078807265,0.003824593714558618,0.30855149197756154,226,22,0
s_exp_H2,1,1,d_sim_N2,False,sim_transport,0.6308730273095383,13.0,0.5096825927212003,True,0.2601429290471396,0.1568897386305373,0.30855149197756154,191,21,0
s_exp_H2,1,1,d_sim_O2,False,sim_transport,0.593222265688587,15.0,0.5096825927212003,True,0.32855944400941794,-0.06484477486600979,0.30855149197756154,219,23,0
s_exp_H2,1,1,p_exp_CH4,False,exp_transport,0.3056828261063184,26.0,0.5096825927212003,False,0.3529217769933933,-0.1438018812725703,0.30855149197756154,615,33,1
s_exp_H2,1,1,p_exp_CO2,False,exp_transport,0.07280888228807346,35.0,0.5096825927212003,False,0.33954113630594845,-0.10043589201195804,0.30855149197756154,690,36,1
s_exp_H2,1,1,p_exp_H2,False,exp_transport,0.1248043010299654,33.0,0.5096825927212003,False,0.3058484196156326,0.008760522739995476,0.30855149197756154,519,36,1
s_exp_H2,1,1,p_exp_He,False,exp_transport,0.21627231075227246,30.0,0.5096825927212003,False,0.28537680936421256,0.07510799077592628,0.30855149197756154,451,27,1
s_exp_H2,1,1,p_exp_N2,False,exp_transport,0.09620897268591123,34.0,0.5096825927212003,False,0.32261344704030953,-0.04557409517815782,0.30855149197756154,738,35,1
s_exp_H2,1,1,p_exp_O2,False,exp_transport,0.0034765582729871995,36.0,0.5096825927212003,False,0.3116134369926943,-0.009923611114333581,0.30855149197756154,753,35,1
s_exp_H2,1,1,p_sim_CH4,False,sim_transport,0.5258242986546268,20.0,0.5096825927212003,True,0.3198371993038355,-0.036576414698051916,0.30855149197756154,184,19,0
s_exp_H2,1,1,p_sim_CO2,False,sim_transport,0.37798880773709,25.0,0.5096825927212003,False,0.3368803020469461,-0.09181226085740224,0.30855149197756154,188,20,0
s_exp_H2,1,1,p_sim_N2,False,sim_transport,0.39285094111955315,24.0,0.5096825927212003,False,0.3665073797858506,-0.1878321424953722,0.30855149197756154,182,19,0
s_exp_H2,1,1,p_sim_O2,False,sim_transport,0.16205512457213248,32.0,0.5096825927212003,False,0.32615675422802587,-0.057057777091366696,0.30855149197756154,194,21,0
s_exp_H2,1,1,s_exp_CH4,False,exp_transport,0.6868979771490712,3.0,0.5096825927212003,True,0.30300858415319315,0.017964287869239936,0.30855149197756154,121,33,0
s_exp_H2,1,1,s_exp_CO2,False,exp_transport,0.5529138100065989,18.0,0.5096825927212003,True,0.3156404730057821,-0.022975034030093284,0.30855149197756154,125,34,0
s_exp_H2,1,1,s_exp_He,False,exp_transport,0.6558845985360522,8.0,0.5096825927212003,True,0.27884597178911036,0.09627410970552502,0.30855149197756154,38,19,0
s_exp_H2,1,1,s_exp_N2,False,exp_transport,0.6565587788610495,7.0,0.5096825927212003,True,0.286961981263371,0.06997052769318823,0.30855149197756154,116,34,0
s_exp_H2,1,1,s_exp_O2,False,exp_transport,0.7052888937442638,1.0,0.5096825927212003,True,0.3245972288853226,-0.05200343321926942,0.30855149197756154,114,34,0
s_exp_H2,1,1,s_sim_CH4,False,sim_transport,0.6851599833871654,4.0,0.5096825927212003,True,0.2581580858470767,0.16332251647044224,0.30855149197756154,258,25,0
s_exp_H2,1,1,s_sim_CO2,False,sim_transport,0.6732893801397497,6.0,0.5096825927212003,True,0.33508884194094407,-0.08600622798256434,0.30855149197756154,228,22,0
s_exp_H2,1,1,s_sim_H2O,False,sim_transport,0.5605414527380645,17.0,0.5096825927212003,True,0.3381127321195674,-0.09580650526932338,0.30855149197756154,45,4,0
s_exp_H2,1,1,s_sim_N2,False,sim_transport,0.6458169166750358,11.0,0.5096825927212003,True,0.24972180550887182,0.1906640803829525,0.30855149197756154,224,23,0
s_exp_H2,1,1,s_sim_O2,False,sim_transport,0.647262027488356,10.0,0.5096825927212003,True,0.2574139900019085,0.16573409400130806,0.30855149197756154,267,25,0
s_exp_H2,1,1,X_CED,False,other_property,0.5611920647487652,16.0,0.5096825927212003,True,0.33068776225255647,-0.07174254816633563,0.30855149197756154,294,13,0
s_exp_H2,1,1,X_ionization_E,False,unrelated_DFT,0.24818912224577025,29.0,0.5096825927212003,False,0.3190592711777345,-0.03405518843168365,0.30855149197756154,370,1,0
s_exp_H2,1,1,X_electron_aff,False,unrelated_DFT,0.6875448029962674,2.0,0.5096825927212003,True,0.3051518732410611,0.01101799480764686,0.30855149197756154,368,1,0
s_exp_H2,1,1,X_atomization_H,False,unrelated_DFT,0.6404465250110954,12.0,0.5096825927212003,True,0.30851186066361586,0.00012844311233656022,0.30855149197756154,390,1,0
s_exp_H2,1,1,X_bandgap_chain,False,unrelated_DFT,0.650708978493086,9.0,0.5096825927212003,True,0.29738103973041746,0.03620287873362939,0.30855149197756154,4208,7,1
s_exp_H2,1,1,PERM00_p_exp_O2,True,permuted,0.0766210961964104,,0.5096825927212003,False,0.3177462232318143,-0.02979966551230094,0.30855149197756154,753,35,1
s_exp_H2,1,1,PERM01_s_exp_CH4,True,permuted,0.11941503631695967,,0.5096825927212003,False,0.33856123307716446,-0.09726007450900702,0.30855149197756154,121,33,0
s_exp_H2,1,1,PERM02_d_sim_CO2,True,permuted,0.025018030806434277,,0.5096825927212003,False,0.30794746396854183,0.0019576246582001106,0.30855149197756154,226,22,0
s_exp_H2,1,1,PERM03_X_CED,True,permuted,0.11479947016265284,,0.5096825927212003,False,0.32406501846225916,-0.050278565776067576,0.30855149197756154,294,13,0
s_exp_H2,1,1,PERM04_X_ionization_E,True,permuted,0.665537017686468,,0.5096825927212003,True,0.3333806783417534,-0.08047015493283524,0.30855149197756154,370,1,0
s_exp_H2,1,1,PERM05_p_exp_O2,True,permuted,0.1278715333621938,,0.5096825927212003,False,0.3228941320967957,-0.046483781450251956,0.30855149197756154,753,35,1
s_exp_H2,1,1,PERM06_s_exp_CH4,True,permuted,0.28466202130906165,,0.5096825927212003,False,0.3153357638161411,-0.021987486740374967,0.30855149197756154,121,33,0
s_exp_H2,1,1,PERM07_d_sim_CO2,True,permuted,0.23765732006952772,,0.5096825927212003,False,0.3192325615575403,-0.0346168139117458,0.30855149197756154,226,22,0
s_exp_H2,1,1,PERM08_X_CED,True,permuted,0.31919385109698517,,0.5096825927212003,False,0.34538827812058853,-0.11938618707345558,0.30855149197756154,294,13,0
s_exp_H2,1,1,PERM09_X_ionization_E,True,permuted,0.18929383774450986,,0.5096825927212003,False,0.2565686219202152,0.16847388980094985,0.30855149197756154,370,1,0
s_exp_H2,1,2,d_exp_CH4,False,exp_transport,0.4835915042581429,17.0,0.4718937828522243,True,0.30324525276679215,-0.06393610038640543,0.28502205410330383,146,33,1
s_exp_H2,1,2,d_exp_CO2,False,exp_transport,0.2189010424359271,32.0,0.4718937828522243,False,0.28135828306281296,0.012854342278941572,0.28502205410330383,151,34,1
s_exp_H2,1,2,d_exp_H2,False,exp_transport,0.14750630057269495,35.0,0.4718937828522243,False,0.2968660603479117,-0.04155470102785482,0.28502205410330383,51,36,1
s_exp_H2,1,2,d_exp_H2O,False,exp_transport,0.26389727840417404,27.0,0.4718937828522243,False,0.2959555233891,-0.03836008171435532,0.28502205410330383,45,4,0
s_exp_H2,1,2,d_exp_He,False,exp_transport,0.32784799802881465,23.0,0.4718937828522243,False,0.3096108889469313,-0.08626993767547347,0.28502205410330383,51,19,1
s_exp_H2,1,2,d_exp_N2,False,exp_transport,0.3915380275976179,22.0,0.4718937828522243,False,0.2969021747483462,-0.04168140841738688,0.28502205410330383,154,34,1
s_exp_H2,1,2,d_exp_O2,False,exp_transport,0.2637351403778976,28.0,0.4718937828522243,False,0.2770204564268186,0.0280736089060151,0.28502205410330383,153,34,1
s_exp_H2,1,2,d_sim_CH4,False,sim_transport,0.6212665102227088,13.0,0.4718937828522243,True,0.34111055626627684,-0.1967865340786724,0.28502205410330383,195,20,0
s_exp_H2,1,2,d_sim_CO2,False,sim_transport,0.5928916487999063,14.0,0.4718937828522243,True,0.23743005409317777,0.16697655260345834,0.28502205410330383,226,22,0
s_exp_H2,1,2,d_sim_N2,False,sim_transport,0.6361400822153489,12.0,0.4718937828522243,True,0.2968893329240048,-0.041636352871135346,0.28502205410330383,191,21,0
s_exp_H2,1,2,d_sim_O2,False,sim_transport,0.5716469211295206,15.0,0.4718937828522243,True,0.39577085536589146,-0.38856221709232247,0.28502205410330383,219,23,0
s_exp_H2,1,2,p_exp_CH4,False,exp_transport,0.2504654463244359,29.0,0.4718937828522243,False,0.3205199462880139,-0.1245443700712512,0.28502205410330383,615,33,1
s_exp_H2,1,2,p_exp_CO2,False,exp_transport,0.14818252142812716,34.0,0.4718937828522243,False,0.2859146029838676,-0.0031315081331926855,0.28502205410330383,690,36,1
s_exp_H2,1,2,p_exp_H2,False,exp_transport,0.21954140565491323,31.0,0.4718937828522243,False,0.30348506632611283,-0.06477748636292276,0.28502205410330383,519,36,1
s_exp_H2,1,2,p_exp_He,False,exp_transport,0.2865924138754226,25.0,0.4718937828522243,False,0.3196783801663637,-0.12159173496974013,0.28502205410330383,451,27,1
s_exp_H2,1,2,p_exp_N2,False,exp_transport,0.0005726605145956014,36.0,0.4718937828522243,False,0.28744839608503464,-0.008512821891499663,0.28502205410330383,738,35,1
s_exp_H2,1,2,p_exp_O2,False,exp_transport,0.1788861470396987,33.0,0.4718937828522243,False,0.2979713193762502,-0.045432502806442565,0.28502205410330383,753,35,1
s_exp_H2,1,2,p_sim_CH4,False,sim_transport,0.4598600325415256,19.0,0.4718937828522243,False,0.31102410734766367,-0.0912282150451965,0.28502205410330383,184,19,0
s_exp_H2,1,2,p_sim_CO2,False,sim_transport,0.2732136994172804,26.0,0.4718937828522243,False,0.29087466864062267,-0.02053390063351941,0.28502205410330383,188,20,0
s_exp_H2,1,2,p_sim_N2,False,sim_transport,0.3028664881426935,24.0,0.4718937828522243,False,0.27568276300344907,0.03276690686002079,0.28502205410330383,182,19,0
s_exp_H2,1,2,p_sim_O2,False,sim_transport,0.24594829768913112,30.0,0.4718937828522243,False,0.3437026558462129,-0.20588091657511098,0.28502205410330383,194,21,0
s_exp_H2,1,2,s_exp_CH4,False,exp_transport,0.6697650800921279,7.0,0.4718937828522243,True,0.334639241023377,-0.17408192175223688,0.28502205410330383,121,33,0
s_exp_H2,1,2,s_exp_CO2,False,exp_transport,0.478579592651116,18.0,0.4718937828522243,True,0.2935101591969069,-0.029780520389227832,0.28502205410330383,125,34,0
s_exp_H2,1,2,s_exp_He,False,exp_transport,0.6656576688618087,8.0,0.4718937828522243,True,0.308531468629794,-0.08248279102630214,0.28502205410330383,38,19,0
s_exp_H2,1,2,s_exp_N2,False,exp_transport,0.6889137483521225,3.0,0.4718937828522243,True,0.353393263129417,-0.23988041641624192,0.28502205410330383,116,34,0
s_exp_H2,1,2,s_exp_O2,False,exp_transport,0.6701656457612665,6.0,0.4718937828522243,True,0.3183918506254837,-0.1170779455195606,0.28502205410330383,114,34,0
s_exp_H2,1,2,s_sim_CH4,False,sim_transport,0.7396111482690901,1.0,0.4718937828522243,True,0.365026180798744,-0.2806945130864973,0.28502205410330383,258,25,0
s_exp_H2,1,2,s_sim_CO2,False,sim_transport,0.6362235733703822,11.0,0.4718937828522243,True,0.3090955952195725,-0.08446202941033974,0.28502205410330383,228,22,0
s_exp_H2,1,2,s_sim_H2O,False,sim_transport,0.39768840071571865,21.0,0.4718937828522243,False,0.2528485050751643,0.11288091066973534,0.28502205410330383,45,4,0
s_exp_H2,1,2,s_sim_N2,False,sim_transport,0.719604244478915,2.0,0.4718937828522243,True,0.37096464069127416,-0.30152960218587566,0.28502205410330383,224,23,0
s_exp_H2,1,2,s_sim_O2,False,sim_transport,0.683196137444409,4.0,0.4718937828522243,True,0.33580484137611966,-0.17817143109357436,0.28502205410330383,267,25,0
s_exp_H2,1,2,X_CED,False,other_property,0.4864381475624275,16.0,0.4718937828522243,True,0.3029375633250084,-0.06285657184693229,0.28502205410330383,294,13,0
s_exp_H2,1,2,X_ionization_E,False,unrelated_DFT,0.4288687376099453,20.0,0.4718937828522243,False,0.3944183616516147,-0.38381699231127253,0.28502205410330383,370,1,0
s_exp_H2,1,2,X_electron_aff,False,unrelated_DFT,0.672029279249993,5.0,0.4718937828522243,True,0.30054534634250796,-0.05446347752998032,0.28502205410330383,368,1,0
s_exp_H2,1,2,X_atomization_H,False,unrelated_DFT,0.6394837452225877,10.0,0.4718937828522243,True,0.3530376987418363,-0.23863291860875016,0.28502205410330383,390,1,0
s_exp_H2,1,2,X_bandgap_chain,False,unrelated_DFT,0.6543325233910694,9.0,0.4718937828522243,True,0.31194456809726473,-0.09445765198296921,0.28502205410330383,4208,7,1
s_exp_H2,1,2,PERM00_p_exp_O2,True,permuted,0.06054271890424666,,0.4718937828522243,False,0.28422405220803426,0.0027997899944273937,0.28502205410330383,753,35,1
s_exp_H2,1,2,PERM01_s_exp_CH4,True,permuted,0.0041197479220340325,,0.4718937828522243,False,0.28965351134559036,-0.016249469736148547,0.28502205410330383,121,33,0
s_exp_H2,1,2,PERM02_d_sim_CO2,True,permuted,0.06993004540427229,,0.4718937828522243,False,0.2853656979004481,-0.0012056744107938164,0.28502205410330383,226,22,0
s_exp_H2,1,2,PERM03_X_CED,True,permuted,0.14203891712839567,,0.4718937828522243,False,0.35279614919473273,-0.23778544191834625,0.28502205410330383,294,13,0
s_exp_H2,1,2,PERM04_X_ionization_E,True,permuted,0.6162371848160061,,0.4718937828522243,True,0.2825705075820275,0.008601252029387819,0.28502205410330383,370,1,0
s_exp_H2,1,2,PERM05_p_exp_O2,True,permuted,0.10134684819051265,,0.4718937828522243,False,0.26381312953423086,0.07441152101649642,0.28502205410330383,753,35,1
s_exp_H2,1,2,PERM06_s_exp_CH4,True,permuted,0.12433822951726432,,0.4718937828522243,False,0.27588062843133165,0.032072695920782844,0.28502205410330383,121,33,0
s_exp_H2,1,2,PERM07_d_sim_CO2,True,permuted,0.2791824735527667,,0.4718937828522243,False,0.6669248867439713,-1.3399062533675028,0.28502205410330383,226,22,0
s_exp_H2,1,2,PERM08_X_CED,True,permuted,0.07483974234813391,,0.4718937828522243,False,0.36051444266157434,-0.26486507788239055,0.28502205410330383,294,13,0
s_exp_H2,1,2,PERM09_X_ionization_E,True,permuted,0.2954740693409361,,0.4718937828522243,False,0.2510231689208487,0.11928510335601095,0.28502205410330383,370,1,0
s_exp_H2,1,3,d_exp_CH4,False,exp_transport,0.5205382912298568,17.0,0.5158808362811591,True,0.31492023459003315,-0.05497000301946059,0.29851107964083406,146,33,1
s_exp_H2,1,3,d_exp_CO2,False,exp_transport,0.2674195508345184,29.0,0.5158808362811591,False,0.33000299191147275,-0.10549662782543778,0.29851107964083406,151,34,1
s_exp_H2,1,3,d_exp_H2,False,exp_transport,0.20408641966083982,31.0,0.5158808362811591,False,0.34771979712336726,-0.16484720614638723,0.29851107964083406,51,36,1
s_exp_H2,1,3,d_exp_H2O,False,exp_transport,0.452454641720027,20.0,0.5158808362811591,False,0.3560316101001775,-0.19269144223575088,0.29851107964083406,45,4,0
s_exp_H2,1,3,d_exp_He,False,exp_transport,0.3836717397003389,23.0,0.5158808362811591,False,0.3616631746071814,-0.2115569547446325,0.29851107964083406,51,19,1
s_exp_H2,1,3,d_exp_N2,False,exp_transport,0.4348943347207801,21.0,0.5158808362811591,False,0.3242733776752468,-0.08630265270357698,0.29851107964083406,154,34,1
s_exp_H2,1,3,d_exp_O2,False,exp_transport,0.3404874374171649,24.0,0.5158808362811591,False,0.3329402041517794,-0.11533616960673668,0.29851107964083406,153,34,1
s_exp_H2,1,3,d_sim_CH4,False,sim_transport,0.6162594348129741,12.0,0.5158808362811591,True,0.27210937574475685,0.08844463638617203,0.29851107964083406,195,20,0
s_exp_H2,1,3,d_sim_CO2,False,sim_transport,0.6050683394812079,13.0,0.5158808362811591,True,0.27277560229381226,0.08621280448949001,0.29851107964083406,226,22,0
s_exp_H2,1,3,d_sim_N2,False,sim_transport,0.6328406582217896,10.0,0.5158808362811591,True,0.28106847318534306,0.05843202361693843,0.29851107964083406,191,21,0
s_exp_H2,1,3,d_sim_O2,False,sim_transport,0.5459892157675358,16.0,0.5158808362811591,True,0.3248529101423031,-0.0882440629445423,0.29851107964083406,219,23,0
s_exp_H2,1,3,p_exp_CH4,False,exp_transport,0.28475591409174805,28.0,0.5158808362811591,False,0.35282331467082806,-0.18194378277463605,0.29851107964083406,615,33,1
s_exp_H2,1,3,p_exp_CO2,False,exp_transport,0.09675286367866104,35.0,0.5158808362811591,False,0.28268687610782206,0.053010439518866595,0.29851107964083406,690,36,1
s_exp_H2,1,3,p_exp_H2,False,exp_transport,0.11891613735170252,34.0,0.5158808362811591,False,0.27444901032562546,0.08060695550784873,0.29851107964083406,519,36,1
s_exp_H2,1,3,p_exp_He,False,exp_transport,0.22404903829482012,30.0,0.5158808362811591,False,0.2489362662147453,0.16607361269717946,0.29851107964083406,451,27,1
s_exp_H2,1,3,p_exp_N2,False,exp_transport,0.04771733719899527,36.0,0.5158808362811591,False,0.30583467127779473,-0.024533734713540117,0.29851107964083406,738,35,1
s_exp_H2,1,3,p_exp_O2,False,exp_transport,0.1312920660186191,33.0,0.5158808362811591,False,0.2794723707632584,0.06377890194388379,0.29851107964083406,753,35,1
s_exp_H2,1,3,p_sim_CH4,False,sim_transport,0.47258017496708443,19.0,0.5158808362811591,False,0.2963767476868537,0.0071499254116409805,0.29851107964083406,184,19,0
s_exp_H2,1,3,p_sim_CO2,False,sim_transport,0.30773854776330056,27.0,0.5158808362811591,False,0.3115447839532593,-0.04366238039843369,0.29851107964083406,188,20,0
s_exp_H2,1,3,p_sim_N2,False,sim_transport,0.31852670018885176,26.0,0.5158808362811591,False,0.28580508048412245,0.042564581428600104,0.29851107964083406,182,19,0
s_exp_H2,1,3,p_sim_O2,False,sim_transport,0.14096711208534726,32.0,0.5158808362811591,False,0.31757330324882777,-0.0638576753363031,0.29851107964083406,194,21,0
s_exp_H2,1,3,s_exp_CH4,False,exp_transport,0.6815105699392718,4.0,0.5158808362811591,True,0.27673581361529476,0.07294625731057996,0.29851107964083406,121,33,0
s_exp_H2,1,3,s_exp_CO2,False,exp_transport,0.5842890431915941,15.0,0.5158808362811591,True,0.3934990030810377,-0.3182056878910232,0.29851107964083406,125,34,0
s_exp_H2,1,3,s_exp_He,False,exp_transport,0.6488563622644923,8.0,0.5158808362811591,True,0.28768584958818116,0.03626408127188352,0.29851107964083406,38,19,0
s_exp_H2,1,3,s_exp_N2,False,exp_transport,0.6411424694132141,9.0,0.5158808362811591,True,0.27660663365768073,0.07337900492507203,0.29851107964083406,116,34,0
s_exp_H2,1,3,s_exp_O2,False,exp_transport,0.6937391831665072,2.0,0.5158808362811591,True,0.29581730113112314,0.009024048664967648,0.29851107964083406,114,34,0
s_exp_H2,1,3,s_sim_CH4,False,sim_transport,0.6976539751885701,1.0,0.5158808362811591,True,0.2671446448749885,0.10507628327761025,0.29851107964083406,258,25,0
s_exp_H2,1,3,s_sim_CO2,False,sim_transport,0.6194282053851953,11.0,0.5158808362811591,True,0.25760671056329226,0.13702797606962389,0.29851107964083406,228,22,0
s_exp_H2,1,3,s_sim_H2O,False,sim_transport,0.4180067196826163,22.0,0.5158808362811591,False,0.29630521491869527,0.0073895572814009864,0.29851107964083406,45,4,0
s_exp_H2,1,3,s_sim_N2,False,sim_transport,0.6778098409123506,5.0,0.5158808362811591,True,0.2826503456540375,0.05313281505624531,0.29851107964083406,224,23,0
s_exp_H2,1,3,s_sim_O2,False,sim_transport,0.666993911505007,6.0,0.5158808362811591,True,0.2769118925574279,0.07235640000161517,0.29851107964083406,267,25,0
s_exp_H2,1,3,X_CED,False,other_property,0.474580876189394,18.0,0.5158808362811591,False,0.2936393819251008,0.01631998960170873,0.29851107964083406,294,13,0
s_exp_H2,1,3,X_ionization_E,False,unrelated_DFT,0.3333154477830367,25.0,0.5158808362811591,False,0.2971453296728316,0.004575206955955342,0.29851107964083406,370,1,0
s_exp_H2,1,3,X_electron_aff,False,unrelated_DFT,0.659652716562125,7.0,0.5158808362811591,True,0.26608332582724437,0.10863165900778789,0.29851107964083406,368,1,0
s_exp_H2,1,3,X_atomization_H,False,unrelated_DFT,0.5949562214776439,14.0,0.5158808362811591,True,0.2887596488113896,0.03266689746048053,0.29851107964083406,390,1,0
s_exp_H2,1,3,X_bandgap_chain,False,unrelated_DFT,0.6854910822166671,3.0,0.5158808362811591,True,0.3156437188971123,-0.05739364608138522,0.29851107964083406,4208,7,1
s_exp_H2,1,3,PERM00_p_exp_O2,True,permuted,0.13982662442717336,,0.5158808362811591,False,0.3047352528829475,-0.020850727717049267,0.29851107964083406,753,35,1
s_exp_H2,1,3,PERM01_s_exp_CH4,True,permuted,0.04463179327191599,,0.5158808362811591,False,0.2929826204401703,0.018520113917766614,0.29851107964083406,121,33,0
s_exp_H2,1,3,PERM02_d_sim_CO2,True,permuted,0.0715563051942074,,0.5158808362811591,False,0.3081172642981125,-0.03218032867937932,0.29851107964083406,226,22,0
s_exp_H2,1,3,PERM03_X_CED,True,permuted,0.06929377936645902,,0.5158808362811591,False,0.31546714321806124,-0.05680212472390828,0.29851107964083406,294,13,0
s_exp_H2,1,3,PERM04_X_ionization_E,True,permuted,0.6369874208253082,,0.5158808362811591,True,0.3432153161445476,-0.1497573777077262,0.29851107964083406,370,1,0
s_exp_H2,1,3,PERM05_p_exp_O2,True,permuted,0.1823174695628147,,0.5158808362811591,False,0.31502262612815457,-0.0553130105160152,0.29851107964083406,753,35,1
s_exp_H2,1,3,PERM06_s_exp_CH4,True,permuted,0.23580027788898536,,0.5158808362811591,False,0.29453944133851506,0.013304827100882297,0.29851107964083406,121,33,0
s_exp_H2,1,3,PERM07_d_sim_CO2,True,permuted,0.20326428823212106,,0.5158808362811591,False,0.3016283392619513,-0.010442693198751322,0.29851107964083406,226,22,0
s_exp_H2,1,3,PERM08_X_CED,True,permuted,0.2587629655809748,,0.5158808362811591,False,0.2503483435829609,0.16134321083097544,0.29851107964083406,294,13,0
s_exp_H2,1,3,PERM09_X_ionization_E,True,permuted,0.36786167739386644,,0.5158808362811591,False,0.35387808161007234,-0.1854772092072943,0.29851107964083406,370,1,0
s_exp_H2,1,4,d_exp_CH4,False,exp_transport,0.6078249248683968,18.0,0.5089038847927551,True,0.3803109424707974,-0.02903291585432521,0.36958093041664764,146,33,1
s_exp_H2,1,4,d_exp_CO2,False,exp_transport,0.3492214177771324,29.0,0.5089038847927551,False,0.39940818727530714,-0.0807056165615301,0.36958093041664764,151,34,1
s_exp_H2,1,4,d_exp_H2,False,exp_transport,0.21163623791489167,30.0,0.5089038847927551,False,0.3780327362410367,-0.022868619911911945,0.36958093041664764,51,36,1
s_exp_H2,1,4,d_exp_H2O,False,exp_transport,0.42133720421171517,23.0,0.5089038847927551,False,0.3820517659879012,-0.033743179219757204,0.36958093041664764,45,4,0
s_exp_H2,1,4,d_exp_He,False,exp_transport,0.3923781344949861,26.0,0.5089038847927551,False,0.37323471755325216,-0.009886297792706519,0.36958093041664764,51,19,1
s_exp_H2,1,4,d_exp_N2,False,exp_transport,0.5313352101043265,20.0,0.5089038847927551,True,0.3782062230967474,-0.023338034974845764,0.36958093041664764,154,34,1
s_exp_H2,1,4,d_exp_O2,False,exp_transport,0.406990082921026,25.0,0.5089038847927551,False,0.40836243165644315,-0.10493371829567918,0.36958093041664764,153,34,1
s_exp_H2,1,4,d_sim_CH4,False,sim_transport,0.7382112233896928,5.0,0.5089038847927551,True,0.3963255930520394,-0.07236483388155643,0.36958093041664764,195,20,0
s_exp_H2,1,4,d_sim_CO2,False,sim_transport,0.7414634030868988,4.0,0.5089038847927551,True,0.3616511321422483,0.021456188947464507,0.36958093041664764,226,22,0
s_exp_H2,1,4,d_sim_N2,False,sim_transport,0.7378672321888121,6.0,0.5089038847927551,True,0.3723152371726735,-0.007398397836553276,0.36958093041664764,191,21,0
s_exp_H2,1,4,d_sim_O2,False,sim_transport,0.6562295989541164,14.0,0.5089038847927551,True,0.39651024377277,-0.0728644557655168,0.36958093041664764,219,23,0
s_exp_H2,1,4,p_exp_CH4,False,exp_transport,0.41054428103516044,24.0,0.5089038847927551,False,0.4310907386489728,-0.166431228372584,0.36958093041664764,615,33,1
s_exp_H2,1,4,p_exp_CO2,False,exp_transport,0.036705840632158655,36.0,0.5089038847927551,False,0.36623507377587833,0.009053109523257464,0.36958093041664764,690,36,1
s_exp_H2,1,4,p_exp_H2,False,exp_transport,0.09358086661212342,34.0,0.5089038847927551,False,0.3470030024823372,0.06109061933703451,0.36958093041664764,519,36,1
s_exp_H2,1,4,p_exp_He,False,exp_transport,0.19412691052178233,31.0,0.5089038847927551,False,0.32533021259789274,0.11973214572751029,0.36958093041664764,451,27,1
s_exp_H2,1,4,p_exp_N2,False,exp_transport,0.14976137334369496,33.0,0.5089038847927551,False,0.41307767812677276,-0.11769207805470104,0.36958093041664764,738,35,1
s_exp_H2,1,4,p_exp_O2,False,exp_transport,0.07450956073785914,35.0,0.5089038847927551,False,0.35937713678629657,0.02760909124517816,0.36958093041664764,753,35,1
s_exp_H2,1,4,p_sim_CH4,False,sim_transport,0.6177079615830912,17.0,0.5089038847927551,True,0.41138554430124485,-0.11311355766507954,0.36958093041664764,184,19,0
s_exp_H2,1,4,p_sim_CO2,False,sim_transport,0.3885458474784685,27.0,0.5089038847927551,False,0.4000781469832072,-0.08251837163832691,0.36958093041664764,188,20,0
s_exp_H2,1,4,p_sim_N2,False,sim_transport,0.5068698432149029,22.0,0.5089038847927551,False,0.4605030175056458,-0.246014011021881,0.36958093041664764,182,19,0
s_exp_H2,1,4,p_sim_O2,False,sim_transport,0.17916996766386653,32.0,0.5089038847927551,False,0.39479528240261613,-0.06822416935187392,0.36958093041664764,194,21,0
s_exp_H2,1,4,s_exp_CH4,False,exp_transport,0.6741870958021616,12.0,0.5089038847927551,True,0.29325269190578956,0.2065264526089301,0.36958093041664764,121,33,0
s_exp_H2,1,4,s_exp_CO2,False,exp_transport,0.5200340539978232,21.0,0.5089038847927551,True,0.2611438890478525,0.2934054017520559,0.36958093041664764,125,34,0
s_exp_H2,1,4,s_exp_He,False,exp_transport,0.7033108074648426,10.0,0.5089038847927551,True,0.30841090122280407,0.16551186535756443,0.36958093041664764,38,19,0
s_exp_H2,1,4,s_exp_N2,False,exp_transport,0.6497656645604942,15.0,0.5089038847927551,True,0.22763469312398463,0.38407348867442836,0.36958093041664764,116,34,0
s_exp_H2,1,4,s_exp_O2,False,exp_transport,0.6734578484996208,13.0,0.5089038847927551,True,0.22262292086758975,0.39763417821202124,0.36958093041664764,114,34,0
s_exp_H2,1,4,s_sim_CH4,False,sim_transport,0.7576433712307571,1.0,0.5089038847927551,True,0.34668362807630454,0.061954772164596765,0.36958093041664764,258,25,0
s_exp_H2,1,4,s_sim_CO2,False,sim_transport,0.7429095444995448,3.0,0.5089038847927551,True,0.38439107383390764,-0.040072801918009576,0.36958093041664764,228,22,0
s_exp_H2,1,4,s_sim_H2O,False,sim_transport,0.6001592432139218,19.0,0.5089038847927551,True,0.3927867326770319,-0.06278950116344793,0.36958093041664764,45,4,0
s_exp_H2,1,4,s_sim_N2,False,sim_transport,0.7369150510232727,7.0,0.5089038847927551,True,0.3592848564139414,0.027858780460071134,0.36958093041664764,224,23,0
s_exp_H2,1,4,s_sim_O2,False,sim_transport,0.757436886045111,2.0,0.5089038847927551,True,0.3868424334034447,-0.046705610506844304,0.36958093041664764,267,25,0
s_exp_H2,1,4,X_CED,False,other_property,0.6443154818742663,16.0,0.5089038847927551,True,0.4130062488210013,-0.11749880697415327,0.36958093041664764,294,13,0
s_exp_H2,1,4,X_ionization_E,False,unrelated_DFT,0.3577905827747601,28.0,0.5089038847927551,False,0.3899363574261658,-0.05507704898781012,0.36958093041664764,370,1,0
s_exp_H2,1,4,X_electron_aff,False,unrelated_DFT,0.698346169023131,11.0,0.5089038847927551,True,0.2808308082090187,0.24013717944693838,0.36958093041664764,368,1,0
s_exp_H2,1,4,X_atomization_H,False,unrelated_DFT,0.707951500189446,9.0,0.5089038847927551,True,0.3806683171538338,-0.029999888589183416,0.36958093041664764,390,1,0
s_exp_H2,1,4,X_bandgap_chain,False,unrelated_DFT,0.721900559909833,8.0,0.5089038847927551,True,0.35364558555486153,0.04311733520401437,0.36958093041664764,4208,7,1
s_exp_H2,1,4,PERM00_p_exp_O2,True,permuted,0.08727426307726552,,0.5089038847927551,False,0.3708003346380016,-0.0032994240800770566,0.36958093041664764,753,35,1
s_exp_H2,1,4,PERM01_s_exp_CH4,True,permuted,0.11544687964853732,,0.5089038847927551,False,0.3794368986672497,-0.026667956702990454,0.36958093041664764,121,33,0
s_exp_H2,1,4,PERM02_d_sim_CO2,True,permuted,0.14310654044579943,,0.5089038847927551,False,0.3874780144729406,-0.048425344987677456,0.36958093041664764,226,22,0
s_exp_H2,1,4,PERM03_X_CED,True,permuted,0.13145625311861006,,0.5089038847927551,False,0.39467714356337713,-0.06790451314259435,0.36958093041664764,294,13,0
s_exp_H2,1,4,PERM04_X_ionization_E,True,permuted,0.6194623723967052,,0.5089038847927551,True,0.2242460112663789,0.39324247326945466,0.36958093041664764,370,1,0
s_exp_H2,1,4,PERM05_p_exp_O2,True,permuted,0.1566976244609269,,0.5089038847927551,False,0.37824375012141276,-0.023439574371434912,0.36958093041664764,753,35,1
s_exp_H2,1,4,PERM06_s_exp_CH4,True,permuted,0.3737768443879277,,0.5089038847927551,False,0.39611172530637445,-0.07178615752662694,0.36958093041664764,121,33,0
s_exp_H2,1,4,PERM07_d_sim_CO2,True,permuted,0.23769529078231105,,0.5089038847927551,False,0.3839381565280773,-0.038847313077663405,0.36958093041664764,226,22,0
s_exp_H2,1,4,PERM08_X_CED,True,permuted,0.3685689876719556,,0.5089038847927551,False,0.39003177352247725,-0.05533522274207798,0.36958093041664764,294,13,0
s_exp_H2,1,4,PERM09_X_ionization_E,True,permuted,0.3100955829583053,,0.5089038847927551,False,0.3200930837959343,0.13390259763923187,0.36958093041664764,370,1,0
