hypothesis,test_id,dataset,model,metric,value,ci_lo,ci_hi,threshold,verdict,n_units,note
H1,H1_rf_gap,ES1,RF,gap=RMSE_group/RMSE_random-1,0.8846,0.6347,1.2665,RF gap >= 0.20,PASS,54,"RMSE random 0.1766, group 0.3329 (mean of 5 seeds); per-seed gap range [0.790, 0.948]; CI = source bootstrap of seed-mean squared errors; FIX ROUND: within-source-dedup gap 0.618 (176 dup rows dropped; dedup verdict PASS); leak-free (PREREG s1 copy removal) gap 0.885; CI lower bound >= 0.20"
H1,H1_vs_pseudo,ES1,RF,RF gap - pseudo-source gap p95,0.9086,,,real RF gap > 95th percentile of 20 pseudo-source gaps,PASS,20,"real gap 0.8846; pseudo gaps mean -0.0426, p95 -0.0240, max -0.0212"
H1,H1_other_model,ES1,GB|KNN,"max(GB gap, KNN gap)",1.0810,,,gap >= 0.10 in at least one other model (GB or KNN),PASS,54,"GB gap 1.0810 CI [0.745, 1.623]; KNN gap 0.7629 CI [0.485, 1.212]"
H1,H1_dataset,ES1,RF+GB+KNN,all three conditions,3,,,RF gap>=0.20 AND RF gap>pseudo p95 AND (GB or KNN gap>=0.10),PASS,54,conditions met 3/3
H1,H1_desc_source_avg,ES1,RF,"mean_s RMSE_group,s / mean_s RMSE_random,s - 1",0.7498,,,"descriptive (each source weighted equally), not graded",DESCRIPTIVE,54,median per-source RMSE ratio group/random 1.702; share of sources worse under group CV 0.91; largest contributor to group SE: 0.14 of total (n=46 rows); pooled gap without it 0.956
H1,H1_desc_robustness,ES1,RF,source jackknife min gap | gap without top-3 sources (by group SE),0.812|0.912,0.6347,1.2665,descriptive (fix round): is the RF gap >= 0.20 also at the CI level / without a few sources?,DESCRIPTIVE,54,"RF gap CI lower bound 0.635 >= 0.20; SE-estimand gap 0.885; jackknife range [0.812, 0.964] (min when dropping 10.1016/j.memsci.2013.01.023); top-3 sources carry 0.32 of group SE (117 rows)"
H1,H1_diag_material_gap,ES1,RF,RMSE_leave-material-out/RMSE_random-1,1.1002,0.7591,1.6130,"diagnostic, not graded",DESCRIPTIVE,54,GroupKFold(10) on ds.material; CI = source bootstrap
H1,H1_diag_material_gap,ES1,GB,RMSE_leave-material-out/RMSE_random-1,1.3629,0.8840,2.0780,"diagnostic, not graded",DESCRIPTIVE,54,GroupKFold(10) on ds.material; CI = source bootstrap
H1,H1_diag_material_gap,ES1,KNN,RMSE_leave-material-out/RMSE_random-1,0.8623,0.5171,1.4129,"diagnostic, not graded",DESCRIPTIVE,54,GroupKFold(10) on ds.material; CI = source bootstrap
H1,H1_explore_group_leakfree,ES1,RF,RMSE_group_leakfree/RMSE_random-1,0.8846,0.6347,1.2665,"exploratory, not graded",EXPLORATORY,54,same group folds; training rows duplicating key+value of a test-fold row removed
H1,H1_rf_gap,ES2,RF,gap=RMSE_group/RMSE_random-1,2.0894,0.7361,3.1639,RF gap >= 0.20,PASS,28,"RMSE random 0.1786, group 0.5517 (mean of 5 seeds); per-seed gap range [2.009, 2.172]; CI = source bootstrap of seed-mean squared errors; FIX ROUND: within-source-dedup gap 1.968 (8 dup rows dropped; dedup verdict PASS); leak-free (PREREG s1 copy removal) gap 2.089; CI lower bound >= 0.20"
H1,H1_vs_pseudo,ES2,RF,RF gap - pseudo-source gap p95,2.0749,,,real RF gap > 95th percentile of 20 pseudo-source gaps,PASS,20,"real gap 2.0894; pseudo gaps mean -0.0293, p95 0.0144, max 0.0404"
H1,H1_other_model,ES2,GB|KNN,"max(GB gap, KNN gap)",2.9666,,,gap >= 0.10 in at least one other model (GB or KNN),PASS,28,"GB gap 2.9666 CI [1.306, 4.430]; KNN gap 1.6294 CI [0.748, 2.441]"
H1,H1_dataset,ES2,RF+GB+KNN,all three conditions,3,,,RF gap>=0.20 AND RF gap>pseudo p95 AND (GB or KNN gap>=0.10),PASS,28,conditions met 3/3
H1,H1_desc_source_avg,ES2,RF,"mean_s RMSE_group,s / mean_s RMSE_random,s - 1",0.9192,,,"descriptive (each source weighted equally), not graded",DESCRIPTIVE,28,median per-source RMSE ratio group/random 1.418; share of sources worse under group CV 0.82; largest contributor to group SE: 0.55 of total (n=56 rows); pooled gap without it 1.279
H1,H1_desc_robustness,ES2,RF,source jackknife min gap | gap without top-3 sources (by group SE),1.279|0.747,0.7361,3.1639,descriptive (fix round): is the RF gap >= 0.20 also at the CI level / without a few sources?,DESCRIPTIVE,28,"RF gap CI lower bound 0.736 >= 0.20; SE-estimand gap 2.089; jackknife range [1.279, 2.214] (min when dropping 10.1117/12.837918); top-3 sources carry 0.75 of group SE (99 rows)"
H1,H1_diag_material_gap,ES2,RF,RMSE_leave-material-out/RMSE_random-1,1.8695,0.8156,2.6859,"diagnostic, not graded",DESCRIPTIVE,28,GroupKFold(10) on ds.material; CI = source bootstrap
H1,H1_diag_material_gap,ES2,GB,RMSE_leave-material-out/RMSE_random-1,2.9461,1.4398,4.6886,"diagnostic, not graded",DESCRIPTIVE,28,GroupKFold(10) on ds.material; CI = source bootstrap
H1,H1_diag_material_gap,ES2,KNN,RMSE_leave-material-out/RMSE_random-1,1.5586,0.6580,2.3643,"diagnostic, not graded",DESCRIPTIVE,28,GroupKFold(10) on ds.material; CI = source bootstrap
H1,H1_explore_group_leakfree,ES2,RF,RMSE_group_leakfree/RMSE_random-1,2.0894,0.7361,3.1639,"exploratory, not graded",EXPLORATORY,28,same group folds; training rows duplicating key+value of a test-fold row removed
H1,H1_rf_gap,DYE,RF,gap=RMSE_group/RMSE_random-1,0.3310,0.0825,0.6759,RF gap >= 0.20,PASS,12,"RMSE random 22.3278, group 29.7191 (mean of 5 seeds); per-seed gap range [0.300, 0.352]; CI = source bootstrap of seed-mean squared errors; FIX ROUND: within-source-dedup gap nan (None dup rows dropped; dedup verdict INCONCLUSIVE); leak-free (PREREG s1 copy removal) gap 0.349; CI lower bound < 0.20"
H1,H1_vs_pseudo,DYE,RF,RF gap - pseudo-source gap p95,0.2618,,,real RF gap > 95th percentile of 20 pseudo-source gaps,PASS,20,"real gap 0.3310; pseudo gaps mean 0.0200, p95 0.0692, max 0.1071"
H1,H1_other_model,DYE,GB|KNN,"max(GB gap, KNN gap)",0.4573,,,gap >= 0.10 in at least one other model (GB or KNN),PASS,12,"GB gap 0.3601 CI [0.126, 1.069]; KNN gap 0.4573 CI [0.111, 0.641]"
H1,H1_dataset,DYE,RF+GB+KNN,all three conditions,3,,,RF gap>=0.20 AND RF gap>pseudo p95 AND (GB or KNN gap>=0.10),PASS,12,conditions met 3/3
H1,H1_desc_source_avg,DYE,RF,"mean_s RMSE_group,s / mean_s RMSE_random,s - 1",0.2173,,,"descriptive (each source weighted equally), not graded",DESCRIPTIVE,12,median per-source RMSE ratio group/random 1.095; share of sources worse under group CV 0.75; largest contributor to group SE: 0.60 of total (n=70 rows); pooled gap without it 0.389
H1,H1_desc_robustness,DYE,RF,source jackknife min gap | gap without top-3 sources (by group SE),0.243|0.065,0.0825,0.6759,descriptive (fix round): is the RF gap >= 0.20 also at the CI level / without a few sources?,DESCRIPTIVE,12,"RF gap CI lower bound 0.082 < (point-estimate pass only) 0.20; SE-estimand gap 0.331; jackknife range [0.243, 0.389] (min when dropping [5]); top-3 sources carry 0.82 of group SE (91 rows)"
H1,H1_diag_material_gap,DYE,RF,RMSE_leave-material-out/RMSE_random-1,-0.0248,-0.0690,-0.0131,"diagnostic, not graded",DESCRIPTIVE,12,GroupKFold(10) on ds.material; CI = source bootstrap
H1,H1_diag_material_gap,DYE,GB,RMSE_leave-material-out/RMSE_random-1,-0.0174,-0.0720,-0.0038,"diagnostic, not graded",DESCRIPTIVE,12,GroupKFold(10) on ds.material; CI = source bootstrap
H1,H1_diag_material_gap,DYE,KNN,RMSE_leave-material-out/RMSE_random-1,-0.0280,-0.0590,-0.0142,"diagnostic, not graded",DESCRIPTIVE,12,GroupKFold(10) on ds.material; CI = source bootstrap
H1,H1_explore_group_leakfree,DYE,RF,RMSE_group_leakfree/RMSE_random-1,0.3485,0.1428,0.7436,"exploratory, not graded",EXPLORATORY,12,same group folds; training rows duplicating key+value of a test-fold row removed
H1,H1_rf_gap,DES_RHO,RF,gap=RMSE_group/RMSE_random-1,1.0027,0.4661,1.7291,RF gap >= 0.20,PASS,132,"RMSE random 0.0199, group 0.0399 (mean of 5 seeds); per-seed gap range [0.883, 1.123]; CI = source bootstrap of seed-mean squared errors; FIX ROUND: within-source-dedup gap nan (None dup rows dropped; dedup verdict INCONCLUSIVE); leak-free (PREREG s1 copy removal) gap 1.660; CI lower bound >= 0.20"
H1,H1_vs_pseudo,DES_RHO,RF,RF gap - pseudo-source gap p95,0.9390,,,real RF gap > 95th percentile of 20 pseudo-source gaps,PASS,20,"real gap 1.0027; pseudo gaps mean 0.0087, p95 0.0637, max 0.0647"
H1,H1_other_model,DES_RHO,GB|KNN,"max(GB gap, KNN gap)",1.1508,,,gap >= 0.10 in at least one other model (GB or KNN),PASS,132,"GB gap 1.1508 CI [0.549, 1.973]; KNN gap 0.9500 CI [0.496, 1.410]"
H1,H1_dataset,DES_RHO,RF+GB+KNN,all three conditions,3,,,RF gap>=0.20 AND RF gap>pseudo p95 AND (GB or KNN gap>=0.10),PASS,132,conditions met 3/3
H1,H1_desc_source_avg,DES_RHO,RF,"mean_s RMSE_group,s / mean_s RMSE_random,s - 1",0.3277,,,"descriptive (each source weighted equally), not graded",DESCRIPTIVE,132,median per-source RMSE ratio group/random 1.017; share of sources worse under group CV 0.60; largest contributor to group SE: 0.23 of total (n=2667 rows); pooled gap without it 0.921
H1,H1_desc_robustness,DES_RHO,RF,source jackknife min gap | gap without top-3 sources (by group SE),0.861|0.546,0.4661,1.7291,descriptive (fix round): is the RF gap >= 0.20 also at the CI level / without a few sources?,DESCRIPTIVE,132,"RF gap CI lower bound 0.466 >= 0.20; SE-estimand gap 1.004; jackknife range [0.861, 1.119] (min when dropping 10.1016/j.molliq.2022.119396); top-3 sources carry 0.52 of group SE (2869 rows)"
H1,H1_diag_material_gap,DES_RHO,RF,RMSE_leave-material-out/RMSE_random-1,1.0121,0.4545,1.6316,"diagnostic, not graded",DESCRIPTIVE,132,GroupKFold(10) on ds.material; CI = source bootstrap
H1,H1_diag_material_gap,DES_RHO,GB,RMSE_leave-material-out/RMSE_random-1,1.1836,0.5845,1.7675,"diagnostic, not graded",DESCRIPTIVE,132,GroupKFold(10) on ds.material; CI = source bootstrap
H1,H1_diag_material_gap,DES_RHO,KNN,RMSE_leave-material-out/RMSE_random-1,1.0929,0.5354,1.6103,"diagnostic, not graded",DESCRIPTIVE,132,GroupKFold(10) on ds.material; CI = source bootstrap
H1,H1_explore_group_leakfree,DES_RHO,RF,RMSE_group_leakfree/RMSE_random-1,1.6604,0.6824,2.6153,"exploratory, not graded",EXPLORATORY,132,same group folds; training rows duplicating key+value of a test-fold row removed
H1,H1_rf_gap,DES_ETA,RF,gap=RMSE_group/RMSE_random-1,1.5597,0.9034,2.2919,RF gap >= 0.20,PASS,114,"RMSE random 0.2334, group 0.5974 (mean of 5 seeds); per-seed gap range [1.499, 1.620]; CI = source bootstrap of seed-mean squared errors; FIX ROUND: within-source-dedup gap nan (None dup rows dropped; dedup verdict INCONCLUSIVE); leak-free (PREREG s1 copy removal) gap 1.606; CI lower bound >= 0.20"
H1,H1_vs_pseudo,DES_ETA,RF,RF gap - pseudo-source gap p95,1.5670,,,real RF gap > 95th percentile of 20 pseudo-source gaps,PASS,20,"real gap 1.5597; pseudo gaps mean -0.0165, p95 -0.0073, max 0.0004"
H1,H1_other_model,DES_ETA,GB|KNN,"max(GB gap, KNN gap)",1.8674,,,gap >= 0.10 in at least one other model (GB or KNN),PASS,114,"GB gap 1.8674 CI [1.037, 2.824]; KNN gap 1.4373 CI [0.956, 1.996]"
H1,H1_dataset,DES_ETA,RF+GB+KNN,all three conditions,3,,,RF gap>=0.20 AND RF gap>pseudo p95 AND (GB or KNN gap>=0.10),PASS,114,conditions met 3/3
H1,H1_desc_source_avg,DES_ETA,RF,"mean_s RMSE_group,s / mean_s RMSE_random,s - 1",0.7018,,,"descriptive (each source weighted equally), not graded",DESCRIPTIVE,114,median per-source RMSE ratio group/random 1.364; share of sources worse under group CV 0.77; largest contributor to group SE: 0.28 of total (n=112 rows); pooled gap without it 1.227
H1,H1_desc_robustness,DES_ETA,RF,source jackknife min gap | gap without top-3 sources (by group SE),1.227|1.160,0.9034,2.2919,descriptive (fix round): is the RF gap >= 0.20 also at the CI level / without a few sources?,DESCRIPTIVE,114,"RF gap CI lower bound 0.903 >= 0.20; SE-estimand gap 1.560; jackknife range [1.227, 1.666] (min when dropping 10.1016/j.jcou.2022.102217); top-3 sources carry 0.45 of group SE (1592 rows)"
H1,H1_diag_material_gap,DES_ETA,RF,RMSE_leave-material-out/RMSE_random-1,0.5404,0.2930,0.8945,"diagnostic, not graded",DESCRIPTIVE,114,GroupKFold(10) on ds.material; CI = source bootstrap
H1,H1_diag_material_gap,DES_ETA,GB,RMSE_leave-material-out/RMSE_random-1,0.6656,0.3699,1.0373,"diagnostic, not graded",DESCRIPTIVE,114,GroupKFold(10) on ds.material; CI = source bootstrap
H1,H1_diag_material_gap,DES_ETA,KNN,RMSE_leave-material-out/RMSE_random-1,0.4507,0.2100,0.8177,"diagnostic, not graded",DESCRIPTIVE,114,GroupKFold(10) on ds.material; CI = source bootstrap
H1,H1_explore_group_leakfree,DES_ETA,RF,RMSE_group_leakfree/RMSE_random-1,1.6062,0.9479,2.3212,"exploratory, not graded",EXPLORATORY,114,same group folds; training rows duplicating key+value of a test-fold row removed
H1,H1_rf_gap,DES_MP,RF,gap=RMSE_group/RMSE_random-1,1.4478,0.9885,1.9484,RF gap >= 0.20,PASS,115,"RMSE random 18.5659, group 45.4450 (mean of 5 seeds); per-seed gap range [1.418, 1.493]; CI = source bootstrap of seed-mean squared errors; FIX ROUND: within-source-dedup gap nan (None dup rows dropped; dedup verdict INCONCLUSIVE); leak-free (PREREG s1 copy removal) gap 1.455; CI lower bound >= 0.20"
H1,H1_vs_pseudo,DES_MP,RF,RF gap - pseudo-source gap p95,1.4854,,,real RF gap > 95th percentile of 20 pseudo-source gaps,PASS,20,"real gap 1.4478; pseudo gaps mean -0.0533, p95 -0.0376, max -0.0299"
H1,H1_other_model,DES_MP,GB|KNN,"max(GB gap, KNN gap)",2.0226,,,gap >= 0.10 in at least one other model (GB or KNN),PASS,115,"GB gap 1.6740 CI [1.133, 2.265]; KNN gap 2.0226 CI [1.406, 2.626]"
H1,H1_dataset,DES_MP,RF+GB+KNN,all three conditions,3,,,RF gap>=0.20 AND RF gap>pseudo p95 AND (GB or KNN gap>=0.10),PASS,115,conditions met 3/3
H1,H1_desc_source_avg,DES_MP,RF,"mean_s RMSE_group,s / mean_s RMSE_random,s - 1",0.7876,,,"descriptive (each source weighted equally), not graded",DESCRIPTIVE,115,median per-source RMSE ratio group/random 1.568; share of sources worse under group CV 0.78; largest contributor to group SE: 0.23 of total (n=206 rows); pooled gap without it 1.195
H1,H1_desc_robustness,DES_MP,RF,source jackknife min gap | gap without top-3 sources (by group SE),1.195|1.058,0.9885,1.9484,descriptive (fix round): is the RF gap >= 0.20 also at the CI level / without a few sources?,DESCRIPTIVE,115,"RF gap CI lower bound 0.988 >= 0.20; SE-estimand gap 1.448; jackknife range [1.195, 1.494] (min when dropping 10.1002/cssc.202001331); top-3 sources carry 0.36 of group SE (453 rows)"
H1,H1_diag_material_gap,DES_MP,RF,RMSE_leave-material-out/RMSE_random-1,0.1223,0.0552,0.1887,"diagnostic, not graded",DESCRIPTIVE,115,GroupKFold(10) on ds.material; CI = source bootstrap
H1,H1_diag_material_gap,DES_MP,GB,RMSE_leave-material-out/RMSE_random-1,0.1425,0.0710,0.2163,"diagnostic, not graded",DESCRIPTIVE,115,GroupKFold(10) on ds.material; CI = source bootstrap
H1,H1_diag_material_gap,DES_MP,KNN,RMSE_leave-material-out/RMSE_random-1,0.3266,0.1332,0.5361,"diagnostic, not graded",DESCRIPTIVE,115,GroupKFold(10) on ds.material; CI = source bootstrap
H1,H1_explore_group_leakfree,DES_MP,RF,RMSE_group_leakfree/RMSE_random-1,1.4546,0.9914,1.9620,"exploratory, not graded",EXPLORATORY,115,same group folds; training rows duplicating key+value of a test-fold row removed
H1,H1_rf_gap,IL_CELL,RF,gap=RMSE_group/RMSE_random-1,0.5553,0.2656,0.9185,RF gap >= 0.20,PASS,33,"RMSE random 4.1596, group 6.4694 (mean of 5 seeds); per-seed gap range [0.519, 0.592]; CI = source bootstrap of seed-mean squared errors; FIX ROUND: within-source-dedup gap nan (None dup rows dropped; dedup verdict INCONCLUSIVE); leak-free (PREREG s1 copy removal) gap 0.555; CI lower bound >= 0.20"
H1,H1_vs_pseudo,IL_CELL,RF,RF gap - pseudo-source gap p95,0.5705,,,real RF gap > 95th percentile of 20 pseudo-source gaps,PASS,20,"real gap 0.5553; pseudo gaps mean -0.0369, p95 -0.0152, max -0.0099"
H1,H1_other_model,IL_CELL,GB|KNN,"max(GB gap, KNN gap)",0.8357,,,gap >= 0.10 in at least one other model (GB or KNN),PASS,33,"GB gap 0.8357 CI [0.456, 1.444]; KNN gap 0.5925 CI [0.242, 1.003]"
H1,H1_dataset,IL_CELL,RF+GB+KNN,all three conditions,3,,,RF gap>=0.20 AND RF gap>pseudo p95 AND (GB or KNN gap>=0.10),PASS,33,conditions met 3/3
H1,H1_desc_source_avg,IL_CELL,RF,"mean_s RMSE_group,s / mean_s RMSE_random,s - 1",0.3799,,,"descriptive (each source weighted equally), not graded",DESCRIPTIVE,33,median per-source RMSE ratio group/random 1.324; share of sources worse under group CV 0.88; largest contributor to group SE: 0.19 of total (n=117 rows); pooled gap without it 0.460
H1,H1_desc_robustness,IL_CELL,RF,source jackknife min gap | gap without top-3 sources (by group SE),0.447|0.367,0.2656,0.9185,descriptive (fix round): is the RF gap >= 0.20 also at the CI level / without a few sources?,DESCRIPTIVE,33,"RF gap CI lower bound 0.266 >= 0.20; SE-estimand gap 0.555; jackknife range [0.447, 0.667] (min when dropping Macromolecules 2020, 53, 3284âˆ’3295); top-3 sources carry 0.56 of group SE (260 rows)"
H1,H1_diag_material_gap,IL_CELL,RF,RMSE_leave-material-out/RMSE_random-1,0.1564,0.0305,0.2290,"diagnostic, not graded",DESCRIPTIVE,33,GroupKFold(10) on ds.material; CI = source bootstrap
H1,H1_diag_material_gap,IL_CELL,GB,RMSE_leave-material-out/RMSE_random-1,0.2884,0.0832,0.4441,"diagnostic, not graded",DESCRIPTIVE,33,GroupKFold(10) on ds.material; CI = source bootstrap
H1,H1_diag_material_gap,IL_CELL,KNN,RMSE_leave-material-out/RMSE_random-1,0.1527,0.0433,0.2556,"diagnostic, not graded",DESCRIPTIVE,33,GroupKFold(10) on ds.material; CI = source bootstrap
H1,H1_explore_group_leakfree,IL_CELL,RF,RMSE_group_leakfree/RMSE_random-1,0.5553,0.2642,0.9199,"exploratory, not graded",EXPLORATORY,33,same group folds; training rows duplicating key+value of a test-fold row removed
H1,H1_rf_gap,DES_RHO_lineage,RF,gap=RMSE_group/RMSE_random-1,1.1654,0.6307,1.9277,RF gap >= 0.20,PASS,132,"lineage-cleaned variant (copies removed by copy_mask); separate graded row, not counted in the primary 7-dataset overall. RMSE random 0.0237, group 0.0512 (mean of 5 seeds); per-seed gap range [1.092, 1.272]; CI = source bootstrap of seed-mean squared errors"
H1,H1_vs_pseudo,DES_RHO_lineage,RF,RF gap - pseudo-source gap p95,1.1739,,,real RF gap > 95th percentile of 20 pseudo-source gaps,PASS,20,"lineage-cleaned variant (copies removed by copy_mask); separate graded row, not counted in the primary 7-dataset overall. real gap 1.1654; pseudo gaps mean -0.0255, p95 -0.0085, max -0.0074"
H1,H1_other_model,DES_RHO_lineage,GB|KNN,"max(GB gap, KNN gap)",1.1846,,,gap >= 0.10 in at least one other model (GB or KNN),PASS,132,"lineage-cleaned variant (copies removed by copy_mask); separate graded row, not counted in the primary 7-dataset overall. GB gap 1.1846 CI [0.624, 1.965]; KNN gap 1.0178 CI [0.600, 1.471]"
H1,H1_dataset,DES_RHO_lineage,RF+GB+KNN,all three conditions,3,,,RF gap>=0.20 AND RF gap>pseudo p95 AND (GB or KNN gap>=0.10),PASS,132,"lineage-cleaned variant (copies removed by copy_mask); separate graded row, not counted in the primary 7-dataset overall. conditions met 3/3"
H1,H1_desc_source_avg,DES_RHO_lineage,RF,"mean_s RMSE_group,s / mean_s RMSE_random,s - 1",0.5449,,,"descriptive (each source weighted equally), not graded",DESCRIPTIVE,132,"lineage-cleaned variant (copies removed by copy_mask); separate graded row, not counted in the primary 7-dataset overall. median per-source RMSE ratio group/random 1.106; share of sources worse under group CV 0.73; largest contributor to group SE: 0.18 of total (n=791 rows); pooled gap without it 1.071"
H1,H1_desc_robustness,DES_RHO_lineage,RF,source jackknife min gap | gap without top-3 sources (by group SE),1.042|0.760,0.6307,1.9277,descriptive (fix round): is the RF gap >= 0.20 also at the CI level / without a few sources?,DESCRIPTIVE,132,"lineage-cleaned variant (copies removed by copy_mask); separate graded row, not counted in the primary 7-dataset overall. RF gap CI lower bound 0.631 >= 0.20; SE-estimand gap 1.166; jackknife range [1.042, 1.308] (min when dropping 10.1016/j.molliq.2022.119396); top-3 sources carry 0.42 of group SE (978 rows)"
H1,H1_diag_material_gap,DES_RHO_lineage,RF,RMSE_leave-material-out/RMSE_random-1,0.7946,0.4093,1.3214,"diagnostic, not graded",DESCRIPTIVE,132,"lineage-cleaned variant (copies removed by copy_mask); separate graded row, not counted in the primary 7-dataset overall. GroupKFold(10) on ds.material; CI = source bootstrap"
H1,H1_diag_material_gap,DES_RHO_lineage,GB,RMSE_leave-material-out/RMSE_random-1,0.8867,0.4494,1.4585,"diagnostic, not graded",DESCRIPTIVE,132,"lineage-cleaned variant (copies removed by copy_mask); separate graded row, not counted in the primary 7-dataset overall. GroupKFold(10) on ds.material; CI = source bootstrap"
H1,H1_diag_material_gap,DES_RHO_lineage,KNN,RMSE_leave-material-out/RMSE_random-1,0.7463,0.4081,1.0835,"diagnostic, not graded",DESCRIPTIVE,132,"lineage-cleaned variant (copies removed by copy_mask); separate graded row, not counted in the primary 7-dataset overall. GroupKFold(10) on ds.material; CI = source bootstrap"
H1,H1_explore_group_leakfree,DES_RHO_lineage,RF,RMSE_group_leakfree/RMSE_random-1,1.1654,0.6307,1.9277,"exploratory, not graded",EXPLORATORY,132,"lineage-cleaned variant (copies removed by copy_mask); separate graded row, not counted in the primary 7-dataset overall. same group folds; training rows duplicating key+value of a test-fold row removed"
H1,H1_rf_gap,DES_ETA_lineage,RF,gap=RMSE_group/RMSE_random-1,1.6150,0.9470,2.3621,RF gap >= 0.20,PASS,114,"lineage-cleaned variant (copies removed by copy_mask); separate graded row, not counted in the primary 7-dataset overall. RMSE random 0.2380, group 0.6224 (mean of 5 seeds); per-seed gap range [1.577, 1.654]; CI = source bootstrap of seed-mean squared errors"
H1,H1_vs_pseudo,DES_ETA_lineage,RF,RF gap - pseudo-source gap p95,1.6188,,,real RF gap > 95th percentile of 20 pseudo-source gaps,PASS,20,"lineage-cleaned variant (copies removed by copy_mask); separate graded row, not counted in the primary 7-dataset overall. real gap 1.6150; pseudo gaps mean -0.0176, p95 -0.0038, max 0.0043"
H1,H1_other_model,DES_ETA_lineage,GB|KNN,"max(GB gap, KNN gap)",1.9312,,,gap >= 0.10 in at least one other model (GB or KNN),PASS,114,"lineage-cleaned variant (copies removed by copy_mask); separate graded row, not counted in the primary 7-dataset overall. GB gap 1.9312 CI [1.082, 2.922]; KNN gap 1.4376 CI [0.958, 2.000]"
H1,H1_dataset,DES_ETA_lineage,RF+GB+KNN,all three conditions,3,,,RF gap>=0.20 AND RF gap>pseudo p95 AND (GB or KNN gap>=0.10),PASS,114,"lineage-cleaned variant (copies removed by copy_mask); separate graded row, not counted in the primary 7-dataset overall. conditions met 3/3"
H1,H1_desc_source_avg,DES_ETA_lineage,RF,"mean_s RMSE_group,s / mean_s RMSE_random,s - 1",0.7550,,,"descriptive (each source weighted equally), not graded",DESCRIPTIVE,114,"lineage-cleaned variant (copies removed by copy_mask); separate graded row, not counted in the primary 7-dataset overall. median per-source RMSE ratio group/random 1.443; share of sources worse under group CV 0.82; largest contributor to group SE: 0.27 of total (n=112 rows); pooled gap without it 1.279"
H1,H1_desc_robustness,DES_ETA_lineage,RF,source jackknife min gap | gap without top-3 sources (by group SE),1.279|1.209,0.9470,2.3621,descriptive (fix round): is the RF gap >= 0.20 also at the CI level / without a few sources?,DESCRIPTIVE,114,"lineage-cleaned variant (copies removed by copy_mask); separate graded row, not counted in the primary 7-dataset overall. RF gap CI lower bound 0.947 >= 0.20; SE-estimand gap 1.615; jackknife range [1.279, 1.725] (min when dropping 10.1016/j.jcou.2022.102217); top-3 sources carry 0.45 of group SE (1340 rows)"
H1,H1_diag_material_gap,DES_ETA_lineage,RF,RMSE_leave-material-out/RMSE_random-1,0.5474,0.2861,0.9385,"diagnostic, not graded",DESCRIPTIVE,114,"lineage-cleaned variant (copies removed by copy_mask); separate graded row, not counted in the primary 7-dataset overall. GroupKFold(10) on ds.material; CI = source bootstrap"
H1,H1_diag_material_gap,DES_ETA_lineage,GB,RMSE_leave-material-out/RMSE_random-1,0.6540,0.3555,1.0585,"diagnostic, not graded",DESCRIPTIVE,114,"lineage-cleaned variant (copies removed by copy_mask); separate graded row, not counted in the primary 7-dataset overall. GroupKFold(10) on ds.material; CI = source bootstrap"
H1,H1_diag_material_gap,DES_ETA_lineage,KNN,RMSE_leave-material-out/RMSE_random-1,0.3982,0.1888,0.7259,"diagnostic, not graded",DESCRIPTIVE,114,"lineage-cleaned variant (copies removed by copy_mask); separate graded row, not counted in the primary 7-dataset overall. GroupKFold(10) on ds.material; CI = source bootstrap"
H1,H1_explore_group_leakfree,DES_ETA_lineage,RF,RMSE_group_leakfree/RMSE_random-1,1.6150,0.9470,2.3621,"exploratory, not graded",EXPLORATORY,114,"lineage-cleaned variant (copies removed by copy_mask); separate graded row, not counted in the primary 7-dataset overall. same group folds; training rows duplicating key+value of a test-fold row removed"
H1,H1_rf_gap,ES1_dedup,RF,gap=RMSE_group/RMSE_random-1,0.6180,0.4514,0.8341,RF gap >= 0.20,PASS,54,"FIX-ROUND SENSITIVITY: within-source exact duplicates collapsed (vrr_dedup.py; 176 rows dropped); separate graded row, not counted in the primary 7-dataset overall. RMSE random 0.1949, group 0.3154 (mean of 5 seeds); per-seed gap range [0.575, 0.646]; CI = source bootstrap of seed-mean squared errors"
H1,H1_vs_pseudo,ES1_dedup,RF,RF gap - pseudo-source gap p95,0.6185,,,real RF gap > 95th percentile of 20 pseudo-source gaps,PASS,20,"FIX-ROUND SENSITIVITY: within-source exact duplicates collapsed (vrr_dedup.py; 176 rows dropped); separate graded row, not counted in the primary 7-dataset overall. real gap 0.6180; pseudo gaps mean -0.0225, p95 -0.0005, max 0.0012"
H1,H1_other_model,ES1_dedup,GB|KNN,"max(GB gap, KNN gap)",0.7919,,,gap >= 0.10 in at least one other model (GB or KNN),PASS,54,"FIX-ROUND SENSITIVITY: within-source exact duplicates collapsed (vrr_dedup.py; 176 rows dropped); separate graded row, not counted in the primary 7-dataset overall. GB gap 0.7919 CI [0.574, 1.154]; KNN gap 0.6026 CI [0.367, 0.971]"
H1,H1_dataset,ES1_dedup,RF+GB+KNN,all three conditions,3,,,RF gap>=0.20 AND RF gap>pseudo p95 AND (GB or KNN gap>=0.10),PASS,54,"FIX-ROUND SENSITIVITY: within-source exact duplicates collapsed (vrr_dedup.py; 176 rows dropped); separate graded row, not counted in the primary 7-dataset overall. conditions met 3/3"
H1,H1_desc_source_avg,ES1_dedup,RF,"mean_s RMSE_group,s / mean_s RMSE_random,s - 1",0.5316,,,"descriptive (each source weighted equally), not graded",DESCRIPTIVE,54,"FIX-ROUND SENSITIVITY: within-source exact duplicates collapsed (vrr_dedup.py; 176 rows dropped); separate graded row, not counted in the primary 7-dataset overall. median per-source RMSE ratio group/random 1.525; share of sources worse under group CV 0.91; largest contributor to group SE: 0.19 of total (n=46 rows); pooled gap without it 0.643"
H1,H1_desc_robustness,ES1_dedup,RF,source jackknife min gap | gap without top-3 sources (by group SE),0.569|0.544,0.4514,0.8341,descriptive (fix round): is the RF gap >= 0.20 also at the CI level / without a few sources?,DESCRIPTIVE,54,"FIX-ROUND SENSITIVITY: within-source exact duplicates collapsed (vrr_dedup.py; 176 rows dropped); separate graded row, not counted in the primary 7-dataset overall. RF gap CI lower bound 0.451 >= 0.20; SE-estimand gap 0.618; jackknife range [0.569, 0.672] (min when dropping 10.1016/j.polymer.2008.09.025); top-3 sources carry 0.36 of group SE (110 rows)"
H1,H1_diag_material_gap,ES1_dedup,RF,RMSE_leave-material-out/RMSE_random-1,0.8051,0.5517,1.1395,"diagnostic, not graded",DESCRIPTIVE,54,"FIX-ROUND SENSITIVITY: within-source exact duplicates collapsed (vrr_dedup.py; 176 rows dropped); separate graded row, not counted in the primary 7-dataset overall. GroupKFold(10) on ds.material; CI = source bootstrap"
H1,H1_diag_material_gap,ES1_dedup,GB,RMSE_leave-material-out/RMSE_random-1,0.9434,0.6396,1.4211,"diagnostic, not graded",DESCRIPTIVE,54,"FIX-ROUND SENSITIVITY: within-source exact duplicates collapsed (vrr_dedup.py; 176 rows dropped); separate graded row, not counted in the primary 7-dataset overall. GroupKFold(10) on ds.material; CI = source bootstrap"
H1,H1_diag_material_gap,ES1_dedup,KNN,RMSE_leave-material-out/RMSE_random-1,0.5731,0.3496,0.9253,"diagnostic, not graded",DESCRIPTIVE,54,"FIX-ROUND SENSITIVITY: within-source exact duplicates collapsed (vrr_dedup.py; 176 rows dropped); separate graded row, not counted in the primary 7-dataset overall. GroupKFold(10) on ds.material; CI = source bootstrap"
H1,H1_explore_group_leakfree,ES1_dedup,RF,RMSE_group_leakfree/RMSE_random-1,0.6180,0.4514,0.8341,"exploratory, not graded",EXPLORATORY,54,"FIX-ROUND SENSITIVITY: within-source exact duplicates collapsed (vrr_dedup.py; 176 rows dropped); separate graded row, not counted in the primary 7-dataset overall. same group folds; training rows duplicating key+value of a test-fold row removed"
H1,H1_rf_gap,ES2_dedup,RF,gap=RMSE_group/RMSE_random-1,1.9685,0.6484,2.9428,RF gap >= 0.20,PASS,28,"FIX-ROUND SENSITIVITY: within-source exact duplicates collapsed (vrr_dedup.py; 8 rows dropped); separate graded row, not counted in the primary 7-dataset overall. RMSE random 0.1844, group 0.5474 (mean of 5 seeds); per-seed gap range [1.763, 2.075]; CI = source bootstrap of seed-mean squared errors"
H1,H1_vs_pseudo,ES2_dedup,RF,RF gap - pseudo-source gap p95,1.9779,,,real RF gap > 95th percentile of 20 pseudo-source gaps,PASS,20,"FIX-ROUND SENSITIVITY: within-source exact duplicates collapsed (vrr_dedup.py; 8 rows dropped); separate graded row, not counted in the primary 7-dataset overall. real gap 1.9685; pseudo gaps mean -0.0412, p95 -0.0095, max 0.0057"
H1,H1_other_model,ES2_dedup,GB|KNN,"max(GB gap, KNN gap)",2.7955,,,gap >= 0.10 in at least one other model (GB or KNN),PASS,28,"FIX-ROUND SENSITIVITY: within-source exact duplicates collapsed (vrr_dedup.py; 8 rows dropped); separate graded row, not counted in the primary 7-dataset overall. GB gap 2.7955 CI [1.135, 4.196]; KNN gap 1.5575 CI [0.675, 2.289]"
H1,H1_dataset,ES2_dedup,RF+GB+KNN,all three conditions,3,,,RF gap>=0.20 AND RF gap>pseudo p95 AND (GB or KNN gap>=0.10),PASS,28,"FIX-ROUND SENSITIVITY: within-source exact duplicates collapsed (vrr_dedup.py; 8 rows dropped); separate graded row, not counted in the primary 7-dataset overall. conditions met 3/3"
H1,H1_desc_source_avg,ES2_dedup,RF,"mean_s RMSE_group,s / mean_s RMSE_random,s - 1",0.8611,,,"descriptive (each source weighted equally), not graded",DESCRIPTIVE,28,"FIX-ROUND SENSITIVITY: within-source exact duplicates collapsed (vrr_dedup.py; 8 rows dropped); separate graded row, not counted in the primary 7-dataset overall. median per-source RMSE ratio group/random 1.262; share of sources worse under group CV 0.82; largest contributor to group SE: 0.56 of total (n=54 rows); pooled gap without it 1.168"
H1,H1_desc_robustness,ES2_dedup,RF,source jackknife min gap | gap without top-3 sources (by group SE),1.168|0.655,0.6484,2.9428,descriptive (fix round): is the RF gap >= 0.20 also at the CI level / without a few sources?,DESCRIPTIVE,28,"FIX-ROUND SENSITIVITY: within-source exact duplicates collapsed (vrr_dedup.py; 8 rows dropped); separate graded row, not counted in the primary 7-dataset overall. RF gap CI lower bound 0.648 >= 0.20; SE-estimand gap 1.966; jackknife range [1.168, 2.100] (min when dropping 10.1117/12.837918); top-3 sources carry 0.76 of group SE (95 rows)"
H1,H1_diag_material_gap,ES2_dedup,RF,RMSE_leave-material-out/RMSE_random-1,1.8161,0.8511,2.5317,"diagnostic, not graded",DESCRIPTIVE,28,"FIX-ROUND SENSITIVITY: within-source exact duplicates collapsed (vrr_dedup.py; 8 rows dropped); separate graded row, not counted in the primary 7-dataset overall. GroupKFold(10) on ds.material; CI = source bootstrap"
H1,H1_diag_material_gap,ES2_dedup,GB,RMSE_leave-material-out/RMSE_random-1,2.8384,1.3562,4.5700,"diagnostic, not graded",DESCRIPTIVE,28,"FIX-ROUND SENSITIVITY: within-source exact duplicates collapsed (vrr_dedup.py; 8 rows dropped); separate graded row, not counted in the primary 7-dataset overall. GroupKFold(10) on ds.material; CI = source bootstrap"
H1,H1_diag_material_gap,ES2_dedup,KNN,RMSE_leave-material-out/RMSE_random-1,1.5311,0.6332,2.2606,"diagnostic, not graded",DESCRIPTIVE,28,"FIX-ROUND SENSITIVITY: within-source exact duplicates collapsed (vrr_dedup.py; 8 rows dropped); separate graded row, not counted in the primary 7-dataset overall. GroupKFold(10) on ds.material; CI = source bootstrap"
H1,H1_explore_group_leakfree,ES2_dedup,RF,RMSE_group_leakfree/RMSE_random-1,1.9685,0.6484,2.9428,"exploratory, not graded",EXPLORATORY,28,"FIX-ROUND SENSITIVITY: within-source exact duplicates collapsed (vrr_dedup.py; 8 rows dropped); separate graded row, not counted in the primary 7-dataset overall. same group folds; training rows duplicating key+value of a test-fold row removed"
H1,H1_dataset,DYE_dedup,,,,,,all three H1 conditions,INCONCLUSIVE,,not run
H1,H1_dataset,DES_RHO_dedup,,,,,,all three H1 conditions,INCONCLUSIVE,,not run
H1,H1_dataset,DES_ETA_dedup,,,,,,all three H1 conditions,INCONCLUSIVE,,not run
H1,H1_dataset,DES_MP_dedup,,,,,,all three H1 conditions,INCONCLUSIVE,,not run
H1,H1_dataset,IL_CELL_dedup,,,,,,all three H1 conditions,INCONCLUSIVE,,not run
H1,H1_overall,ALL7,RF+GB+KNN,datasets passing,7,,,>=5/7 PASS -> PASS; <=3/7 -> FAIL; else PARTIAL,PASS,7,"primary (raw variants); ES1=PASS, ES2=PASS, DYE=PASS, DES_RHO=PASS, DES_ETA=PASS, DES_MP=PASS, IL_CELL=PASS; dedup sensitivity INCONCLUSIVE (2/7); lineage sensitivity PASS (7/7)"
H1,H1_overall_lineage_sensitivity,ALL7,RF+GB+KNN,datasets passing,7,,,>=5/7 PASS -> PASS; <=3/7 -> FAIL; else PARTIAL,PASS,7,"sensitivity: DES_RHO and DES_ETA replaced by lineage-cleaned variants; primary verdict is H1_overall; ES1=PASS, ES2=PASS, DYE=PASS, DES_RHO_lineage=PASS, DES_ETA_lineage=PASS, DES_MP=PASS, IL_CELL=PASS"
H1,H1_overall_dedup_sensitivity,ALL7,RF+GB+KNN,datasets passing,2,,,>=5/7 PASS -> PASS; <=3/7 -> FAIL; else PARTIAL,INCONCLUSIVE,7,"FIX-ROUND sensitivity: all 7 datasets with within-source exact duplicates collapsed; primary verdict is H1_overall; ES1_dedup=PASS, ES2_dedup=PASS, DYE_dedup=INCONCLUSIVE, DES_RHO_dedup=INCONCLUSIVE, DES_ETA_dedup=INCONCLUSIVE, DES_MP_dedup=INCONCLUSIVE, IL_CELL_dedup=INCONCLUSIVE"
