dataset,seed,fold,n_test,n_test_sources,n_train_keep,n_leak_removed,sec
DES_RHO,0,0,2667,1,4270,1882,1.84
DES_RHO,0,1,474,10,6463,65,2.97
DES_RHO,0,2,476,13,6461,365,2.78
DES_RHO,0,3,475,15,6462,342,2.85
DES_RHO,0,4,474,15,6463,258,2.81
DES_RHO,0,5,473,15,6464,173,2.85
DES_RHO,0,6,473,15,6464,221,2.74
DES_RHO,0,7,475,16,6462,224,2.79
DES_RHO,0,8,475,16,6462,164,2.71
DES_RHO,0,9,475,16,6462,260,2.77
DES_RHO,1,0,2667,1,4270,1882,1.96
DES_RHO,1,1,474,10,6463,40,2.96
DES_RHO,1,2,476,13,6461,295,2.73
DES_RHO,1,3,475,15,6462,332,2.84
DES_RHO,1,4,474,15,6463,222,2.84
DES_RHO,1,5,473,15,6464,227,2.81
DES_RHO,1,6,473,15,6464,234,2.84
DES_RHO,1,7,475,16,6462,168,2.72
DES_RHO,1,8,475,16,6462,210,2.67
DES_RHO,1,9,475,16,6462,319,2.76
DES_RHO,2,0,2667,1,4270,1882,1.89
DES_RHO,2,1,474,10,6463,68,2.78
DES_RHO,2,2,476,13,6461,378,2.67
DES_RHO,2,3,475,15,6462,331,2.93
DES_RHO,2,4,474,15,6463,222,2.81
DES_RHO,2,5,473,15,6464,224,2.8
DES_RHO,2,6,473,15,6464,207,2.98
DES_RHO,2,7,475,16,6462,184,2.98
DES_RHO,2,8,475,16,6462,195,2.78
DES_RHO,2,9,475,16,6462,261,2.9
DES_RHO,3,0,2667,1,4270,1882,1.93
DES_RHO,3,1,474,10,6463,85,2.82
DES_RHO,3,2,476,13,6461,344,2.79
DES_RHO,3,3,475,15,6462,325,2.81
DES_RHO,3,4,474,15,6463,129,2.86
DES_RHO,3,5,473,15,6464,264,2.75
DES_RHO,3,6,473,15,6464,232,2.98
DES_RHO,3,7,475,16,6462,191,2.88
DES_RHO,3,8,475,16,6462,220,2.74
DES_RHO,3,9,475,16,6462,300,2.86
DES_RHO,4,0,2667,1,4270,1882,1.85
DES_RHO,4,1,474,10,6463,63,2.83
DES_RHO,4,2,476,13,6461,324,2.94
DES_RHO,4,3,475,15,6462,335,2.82
DES_RHO,4,4,474,15,6463,146,2.77
DES_RHO,4,5,473,15,6464,262,2.76
DES_RHO,4,6,473,15,6464,209,2.82
DES_RHO,4,7,475,16,6462,193,2.82
DES_RHO,4,8,475,16,6462,244,2.88
DES_RHO,4,9,475,16,6462,300,2.96
