dataset,source,n_rows,k,draw,method,n_test,sse0,ssek,offset,weight,fake_source
DES_MP,10.1039/b210714g,22,0,0,OFF,22,23730.315397392034,23730.315397392034,0.0,1.0,
DES_MP,10.1039/b210714g,22,0,0,SHR,22,23730.315397392034,23730.315397392034,0.0,0.0,
DES_MP,10.1039/b210714g,22,0,0,FAKE,22,23730.315397392034,23730.315397392034,0.0,1.0,
DES_MP,10.1039/b210714g,22,0,0,FAKE_SHR,22,23730.315397392034,23730.315397392034,0.0,0.0,
DES_MP,10.1039/b210714g,22,1,0,OFF,21,23730.29516513889,23715.750906894635,0.1422401249435552,1.0,
DES_MP,10.1039/b210714g,22,1,0,SHR,21,23730.29516513889,23722.113110066603,0.1422401249435552,0.5553488681308281,
DES_MP,10.1039/b210714g,22,1,0,FAKE,21,23730.29516513889,23614.84255710686,1.6221171017639335,1.0,10.1016/j.fluid.2017.03.008
DES_MP,10.1039/b210714g,22,1,0,FAKE_SHR,21,23730.29516513889,23652.533832774465,1.6221171017639335,0.5553488681308281,10.1016/j.fluid.2017.03.008
DES_MP,10.1039/b210714g,22,1,1,OFF,21,23196.201346999314,33042.092956228465,23.110907606425144,1.0,
DES_MP,10.1039/b210714g,22,1,1,SHR,21,23196.201346999314,25894.368738254532,23.110907606425144,0.5553488681308281,
DES_MP,10.1039/b210714g,22,1,1,FAKE,21,23196.201346999314,62310.31946484863,-41.76874178968188,1.0,10.1021/ic049931s
DES_MP,10.1039/b210714g,22,1,1,FAKE_SHR,21,23196.201346999314,35871.12458005526,-41.76874178968188,0.5553488681308281,10.1021/ic049931s
DES_MP,10.1039/b210714g,22,1,2,OFF,21,22631.652288587356,51398.57728926202,-33.14608738304838,1.0,
DES_MP,10.1039/b210714g,22,1,2,SHR,21,22631.652288587356,32910.03098467839,-33.14608738304838,0.5553488681308281,
DES_MP,10.1039/b210714g,22,1,2,FAKE,21,22631.652288587356,120306.26495943854,-64.23124592725796,1.0,10.1021/acssuschemeng.0c00559
DES_MP,10.1039/b210714g,22,1,2,FAKE_SHR,21,22631.652288587356,55480.87732725869,-64.23124592725796,0.5553488681308281,10.1021/acssuschemeng.0c00559
DES_MP,10.1039/b210714g,22,1,3,OFF,21,16296.191497933192,178182.70682631407,86.2213656784607,1.0,
DES_MP,10.1039/b210714g,22,1,3,SHR,21,16296.191497933192,67648.79685231905,86.2213656784607,0.5553488681308281,
DES_MP,10.1039/b210714g,22,1,3,FAKE,21,16296.191497933192,16245.896146464805,-1.9723744990217824,1.0,10.1021/acssuschemeng.7b04235
DES_MP,10.1039/b210714g,22,1,3,FAKE_SHR,21,16296.191497933192,16248.086434198072,-1.9723744990217824,0.5553488681308281,10.1021/acssuschemeng.7b04235
DES_MP,10.1039/b210714g,22,1,4,OFF,21,23582.663563931957,25696.424305188455,12.151207078314314,1.0,
DES_MP,10.1039/b210714g,22,1,4,SHR,21,23582.663563931957,23990.865023979146,12.151207078314314,0.5553488681308281,
DES_MP,10.1039/b210714g,22,1,4,FAKE,21,23582.663563931957,33562.35598283381,23.81904873424395,1.0,10.1021/acs.jpcb.0c01680
DES_MP,10.1039/b210714g,22,1,4,FAKE_SHR,21,23582.663563931957,26182.801659609184,23.81904873424395,0.5553488681308281,10.1021/acs.jpcb.0c01680
DES_MP,10.1039/b210714g,22,1,5,OFF,21,22785.375481694762,47762.75637122908,-30.73987501108735,1.0,
DES_MP,10.1039/b210714g,22,1,5,SHR,21,22785.375481694762,31756.392366730342,-30.73987501108735,0.5553488681308281,
DES_MP,10.1039/b210714g,22,1,5,FAKE,21,22785.375481694762,38167.63663980706,31.33131379114144,1.0,10.1002/jps.2600600908
DES_MP,10.1039/b210714g,22,1,5,FAKE_SHR,21,22785.375481694762,26237.380881140307,31.33131379114144,0.5553488681308281,10.1002/jps.2600600908
DES_MP,10.1039/b210714g,22,1,6,OFF,21,23642.14487340833,26660.918733345465,-9.389916079694387,1.0,
DES_MP,10.1039/b210714g,22,1,6,SHR,21,23642.14487340833,24861.39458197941,-9.389916079694387,0.5553488681308281,
DES_MP,10.1039/b210714g,22,1,6,FAKE,21,23642.14487340833,24430.90897997115,-3.846243155270713,1.0,10.1021/acs.iecr.7b02382
DES_MP,10.1039/b210714g,22,1,6,FAKE_SHR,21,23642.14487340833,24003.469520882973,-3.846243155270713,0.5553488681308281,10.1021/acs.iecr.7b02382
DES_MP,10.1039/b210714g,22,1,7,OFF,21,23730.29516513889,23715.750906894635,0.1422401249435552,1.0,
DES_MP,10.1039/b210714g,22,1,7,SHR,21,23730.29516513889,23722.113110066603,0.1422401249435552,0.5553488681308281,
DES_MP,10.1039/b210714g,22,1,7,FAKE,21,23730.29516513889,32304.759213261546,-17.855712536487005,1.0,10.1002/apj.1873
DES_MP,10.1039/b210714g,22,1,7,FAKE_SHR,21,23730.29516513889,26838.786304612786,-17.855712536487005,0.5553488681308281,10.1002/apj.1873
DES_MP,10.1039/b210714g,22,1,8,OFF,21,23626.16838817645,24944.661948992754,10.20524420166322,1.0,
DES_MP,10.1039/b210714g,22,1,8,SHR,21,23626.16838817645,23818.32063193266,10.20524420166322,0.5553488681308281,
DES_MP,10.1039/b210714g,22,1,8,FAKE,21,23626.16838817645,23687.684605082944,4.679032719045864,1.0,10.1016/j.fluid.2017.03.008
DES_MP,10.1039/b210714g,22,1,8,FAKE_SHR,21,23626.16838817645,23546.79975124658,4.679032719045864,0.5553488681308281,10.1016/j.fluid.2017.03.008
DES_MP,10.1039/b210714g,22,1,9,OFF,21,23725.76124682618,23605.315886984143,2.1340455866393313,1.0,
DES_MP,10.1039/b210714g,22,1,9,SHR,21,23725.76124682618,23635.255746273524,2.1340455866393313,0.5553488681308281,
DES_MP,10.1039/b210714g,22,1,9,FAKE,21,23725.76124682618,24535.731871536478,9.072822047810234,1.0,10.3390/pr9050796
DES_MP,10.1039/b210714g,22,1,9,FAKE_SHR,21,23725.76124682618,23748.713669923567,9.072822047810234,0.5553488681308281,10.3390/pr9050796
DES_MP,10.1039/b210714g,22,1,10,OFF,21,20234.26738529175,94404.07422721456,59.12738800336342,1.0,
DES_MP,10.1039/b210714g,22,1,10,SHR,21,20234.26738529175,43295.04640037503,59.12738800336342,0.5553488681308281,
DES_MP,10.1039/b210714g,22,1,10,FAKE,21,20234.26738529175,37598.72263587645,28.453960202254734,1.0,10.1016/j.foodcont.2023.109625
DES_MP,10.1039/b210714g,22,1,10,FAKE_SHR,21,20234.26738529175,25679.13788147273,28.453960202254734,0.5553488681308281,10.1016/j.foodcont.2023.109625
DES_MP,10.1039/b210714g,22,1,11,OFF,21,23725.76124682618,23605.315886984143,2.1340455866393313,1.0,
DES_MP,10.1039/b210714g,22,1,11,SHR,21,23725.76124682618,23635.255746273524,2.1340455866393313,0.5553488681308281,
DES_MP,10.1039/b210714g,22,1,11,FAKE,21,23725.76124682618,29196.525551959756,-13.90862699170981,1.0,10.1016/j.cej.2023.141335
DES_MP,10.1039/b210714g,22,1,11,FAKE_SHR,21,23725.76124682618,25760.77730941034,-13.90862699170981,0.5553488681308281,10.1016/j.cej.2023.141335
DES_MP,10.1039/b210714g,22,1,12,OFF,21,23582.663563931957,25696.424305188455,12.151207078314314,1.0,
DES_MP,10.1039/b210714g,22,1,12,SHR,21,23582.663563931957,23990.86502397914,12.151207078314314,0.5553488681308281,
DES_MP,10.1039/b210714g,22,1,12,FAKE,21,23582.663563931957,36336.63855355573,-22.78604406287525,1.0,10.1021/acs.jpcb.0c02386
DES_MP,10.1039/b210714g,22,1,12,FAKE_SHR,21,23582.663563931957,27973.15133483752,-22.78604406287525,0.5553488681308281,10.1021/acs.jpcb.0c02386
DES_MP,10.1039/b210714g,22,1,13,OFF,21,22341.720386915797,58211.59835536095,-37.263856623761285,1.0,
DES_MP,10.1039/b210714g,22,1,13,SHR,21,22341.720386915797,35061.22580723766,-37.263856623761285,0.5553488681308281,
DES_MP,10.1039/b210714g,22,1,13,FAKE,21,22341.720386915797,49696.08801248942,-32.058183598623316,1.0,10.1016/j.jct.2015.04.021
DES_MP,10.1039/b210714g,22,1,13,FAKE_SHR,21,22341.720386915797,32203.48724740984,-32.058183598623316,0.5553488681308281,10.1016/j.jct.2015.04.021
DES_MP,10.1039/b210714g,22,1,14,OFF,21,23642.14487340833,26660.918733345465,-9.389916079694387,1.0,
DES_MP,10.1039/b210714g,22,1,14,SHR,21,23642.14487340833,24861.39458197941,-9.389916079694387,0.5553488681308281,
DES_MP,10.1039/b210714g,22,1,14,FAKE,21,23642.14487340833,23969.012029857087,-1.9723744990217824,1.0,10.1021/acssuschemeng.7b04235
DES_MP,10.1039/b210714g,22,1,14,FAKE_SHR,21,23642.14487340833,23803.496581546384,-1.9723744990217824,0.5553488681308281,10.1021/acssuschemeng.7b04235
DES_MP,10.1039/b210714g,22,1,15,OFF,21,23626.16838817645,24944.661948992754,10.20524420166322,1.0,
DES_MP,10.1039/b210714g,22,1,15,SHR,21,23626.16838817645,23818.32063193266,10.20524420166322,0.5553488681308281,
DES_MP,10.1039/b210714g,22,1,15,FAKE,21,23626.16838817645,26296.66420850069,-9.430960620321741,1.0,10.1016/s0168-3659(97)00153-3
DES_MP,10.1039/b210714g,22,1,15,FAKE_SHR,21,23626.16838817645,24647.996384115035,-9.430960620321741,0.5553488681308281,10.1016/s0168-3659(97)00153-3
DES_MP,10.1039/b210714g,22,1,16,OFF,21,22341.720386915797,58211.59835536095,-37.263856623761285,1.0,
DES_MP,10.1039/b210714g,22,1,16,SHR,21,22341.720386915797,35061.22580723766,-37.263856623761285,0.5553488681308281,
DES_MP,10.1039/b210714g,22,1,16,FAKE,21,22341.720386915797,23250.917558692316,12.140123804776806,1.0,10.1016/j.molliq.2015.11.032
DES_MP,10.1039/b210714g,22,1,16,FAKE_SHR,21,22341.720386915797,22082.364955921377,12.140123804776806,0.5553488681308281,10.1016/j.molliq.2015.11.032
DES_MP,10.1039/b210714g,22,1,17,OFF,21,23626.16838817645,24944.661948992754,10.20524420166322,1.0,
DES_MP,10.1039/b210714g,22,1,17,SHR,21,23626.16838817645,23818.32063193266,10.20524420166322,0.5553488681308281,
DES_MP,10.1039/b210714g,22,1,17,FAKE,21,23626.16838817645,28882.589468722847,17.97679849208754,1.0,10.1016/j.molliq.2015.01.025
DES_MP,10.1039/b210714g,22,1,17,FAKE_SHR,21,23626.16838817645,24869.488479365576,17.97679849208754,0.5553488681308281,10.1016/j.molliq.2015.01.025
DES_MP,10.1039/b210714g,22,1,18,OFF,21,20234.26738529175,94404.07422721456,59.12738800336342,1.0,
DES_MP,10.1039/b210714g,22,1,18,SHR,21,20234.26738529175,43295.04640037503,59.12738800336342,0.5553488681308281,
DES_MP,10.1039/b210714g,22,1,18,FAKE,21,20234.26738529175,118956.32104489265,68.26173657813968,1.0,10.1016/j.molliq.2016.10.134
DES_MP,10.1039/b210714g,22,1,18,FAKE_SHR,21,20234.26738529175,50895.980835293834,68.26173657813968,0.5553488681308281,10.1016/j.molliq.2016.10.134
DES_MP,10.1039/b210714g,22,1,19,OFF,21,23196.201346999314,33042.092956228465,23.110907606425144,1.0,
DES_MP,10.1039/b210714g,22,1,19,SHR,21,23196.201346999314,25894.368738254525,23.110907606425144,0.5553488681308281,
DES_MP,10.1039/b210714g,22,1,19,FAKE,21,23196.201346999314,25631.069377073913,-9.448070070072674,1.0,10.1021/acs.energyfuels.6b00471
DES_MP,10.1039/b210714g,22,1,19,FAKE_SHR,21,23196.201346999314,24085.498695064867,-9.448070070072674,0.5553488681308281,10.1021/acs.energyfuels.6b00471
DES_MP,10.1039/b210714g,22,1,20,OFF,21,23582.663563931957,25696.424305188455,12.151207078314314,1.0,
DES_MP,10.1039/b210714g,22,1,20,SHR,21,23582.663563931957,23990.86502397914,12.151207078314314,0.5553488681308281,
DES_MP,10.1039/b210714g,22,1,20,FAKE,21,23582.663563931957,25045.085401003897,-6.632320270146749,1.0,10.1002/aic.17418
DES_MP,10.1039/b210714g,22,1,20,FAKE_SHR,21,23582.663563931957,24166.71247533313,-6.632320270146749,0.5553488681308281,10.1002/aic.17418
DES_MP,10.1039/b210714g,22,1,21,OFF,21,23196.201346999314,33042.092956228465,23.110907606425144,1.0,
DES_MP,10.1039/b210714g,22,1,21,SHR,21,23196.201346999314,25894.368738254532,23.110907606425144,0.5553488681308281,
DES_MP,10.1039/b210714g,22,1,21,FAKE,21,23196.201346999314,23444.076818032107,-2.302518825397101,1.0,10.1016/j.molliq.2020.113727
DES_MP,10.1039/b210714g,22,1,21,FAKE_SHR,21,23196.201346999314,23306.366416051034,-2.302518825397101,0.5553488681308281,10.1016/j.molliq.2020.113727
DES_MP,10.1039/b210714g,22,1,22,OFF,21,20234.26738529175,94404.07422721456,59.12738800336342,1.0,
DES_MP,10.1039/b210714g,22,1,22,SHR,21,20234.26738529175,43295.04640037503,59.12738800336342,0.5553488681308281,
DES_MP,10.1039/b210714g,22,1,22,FAKE,21,20234.26738529175,21188.06318404748,6.443026564934996,1.0,10.1039/c4cp00057a
DES_MP,10.1039/b210714g,22,1,22,FAKE_SHR,21,20234.26738529175,20548.68634600273,6.443026564934996,0.5553488681308281,10.1039/c4cp00057a
DES_MP,10.1039/b210714g,22,1,23,OFF,21,23730.29516513889,23715.750906894635,0.1422401249435552,1.0,
DES_MP,10.1039/b210714g,22,1,23,SHR,21,23730.29516513889,23722.113110066603,0.1422401249435552,0.5553488681308281,
DES_MP,10.1039/b210714g,22,1,23,FAKE,21,23730.29516513889,23631.907402157925,1.2434215565531304,1.0,10.1039/c9cc04846d
DES_MP,10.1039/b210714g,22,1,23,FAKE_SHR,21,23730.29516513889,23667.638087952466,1.2434215565531304,0.5553488681308281,10.1039/c9cc04846d
DES_MP,10.1039/b210714g,22,1,24,OFF,21,22631.652288587356,51398.57728926202,-33.14608738304838,1.0,
DES_MP,10.1039/b210714g,22,1,24,SHR,21,22631.652288587356,32910.03098467839,-33.14608738304838,0.5553488681308281,
DES_MP,10.1039/b210714g,22,1,24,FAKE,21,22631.652288587356,22371.471633675425,2.0062767985104983,1.0,10.1002/aic.17409
DES_MP,10.1039/b210714g,22,1,24,FAKE_SHR,21,22631.652288587356,22466.288188295104,2.0062767985104983,0.5553488681308281,10.1002/aic.17409
DES_MP,10.1039/b210714g,22,1,25,OFF,21,23047.931593357942,41499.280373694644,-26.122476988870915,1.0,
DES_MP,10.1039/b210714g,22,1,25,SHR,21,23047.931593357942,29756.252381206956,-26.122476988870915,0.5553488681308281,
DES_MP,10.1039/b210714g,22,1,25,FAKE,21,23047.931593357942,25827.064884497657,15.858034517672536,1.0,10.1016/j.molliq.2019.112155
DES_MP,10.1039/b210714g,22,1,25,FAKE_SHR,21,23047.931593357942,23287.24290992527,15.858034517672536,0.5553488681308281,10.1016/j.molliq.2019.112155
DES_MP,10.1039/b210714g,22,1,26,OFF,21,23047.931593357942,41499.280373694644,-26.122476988870915,1.0,
DES_MP,10.1039/b210714g,22,1,26,SHR,21,23047.931593357942,29756.252381206956,-26.122476988870915,0.5553488681308281,
DES_MP,10.1039/b210714g,22,1,26,FAKE,21,23047.931593357942,30638.436004580166,23.135826306802187,1.0,10.1021/acs.iecr.8b01249
DES_MP,10.1039/b210714g,22,1,26,FAKE_SHR,21,23047.931593357942,24487.596250752726,23.135826306802187,0.5553488681308281,10.1021/acs.iecr.8b01249
DES_MP,10.1039/b210714g,22,1,27,OFF,21,23196.201346999314,33042.092956228465,23.110907606425144,1.0,
DES_MP,10.1039/b210714g,22,1,27,SHR,21,23196.201346999314,25894.368738254525,23.110907606425144,0.5553488681308281,
DES_MP,10.1039/b210714g,22,1,27,FAKE,21,23196.201346999314,66488.55645518743,-44.0142086489999,1.0,10.1021/acssuschemeng.0c08289
DES_MP,10.1039/b210714g,22,1,27,FAKE_SHR,21,23196.201346999314,37192.62629463267,-44.0142086489999,0.5553488681308281,10.1021/acssuschemeng.0c08289
DES_MP,10.1039/b210714g,22,1,28,OFF,21,23582.663563931957,25696.424305188455,12.151207078314314,1.0,
DES_MP,10.1039/b210714g,22,1,28,SHR,21,23582.663563931957,23990.865023979146,12.151207078314314,0.5553488681308281,
DES_MP,10.1039/b210714g,22,1,28,FAKE,21,23582.663563931957,67379.95809737679,-43.775313416833,1.0,10.1016/j.microc.2019.104384
DES_MP,10.1039/b210714g,22,1,28,FAKE_SHR,21,23582.663563931957,37968.26243271406,-43.775313416833,0.5553488681308281,10.1016/j.microc.2019.104384
DES_MP,10.1039/b210714g,22,1,29,OFF,21,23626.168388176455,24944.661948992754,10.20524420166322,1.0,
DES_MP,10.1039/b210714g,22,1,29,SHR,21,23626.168388176455,23818.320631932656,10.20524420166322,0.5553488681308281,
DES_MP,10.1039/b210714g,22,1,29,FAKE,21,23626.168388176455,47831.44461763121,36.037351350229926,1.0,10.1016/j.fluid.2017.04.007
DES_MP,10.1039/b210714g,22,1,29,FAKE_SHR,21,23626.168388176455,30333.964251597998,36.037351350229926,0.5553488681308281,10.1016/j.fluid.2017.04.007
DES_MP,10.1039/b210714g,22,2,0,OFF,20,22237.573377700217,28058.236953130945,-13.529306211049033,1.0,
DES_MP,10.1039/b210714g,22,2,0,SHR,20,22237.573377700217,25646.817045338834,-13.529306211049033,0.7141148581002663,
DES_MP,10.1039/b210714g,22,2,0,FAKE,20,22237.573377700217,34833.76330228222,29.40237264774106,1.0,10.1016/j.fluid.2019.06.005
DES_MP,10.1039/b210714g,22,2,0,FAKE_SHR,20,22237.573377700217,27702.864760961136,29.40237264774106,0.7141148581002663,10.1016/j.fluid.2019.06.005
DES_MP,10.1039/b210714g,22,2,1,OFF,20,23621.6142376106,23884.123435489466,6.169644894151276,1.0,
DES_MP,10.1039/b210714g,22,2,1,SHR,20,23621.6142376106,23653.65485356001,6.169644894151276,0.7141148581002663,
DES_MP,10.1039/b210714g,22,2,1,FAKE,20,23621.6142376106,38444.60394810662,-25.277871419718792,1.0,10.1021/je300997v
DES_MP,10.1039/b210714g,22,2,1,FAKE_SHR,20,23621.6142376106,31597.95202911504,-25.277871419718792,0.7141148581002663,10.1021/je300997v
DES_MP,10.1039/b210714g,22,2,2,OFF,20,20146.096861308048,32364.770727418767,24.868735961834517,1.0,
DES_MP,10.1039/b210714g,22,2,2,SHR,20,20146.096861308048,26346.4259054293,24.868735961834517,0.7141148581002663,
DES_MP,10.1039/b210714g,22,2,2,FAKE,20,20146.096861308048,25451.982162553733,-16.13735756361102,1.0,10.1016/j.chroma.2018.07.070
DES_MP,10.1039/b210714g,22,2,2,FAKE_SHR,20,20146.096861308048,22871.81162288825,-16.13735756361102,0.7141148581002663,10.1016/j.chroma.2018.07.070
DES_MP,10.1039/b210714g,22,2,3,OFF,20,22484.00045512728,26236.43148410884,-10.497440152367034,1.0,
DES_MP,10.1039/b210714g,22,2,3,SHR,20,22484.00045512728,24713.725279642298,-10.497440152367034,0.7141148581002663,
DES_MP,10.1039/b210714g,22,2,3,FAKE,20,22484.00045512728,25432.914998855103,16.37819763741851,1.0,10.1016/j.fluid.2019.06.005
DES_MP,10.1039/b210714g,22,2,3,FAKE_SHR,20,22484.00045512728,23494.592450660675,16.37819763741851,0.7141148581002663,10.1016/j.fluid.2019.06.005
DES_MP,10.1039/b210714g,22,2,4,OFF,20,23196.18111474617,25213.563816312333,11.62657386568435,1.0,
DES_MP,10.1039/b210714g,22,2,4,SHR,20,23196.18111474617,24084.88243627365,11.62657386568435,0.7141148581002663,
DES_MP,10.1039/b210714g,22,2,4,FAKE,20,23196.18111474617,29524.672469867477,19.324826381932212,1.0,10.1016/j.fluid.2019.06.005
DES_MP,10.1039/b210714g,22,2,4,FAKE_SHR,20,23196.18111474617,26190.62284531395,19.324826381932212,0.7141148581002663,10.1016/j.fluid.2019.06.005
DES_MP,10.1039/b210714g,22,2,5,OFF,20,22251.261431302042,23002.983932617266,-3.8144837023311027,1.0,
DES_MP,10.1039/b210714g,22,2,5,SHR,20,22251.261431302042,22728.667416425214,-3.8144837023311027,0.7141148581002663,
DES_MP,10.1039/b210714g,22,2,5,FAKE,20,22251.261431302042,53314.42398175434,-36.50611019105882,1.0,10.1016/j.molliq.2020.114495
DES_MP,10.1039/b210714g,22,2,5,FAKE_SHR,20,22251.261431302042,38992.40057539897,-36.50611019105882,0.7141148581002663,10.1016/j.molliq.2020.114495
DES_MP,10.1039/b210714g,22,2,6,OFF,20,21949.268484553264,46152.942213663155,-29.63428218595965,1.0,
DES_MP,10.1039/b210714g,22,2,6,SHR,20,21949.268484553264,35647.73417589205,-29.63428218595965,0.7141148581002663,
DES_MP,10.1039/b210714g,22,2,6,FAKE,20,21949.268484553264,28557.86619962876,24.622719896809627,1.0,10.1021/ic049931s
DES_MP,10.1039/b210714g,22,2,6,FAKE_SHR,20,21949.268484553264,24193.073325147674,24.622719896809627,0.7141148581002663,10.1021/ic049931s
DES_MP,10.1039/b210714g,22,2,7,OFF,20,20130.12037607617,45314.11116317827,34.66631610251332,1.0,
DES_MP,10.1039/b210714g,22,2,7,SHR,20,20130.12037607617,33207.506926466565,34.66631610251332,0.7141148581002663,
DES_MP,10.1039/b210714g,22,2,7,FAKE,20,20130.12037607617,75370.26687084812,-53.389891428118815,1.0,10.1016/j.molliq.2020.114745
DES_MP,10.1039/b210714g,22,2,7,FAKE_SHR,20,20130.12037607617,47939.14262653291,-53.389891428118815,0.7141148581002663,10.1016/j.molliq.2020.114745
DES_MP,10.1039/b210714g,22,2,8,OFF,20,20086.615551831674,46809.67982038383,35.63929754083887,1.0,
DES_MP,10.1039/b210714g,22,2,8,SHR,20,20086.615551831674,33983.76880729483,35.63929754083887,0.7141148581002663,
DES_MP,10.1039/b210714g,22,2,8,FAKE,20,20086.615551831674,60427.40839939365,-45.846862357959125,1.0,10.1016/j.tca.2011.10.010
DES_MP,10.1039/b210714g,22,2,8,FAKE_SHR,20,20086.615551831674,40312.17242861738,-45.846862357959125,0.7141148581002663,10.1016/j.tca.2011.10.010
DES_MP,10.1039/b210714g,22,2,9,OFF,20,23494.493039948255,23394.551597815964,1.3806454993099635,1.0,
DES_MP,10.1039/b210714g,22,2,9,SHR,20,23494.493039948255,23415.340246053573,1.3806454993099635,0.7141148581002663,
DES_MP,10.1039/b210714g,22,2,9,FAKE,20,23494.493039948255,23455.761139302136,0.42312419214988495,1.0,10.1021/acs.iecr.7b02382
DES_MP,10.1039/b210714g,22,2,9,FAKE_SHR,20,23494.493039948255,23466.103000771778,0.42312419214988495,0.7141148581002663,10.1021/acs.iecr.7b02382
DES_MP,10.1039/b210714g,22,2,10,OFF,20,22543.481764603654,35643.61396133794,-21.268001731371385,1.0,
DES_MP,10.1039/b210714g,22,2,10,SHR,20,22543.481764603654,30051.5823306555,-21.268001731371385,0.7141148581002663,
DES_MP,10.1039/b210714g,22,2,10,FAKE,20,22543.481764603654,33227.4315058141,28.36363523029192,1.0,10.1016/j.jiec.2021.03.011
DES_MP,10.1039/b210714g,22,2,10,FAKE_SHR,20,22543.481764603654,26888.214977676973,28.36363523029192,0.7141148581002663,10.1016/j.jiec.2021.03.011
DES_MP,10.1039/b210714g,22,2,11,OFF,20,22253.549862932094,37774.51917562815,-23.326886351727836,1.0,
DES_MP,10.1039/b210714g,22,2,11,SHR,20,22253.549862932094,31115.513695240857,-23.326886351727836,0.7141148581002663,
DES_MP,10.1039/b210714g,22,2,11,FAKE,20,22253.549862932094,22771.55440126268,-2.143217073779823,1.0,10.1016/j.molliq.2019.112155
DES_MP,10.1039/b210714g,22,2,11,FAKE_SHR,20,22253.549862932094,22604.709388629144,-2.143217073779823,0.7141148581002663,10.1016/j.molliq.2019.112155
DES_MP,10.1039/b210714g,22,2,12,OFF,20,20146.096861308048,32364.770727418767,24.868735961834517,1.0,
DES_MP,10.1039/b210714g,22,2,12,SHR,20,20146.096861308048,26346.4259054293,24.868735961834517,0.7141148581002663,
DES_MP,10.1039/b210714g,22,2,12,FAKE,20,20146.096861308048,20198.749603033102,-1.4783695093194638,1.0,10.1039/c4cp00057a
DES_MP,10.1039/b210714g,22,2,12,FAKE_SHR,20,20146.096861308048,20174.773047008395,-1.4783695093194638,0.7141148581002663,10.1039/c4cp00057a
DES_MP,10.1039/b210714g,22,2,13,OFF,20,21396.780471218524,52731.80334679997,-34.00186581742432,1.0,
DES_MP,10.1039/b210714g,22,2,13,SHR,20,21396.780471218524,39053.008213364636,-34.00186581742432,0.7141148581002663,
DES_MP,10.1039/b210714g,22,2,13,FAKE,20,21396.780471218524,26864.8692384051,-11.564722828371714,1.0,10.1016/j.jiec.2021.03.011
DES_MP,10.1039/b210714g,22,2,13,FAKE_SHR,20,21396.780471218524,24755.539082341747,-11.564722828371714,0.7141148581002663,10.1016/j.jiec.2021.03.011
DES_MP,10.1039/b210714g,22,2,14,OFF,20,23582.643331678813,23840.795882318638,6.146723601628935,1.0,
DES_MP,10.1039/b210714g,22,2,14,SHR,20,23582.643331678813,23612.725488188782,6.146723601628935,0.7141148581002663,
DES_MP,10.1039/b210714g,22,2,14,FAKE,20,23582.643331678813,92538.89627044435,60.77633198040837,1.0,10.1021/je100104v
DES_MP,10.1039/b210714g,22,2,14,FAKE_SHR,20,23582.643331678813,57743.33907251469,60.77633198040837,0.7141148581002663,10.1021/je100104v
DES_MP,10.1039/b210714g,22,2,15,OFF,20,22337.16623634994,31595.288929690803,-17.564905518560977,1.0,
DES_MP,10.1039/b210714g,22,2,15,SHR,20,22337.16623634994,27688.788147660933,-17.564905518560977,0.7141148581002663,
DES_MP,10.1039/b210714g,22,2,15,FAKE,20,22337.16623634994,94856.74325947014,64.77081048270946,1.0,10.1021/js9701465
DES_MP,10.1039/b210714g,22,2,15,FAKE_SHR,20,22337.16623634994,56994.83066887525,64.77081048270946,0.7141148581002663,10.1021/js9701465
DES_MP,10.1039/b210714g,22,2,16,OFF,20,23537.99786419275,23498.96850245654,0.4076640609844162,1.0,
DES_MP,10.1039/b210714g,22,2,16,SHR,20,23537.99786419275,23509.44784731361,0.4076640609844162,0.7141148581002663,
DES_MP,10.1039/b210714g,22,2,16,FAKE,20,23537.99786419275,649234.6861410702,179.49157117229217,1.0,10.1016/j.fluid.2019.04.019
DES_MP,10.1039/b210714g,22,2,16,FAKE_SHR,20,23537.99786419275,338811.26293791644,179.49157117229217,0.7141148581002663,10.1016/j.fluid.2019.04.019
DES_MP,10.1039/b210714g,22,2,17,OFF,20,23642.124641155187,24643.162808662342,-4.623837977375416,1.0,
DES_MP,10.1039/b210714g,22,2,17,SHR,20,23642.124641155187,24269.68476544464,-4.623837977375416,0.7141148581002663,
DES_MP,10.1039/b210714g,22,2,17,FAKE,20,23642.124641155187,33038.000562343586,24.995814471155455,1.0,10.1021/acs.iecr.8b01249
DES_MP,10.1039/b210714g,22,2,17,FAKE_SHR,20,23642.124641155187,27800.778321472648,24.995814471155455,0.7141148581002663,10.1021/acs.iecr.8b01249
DES_MP,10.1039/b210714g,22,2,18,OFF,20,23721.207096260325,23605.31588698414,2.1340455866393313,1.0,
DES_MP,10.1039/b210714g,22,2,18,SHR,20,23721.207096260325,23619.852425325666,2.1340455866393313,0.7141148581002663,
DES_MP,10.1039/b210714g,22,2,18,FAKE,20,23721.207096260325,25473.204470711677,12.093117873906266,1.0,10.1016/j.fluid.2017.04.007
DES_MP,10.1039/b210714g,22,2,18,FAKE_SHR,20,23721.207096260325,24375.208122638247,12.093117873906266,0.7141148581002663,10.1016/j.fluid.2017.04.007
DES_MP,10.1039/b210714g,22,2,19,OFF,20,22631.632056334212,30908.487608402334,-16.501923629052413,1.0,
DES_MP,10.1039/b210714g,22,2,19,SHR,20,22631.632056334212,27430.375339363818,-16.501923629052413,0.7141148581002663,
DES_MP,10.1039/b210714g,22,2,19,FAKE,20,22631.632056334212,22571.844804226905,8.212533024348971,1.0,10.1039/c9cc04846d
DES_MP,10.1039/b210714g,22,2,19,FAKE_SHR,20,22631.632056334212,22313.54979164809,8.212533024348971,0.7141148581002663,10.1039/c9cc04846d
DES_MP,10.1039/b210714g,22,2,20,OFF,20,15762.077447540476,81714.82038289832,54.66613664244292,1.0,
DES_MP,10.1039/b210714g,22,2,20,SHR,20,15762.077447540476,50658.04051823803,54.66613664244292,0.7141148581002663,
DES_MP,10.1039/b210714g,22,2,20,FAKE,20,15762.077447540476,15908.616214736368,1.0865050856519645,1.0,10.1016/j.molliq.2018.12.032
DES_MP,10.1039/b210714g,22,2,20,FAKE_SHR,20,15762.077447540476,15861.902890356587,1.0865050856519645,0.7141148581002663,10.1016/j.molliq.2018.12.032
DES_MP,10.1039/b210714g,22,2,21,OFF,20,22681.228472479183,26294.692436032787,-10.267315404712065,1.0,
DES_MP,10.1039/b210714g,22,2,21,SHR,20,22681.228472479183,24831.22586286581,-10.267315404712065,0.7141148581002663,
DES_MP,10.1039/b210714g,22,2,21,FAKE,20,22681.228472479183,22824.64445655074,-0.8740928423839307,1.0,10.1021/ic049931s
DES_MP,10.1039/b210714g,22,2,21,FAKE_SHR,20,22681.228472479183,22780.524315458144,-0.8740928423839307,0.7141148581002663,10.1021/ic049931s
DES_MP,10.1039/b210714g,22,2,22,OFF,20,23642.124641155187,24643.162808662342,-4.623837977375416,1.0,
DES_MP,10.1039/b210714g,22,2,22,SHR,20,23642.124641155187,24269.68476544464,-4.623837977375416,0.7141148581002663,
DES_MP,10.1039/b210714g,22,2,22,FAKE,20,23642.124641155187,23569.603278084393,0.6536699761885529,1.0,10.1016/j.molliq.2020.113667
DES_MP,10.1039/b210714g,22,2,22,FAKE_SHR,20,23642.124641155187,23588.591414642575,0.6536699761885529,0.7141148581002663,10.1016/j.molliq.2020.113667
DES_MP,10.1039/b210714g,22,2,23,OFF,20,23047.911361104798,28468.503449882446,-12.99011843196368,1.0,
DES_MP,10.1039/b210714g,22,2,23,SHR,20,23047.911361104798,26229.84202792407,-12.99011843196368,0.7141148581002663,
DES_MP,10.1039/b210714g,22,2,23,FAKE,20,23047.911361104798,51242.33412726019,41.6891957002282,1.0,10.1016/j.gee.2020.11.020
DES_MP,10.1039/b210714g,22,2,23,FAKE_SHR,20,23047.911361104798,36085.59052702766,41.6891957002282,0.7141148581002663,10.1016/j.gee.2020.11.020
DES_MP,10.1039/b210714g,22,2,24,OFF,20,19551.883581257658,24346.44041328952,16.502455507246253,1.0,
DES_MP,10.1039/b210714g,22,2,24,SHR,20,19551.883581257658,21863.793932025,16.502455507246253,0.7141148581002663,
DES_MP,10.1039/b210714g,22,2,24,FAKE,20,19551.883581257658,28684.66515270235,-20.404106387803296,1.0,10.1016/j.fluid.2013.06.050
DES_MP,10.1039/b210714g,22,2,24,FAKE_SHR,20,19551.883581257658,24373.832983235607,-20.404106387803296,0.7141148581002663,10.1016/j.fluid.2013.06.050
DES_MP,10.1039/b210714g,22,2,25,OFF,20,18845.672374815513,20560.20404669058,10.931765689801068,1.0,
DES_MP,10.1039/b210714g,22,2,25,SHR,20,18845.672374815513,19582.1005832468,10.931765689801068,0.7141148581002663,
DES_MP,10.1039/b210714g,22,2,25,FAKE,20,18845.672374815513,27309.324123159156,-19.084433349057264,1.0,10.1002/aic.17408
DES_MP,10.1039/b210714g,22,2,25,FAKE_SHR,20,18845.672374815513,23402.564397274127,-19.084433349057264,0.7141148581002663,10.1002/aic.17408
DES_MP,10.1039/b210714g,22,2,26,OFF,20,22631.63205633421,30908.48760840233,-16.501923629052413,1.0,
DES_MP,10.1039/b210714g,22,2,26,SHR,20,22631.63205633421,27430.375339363818,-16.501923629052413,0.7141148581002663,
DES_MP,10.1039/b210714g,22,2,26,FAKE,20,22631.63205633421,101456.48098904482,-58.637337753034046,1.0,10.1016/j.jct.2015.04.021
DES_MP,10.1039/b210714g,22,2,26,FAKE_SHR,20,22631.63205633421,64882.56437492791,-58.637337753034046,0.7141148581002663,10.1016/j.jct.2015.04.021
DES_MP,10.1039/b210714g,22,2,27,OFF,20,20229.713234725896,39515.24857811959,30.630716795001376,1.0,
DES_MP,10.1039/b210714g,22,2,27,SHR,20,20229.713234725896,30170.872749100545,30.630716795001376,0.7141148581002663,
DES_MP,10.1039/b210714g,22,2,27,FAKE,20,20229.713234725896,58896.18350639373,-44.39662626199721,1.0,10.1016/j.jct.2015.04.021
DES_MP,10.1039/b210714g,22,2,27,FAKE_SHR,20,20229.713234725896,39793.98414959172,-44.39662626199721,0.7141148581002663,10.1016/j.jct.2015.04.021
DES_MP,10.1039/b210714g,22,2,28,OFF,20,23092.054337783735,27994.04056510855,16.658075904044182,1.0,
DES_MP,10.1039/b210714g,22,2,28,SHR,20,23092.054337783735,25459.61097968567,16.658075904044182,0.7141148581002663,
DES_MP,10.1039/b210714g,22,2,28,FAKE,20,23092.054337783735,155962.11927283215,-80.54122032080207,1.0,10.1002/aic.17408
DES_MP,10.1039/b210714g,22,2,28,FAKE_SHR,20,23092.054337783735,91489.9511890861,-80.54122032080207,0.7141148581002663,10.1002/aic.17408
DES_MP,10.1039/b210714g,22,2,29,OFF,20,19551.883581257658,24346.44041328952,16.502455507246253,1.0,
DES_MP,10.1039/b210714g,22,2,29,SHR,20,19551.883581257658,21863.793932025,16.502455507246253,0.7141148581002663,
DES_MP,10.1039/b210714g,22,2,29,FAKE,20,19551.883581257658,203161.62964058763,96.80778014933912,1.0,10.1016/j.hydromet.2022.105971
DES_MP,10.1039/b210714g,22,2,29,FAKE_SHR,20,19551.883581257658,112404.58635204901,96.80778014933912,0.7141148581002663,10.1016/j.hydromet.2022.105971
DES_MP,10.1039/b210714g,22,3,0,OFF,19,20948.571225873704,38052.86698490041,-24.131222553627747,1.0,
DES_MP,10.1039/b210714g,22,3,0,SHR,19,20948.571225873704,32609.799009632643,-24.131222553627747,0.7893345294164611,
DES_MP,10.1039/b210714g,22,3,0,FAKE,19,20948.571225873704,153503.49343483284,90.37234411047014,1.0,10.1016/j.molliq.2020.113727
DES_MP,10.1039/b210714g,22,3,0,FAKE_SHR,19,20948.571225873704,99775.21646872786,90.37234411047014,0.7893345294164611,10.1016/j.molliq.2020.113727
DES_MP,10.1039/b210714g,22,3,1,OFF,19,19289.307237341334,20546.755870605542,9.509917705739875,1.0,
DES_MP,10.1039/b210714g,22,3,1,SHR,19,19289.307237341334,19996.121088347976,9.509917705739875,0.7893345294164611,
DES_MP,10.1039/b210714g,22,3,1,FAKE,19,19289.307237341334,48340.37426411698,-37.8479132115217,1.0,10.3923/jas.2010.3349.3354
DES_MP,10.1039/b210714g,22,3,1,FAKE_SHR,19,19289.307237341334,37694.5531935093,-37.8479132115217,0.7893345294164611,10.3923/jas.2010.3349.3354
DES_MP,10.1039/b210714g,22,3,2,OFF,19,22900.259527644725,23917.914238507692,-4.609676595204348,1.0,
DES_MP,10.1039/b210714g,22,3,2,SHR,19,22900.259527644725,23636.39453280541,-4.609676595204348,0.7893345294164611,
DES_MP,10.1039/b210714g,22,3,2,FAKE,19,22900.259527644725,24054.451147835014,-5.0410127002119225,1.0,10.1021/je060146z
DES_MP,10.1039/b210714g,22,3,2,FAKE_SHR,19,22900.259527644725,23731.01612041516,-5.0410127002119225,0.7893345294164611,10.1021/je060146z
DES_MP,10.1039/b210714g,22,3,3,OFF,19,20086.59531957853,31743.681669129335,23.806945068873762,1.0,
DES_MP,10.1039/b210714g,22,3,3,SHR,19,20086.59531957853,27497.266738268805,23.806945068873762,0.7893345294164611,
DES_MP,10.1039/b210714g,22,3,3,FAKE,19,20086.59531957853,21232.908220643643,-8.811293421634483,1.0,10.1021/acssuschemeng.7b04235
DES_MP,10.1039/b210714g,22,3,3,FAKE_SHR,19,20086.59531957853,20746.125412735597,-8.811293421634483,0.7893345294164611,10.1021/acssuschemeng.7b04235
DES_MP,10.1039/b210714g,22,3,4,OFF,19,15203.599748775847,25530.725996774363,22.544232581895887,1.0,
DES_MP,10.1039/b210714g,22,3,4,SHR,19,15203.599748775847,21749.403233183773,22.544232581895887,0.7893345294164611,
DES_MP,10.1039/b210714g,22,3,4,FAKE,19,15203.599748775847,24757.838711805285,-23.22077236516454,1.0,10.1016/j.tca.2011.10.010
DES_MP,10.1039/b210714g,22,3,4,FAKE_SHR,19,15203.599748775847,21041.51497762474,-23.22077236516454,0.7893345294164611,10.1016/j.tca.2011.10.010
DES_MP,10.1039/b210714g,22,3,5,OFF,19,15525.6371699154,20884.76092423256,16.902990869965134,1.0,
DES_MP,10.1039/b210714g,22,3,5,SHR,19,15525.6371699154,18853.095782916236,16.902990869965134,0.7893345294164611,
DES_MP,10.1039/b210714g,22,3,5,FAKE,19,15525.6371699154,16084.151111552375,5.530861990259477,1.0,10.1016/j.molliq.2014.08.004
DES_MP,10.1039/b210714g,22,3,5,FAKE_SHR,19,15525.6371699154,15869.843323954872,5.530861990259477,0.7893345294164611,10.1016/j.molliq.2014.08.004
DES_MP,10.1039/b210714g,22,3,6,OFF,19,18841.118224249658,19596.696658807534,7.999192322080489,1.0,
DES_MP,10.1039/b210714g,22,3,6,SHR,19,18841.118224249658,19235.35999444727,7.999192322080489,0.7893345294164611,
DES_MP,10.1039/b210714g,22,3,6,FAKE,19,18841.118224249658,21521.316565665253,-10.459202212629853,1.0,10.1021/je300997v
DES_MP,10.1039/b210714g,22,3,6,FAKE_SHR,19,18841.118224249658,20611.066296526293,-10.459202212629853,0.7893345294164611,10.1021/je300997v
DES_MP,10.1039/b210714g,22,3,7,OFF,19,22103.60959784197,22001.35024703686,1.507413224550703,1.0,
DES_MP,10.1039/b210714g,22,3,7,SHR,19,22103.60959784197,22015.713616672987,1.507413224550703,0.7893345294164611,
DES_MP,10.1039/b210714g,22,3,7,FAKE,19,22103.60959784197,43302.78000921263,-30.96022468955738,1.0,10.1021/je300997v
DES_MP,10.1039/b210714g,22,3,7,FAKE_SHR,19,22103.60959784197,35808.42566721597,-30.96022468955738,0.7893345294164611,10.1021/je300997v
DES_MP,10.1039/b210714g,22,3,8,OFF,19,22248.99571236624,29320.519457114642,-14.83990903893878,1.0,
DES_MP,10.1039/b210714g,22,3,8,SHR,19,22248.99571236624,27135.015827173727,-14.83990903893878,0.7893345294164611,
DES_MP,10.1039/b210714g,22,3,8,FAKE,19,22248.99571236624,33620.9192964104,30.114810104359435,1.0,10.1021/ja048266j
DES_MP,10.1039/b210714g,22,3,8,FAKE_SHR,19,22248.99571236624,28359.95941779288,30.114810104359435,0.7893345294164611,10.1021/ja048266j
DES_MP,10.1039/b210714g,22,3,9,OFF,19,23522.001146707727,23972.446873581845,6.850909509423332,1.0,
DES_MP,10.1039/b210714g,22,3,9,SHR,19,23522.001146707727,23729.266019700925,6.850909509423332,0.7893345294164611,
DES_MP,10.1039/b210714g,22,3,9,FAKE,19,23522.001146707727,76245.19693553589,-51.00943912479039,1.0,10.1002/adfm.202011102
DES_MP,10.1039/b210714g,22,3,9,FAKE_SHR,19,23522.001146707727,56917.53332596505,-51.00943912479039,0.7893345294164611,10.1002/adfm.202011102
DES_MP,10.1039/b210714g,22,3,10,OFF,19,11855.203570135636,44310.56688712609,38.202959556912255,1.0,
DES_MP,10.1039/b210714g,22,3,10,SHR,19,11855.203570135636,32862.26865367963,38.202959556912255,0.7893345294164611,
DES_MP,10.1039/b210714g,22,3,10,FAKE,19,11855.203570135636,36897.63928229859,33.19509723790204,1.0,10.1016/j.gee.2020.11.020
DES_MP,10.1039/b210714g,22,3,10,FAKE_SHR,19,11855.203570135636,28140.64654149849,33.19509723790204,0.7893345294164611,10.1016/j.gee.2020.11.020
DES_MP,10.1039/b210714g,22,3,11,OFF,19,19141.6756361344,22280.719804512897,13.512906690196795,1.0,
DES_MP,10.1039/b210714g,22,3,11,SHR,19,19141.6756361344,21042.524843527335,13.512906690196795,0.7893345294164611,
DES_MP,10.1039/b210714g,22,3,11,FAKE,19,19141.6756361344,218773.58455387,-101.86209364971705,1.0,10.1039/c4ra10628h
DES_MP,10.1039/b210714g,22,3,11,FAKE_SHR,19,19141.6756361344,143936.19976146848,-101.86209364971705,0.7893345294164611,10.1039/c4ra10628h
DES_MP,10.1039/b210714g,22,3,12,OFF,19,22627.077905768358,26359.97075094854,-10.289933890488498,1.0,
DES_MP,10.1039/b210714g,22,3,12,SHR,19,22627.077905768358,25239.05054134123,-10.289933890488498,0.7893345294164611,
DES_MP,10.1039/b210714g,22,3,12,FAKE,19,22627.077905768358,102901.99230313668,-60.747182918193175,1.0,10.1016/j.molliq.2018.02.049
DES_MP,10.1039/b210714g,22,3,12,FAKE_SHR,19,22627.077905768358,74331.86536306654,-60.747182918193175,0.7893345294164611,10.1016/j.molliq.2018.02.049
DES_MP,10.1039/b210714g,22,3,13,OFF,19,20708.9432277184,28587.096020794896,-15.76634546679484,1.0,
DES_MP,10.1039/b210714g,22,3,13,SHR,19,20708.9432277184,26142.078797612292,-15.76634546679484,0.7893345294164611,
DES_MP,10.1039/b210714g,22,3,13,FAKE,19,20708.9432277184,25936.61163377329,-12.136955740765151,1.0,10.1021/acs.jpcb.0c02386
DES_MP,10.1039/b210714g,22,3,13,FAKE_SHR,19,20708.9432277184,24369.921104071167,-12.136955740765151,0.7893345294164611,10.1021/acs.jpcb.0c02386
DES_MP,10.1039/b210714g,22,3,14,OFF,19,15093.381379912935,23990.933341149568,21.09350749902518,1.0,
DES_MP,10.1039/b210714g,22,3,14,SHR,19,15093.381379912935,20710.784231331734,21.09350749902518,0.7893345294164611,
DES_MP,10.1039/b210714g,22,3,14,FAKE,19,15093.381379912935,137455.95114978804,79.69872934249297,1.0,10.1021/js9701465
DES_MP,10.1039/b210714g,22,3,14,FAKE_SHR,19,15093.381379912935,91610.07031768725,79.69872934249297,0.7893345294164611,10.1021/js9701465
DES_MP,10.1039/b210714g,22,3,15,OFF,19,20125.566225510313,31799.235462543384,23.822225930555323,1.0,
DES_MP,10.1039/b210714g,22,3,15,SHR,19,20125.566225510313,27547.027613643106,23.822225930555323,0.7893345294164611,
DES_MP,10.1039/b210714g,22,3,15,FAKE,19,20125.566225510313,35483.56299612636,27.463447976872715,1.0,10.1016/j.foodcont.2023.109625
DES_MP,10.1039/b210714g,22,3,15,FAKE_SHR,19,20125.566225510313,29865.19553343612,27.463447976872715,0.7893345294164611,10.1016/j.foodcont.2023.109625
DES_MP,10.1039/b210714g,22,3,16,OFF,19,15203.599748775847,25530.725996774363,22.544232581895887,1.0,
DES_MP,10.1039/b210714g,22,3,16,SHR,19,15203.599748775847,21749.403233183773,22.544232581895887,0.7893345294164611,
DES_MP,10.1039/b210714g,22,3,16,FAKE,19,15203.599748775847,59990.212013976074,47.774515434493715,1.0,10.1021/je100104v
DES_MP,10.1039/b210714g,22,3,16,FAKE_SHR,19,15203.599748775847,43344.1338172134,47.774515434493715,0.7893345294164611,10.1021/je100104v
DES_MP,10.1039/b210714g,22,3,17,OFF,19,22522.95112880592,24457.37954283069,-6.93559919824861,1.0,
DES_MP,10.1039/b210714g,22,3,17,SHR,19,22522.95112880592,23897.885911676873,-6.93559919824861,0.7893345294164611,
DES_MP,10.1039/b210714g,22,3,17,FAKE,19,22522.95112880592,31316.598639857817,-17.98698910344376,1.0,10.3923/jas.2010.3349.3354
DES_MP,10.1039/b210714g,22,3,17,FAKE_SHR,19,22522.95112880592,28441.906341040485,-17.98698910344376,0.7893345294164611,10.3923/jas.2010.3349.3354
DES_MP,10.1039/b210714g,22,3,18,OFF,19,21949.88640473456,21887.894276807085,0.7053424338970254,1.0,
DES_MP,10.1039/b210714g,22,3,18,SHR,19,21949.88640473456,21899.382038521806,0.7053424338970254,0.7893345294164611,
DES_MP,10.1039/b210714g,22,3,18,FAKE,19,21949.88640473456,52211.82308726538,-37.332432965108836,1.0,10.1016/j.molliq.2020.114495
DES_MP,10.1039/b210714g,22,3,18,FAKE_SHR,19,21949.88640473456,41433.35389750657,-37.332432965108836,0.7893345294164611,10.1016/j.molliq.2020.114495
DES_MP,10.1039/b210714g,22,3,19,OFF,19,22092.98408762878,22544.31202248702,-2.6337113966613024,1.0,
DES_MP,10.1039/b210714g,22,3,19,SHR,19,22092.98408762878,22427.317661778037,-2.6337113966613024,0.7893345294164611,
DES_MP,10.1039/b210714g,22,3,19,FAKE,19,22092.98408762878,23613.687219086336,-6.306219168981149,1.0,10.1016/j.molliq.2021.115838
DES_MP,10.1039/b210714g,22,3,19,FAKE_SHR,19,22092.98408762878,23167.68229760546,-6.306219168981149,0.7893345294164611,10.1016/j.molliq.2021.115838
DES_MP,10.1039/b210714g,22,3,20,OFF,19,22009.367714210934,23740.783269289277,-6.4750319521058755,1.0,
DES_MP,10.1039/b210714g,22,3,20,SHR,19,22009.367714210934,23243.57161852362,-6.4750319521058755,0.7893345294164611,
DES_MP,10.1039/b210714g,22,3,20,FAKE,19,22009.367714210934,590861.8584247357,176.87164675778095,1.0,10.1016/j.fluid.2019.04.019
DES_MP,10.1039/b210714g,22,3,20,FAKE_SHR,19,22009.367714210934,372186.15560426464,176.87164675778095,0.7893345294164611,10.1016/j.fluid.2019.04.019
DES_MP,10.1039/b210714g,22,3,21,OFF,19,22533.576639019106,23023.685092738287,-2.794474577036605,1.0,
DES_MP,10.1039/b210714g,22,3,21,SHR,19,22533.576639019106,22895.763935773673,-2.794474577036605,0.7893345294164611,
DES_MP,10.1039/b210714g,22,3,21,FAKE,19,22533.576639019106,28177.409972932885,-14.314683843073738,1.0,10.1021/acs.iecr.7b02382
DES_MP,10.1039/b210714g,22,3,21,FAKE_SHR,19,22533.576639019106,26341.05082806903,-14.314683843073738,0.7893345294164611,10.1021/acs.iecr.7b02382
DES_MP,10.1039/b210714g,22,3,22,OFF,19,22014.821153676967,36537.874866514634,-22.084089359884217,1.0,
DES_MP,10.1039/b210714g,22,3,22,SHR,19,22014.821153676967,31937.495189344445,-22.084089359884217,0.7893345294164611,
DES_MP,10.1039/b210714g,22,3,22,FAKE,19,22014.821153676967,92580.80177446755,-54.99977144786974,1.0,10.1016/j.ijggc.2016.02.006
DES_MP,10.1039/b210714g,22,3,22,FAKE_SHR,19,22014.821153676967,68157.8048481304,-54.99977144786974,0.7893345294164611,10.1016/j.ijggc.2016.02.006
DES_MP,10.1039/b210714g,22,3,23,OFF,19,20146.076629054904,25302.66286982132,16.626570682870863,1.0,
DES_MP,10.1039/b210714g,22,3,23,SHR,19,20146.076629054904,23342.947723191017,16.626570682870863,0.7893345294164611,
DES_MP,10.1039/b210714g,22,3,23,FAKE,19,20146.076629054904,29897.409819069555,-22.50337287714541,1.0,10.1039/c0ob01011a
DES_MP,10.1039/b210714g,22,3,23,FAKE_SHR,19,20146.076629054904,26243.202109440168,-22.50337287714541,0.7893345294164611,10.1039/c0ob01011a
DES_MP,10.1039/b210714g,22,3,24,OFF,19,16087.897479502033,43921.50621712635,35.54395136059571,1.0,
DES_MP,10.1039/b210714g,22,3,24,SHR,19,16087.897479502033,34066.395251513626,35.54395136059571,0.7893345294164611,
DES_MP,10.1039/b210714g,22,3,24,FAKE,19,16087.897479502033,98006.024147946,62.88776641535102,1.0,10.1016/j.molliq.2016.10.134
DES_MP,10.1039/b210714g,22,3,24,FAKE_SHR,19,16087.897479502033,68253.58433104178,62.88776641535102,0.7893345294164611,10.1016/j.molliq.2016.10.134
DES_MP,10.1039/b210714g,22,3,25,OFF,19,21243.03704585797,37430.0731678043,-23.422567960622036,1.0,
DES_MP,10.1039/b210714g,22,3,25,SHR,19,21243.03704585797,32286.71026111562,-23.422567960622036,0.7893345294164611,
DES_MP,10.1039/b210714g,22,3,25,FAKE,19,21243.03704585797,23248.13313619568,-5.668084439161021,1.0,10.1080/10837450.2020.1735414
DES_MP,10.1039/b210714g,22,3,25,FAKE_SHR,19,21243.03704585797,22724.22520296455,-5.668084439161021,0.7893345294164611,10.1080/10837450.2020.1735414
DES_MP,10.1039/b210714g,22,3,26,OFF,19,22959.740837121095,27678.994555873753,-11.79005098120725,1.0,
DES_MP,10.1039/b210714g,22,3,26,SHR,19,22959.740837121095,26245.633913736543,-11.79005098120725,0.7893345294164611,
DES_MP,10.1039/b210714g,22,3,26,FAKE,19,22959.740837121095,28947.60855308044,-13.70997180217401,1.0,10.1016/j.chroma.2018.07.070
DES_MP,10.1039/b210714g,22,3,26,FAKE_SHR,19,22959.740837121095,27092.315535609552,-13.70997180217401,0.7893345294164611,10.1016/j.chroma.2018.07.070
DES_MP,10.1039/b210714g,22,3,27,OFF,19,22246.707280736187,22523.860115421245,-1.8316406060076247,1.0,
DES_MP,10.1039/b210714g,22,3,27,SHR,19,22246.707280736187,22454.874004811787,-1.8316406060076247,0.7893345294164611,
DES_MP,10.1039/b210714g,22,3,27,FAKE,19,22246.707280736187,23901.06938160456,-6.755931319028093,1.0,10.1002/anie.202110520
DES_MP,10.1039/b210714g,22,3,27,FAKE_SHR,19,22246.707280736187,23408.348011098147,-6.755931319028093,0.7893345294164611,10.1002/anie.202110520
DES_MP,10.1039/b210714g,22,3,28,OFF,19,20125.566225510313,31799.235462543384,23.822225930555323,1.0,
DES_MP,10.1039/b210714g,22,3,28,SHR,19,20125.566225510313,27547.02761364311,23.822225930555323,0.7893345294164611,
DES_MP,10.1039/b210714g,22,3,28,FAKE,19,20125.566225510313,20669.278521704662,-6.423752710004635,1.0,10.1039/c4cp00057a
DES_MP,10.1039/b210714g,22,3,28,FAKE_SHR,19,20125.566225510313,20424.364706693606,-6.423752710004635,0.7893345294164611,10.1039/c4cp00057a
DES_MP,10.1039/b210714g,22,3,29,OFF,19,18190.664360789797,18420.94407486247,-1.58619146359077,1.0,
DES_MP,10.1039/b210714g,22,3,29,SHR,19,18190.664360789797,18364.48296643817,-1.58619146359077,0.7893345294164611,
DES_MP,10.1039/b210714g,22,3,29,FAKE,19,18190.664360789797,20858.674216678406,15.257929496251071,1.0,10.1021/ic049931s
DES_MP,10.1039/b210714g,22,3,29,FAKE_SHR,19,18190.664360789797,19561.088567180886,15.257929496251071,0.7893345294164611,10.1021/ic049931s
DES_MP,10.1039/b210714g,22,5,0,OFF,17,17724.391411150835,19134.116942522407,-5.531235158174797,1.0,
DES_MP,10.1039/b210714g,22,5,0,SHR,17,17724.391411150835,18877.650254459302,-5.531235158174797,0.8619694056002141,
DES_MP,10.1039/b210714g,22,5,0,FAKE,17,17724.391411150835,18386.31255669134,12.560757094629196,1.0,10.1002/chem.200601738
DES_MP,10.1039/b210714g,22,5,0,FAKE_SHR,17,17724.391411150835,17975.831785937113,12.560757094629196,0.8619694056002141,10.1002/chem.200601738
DES_MP,10.1039/b210714g,22,5,1,OFF,17,23385.771647913676,23315.009185597268,3.0485641823732066,1.0,
DES_MP,10.1039/b210714g,22,5,1,SHR,17,23385.771647913676,23305.978779336056,3.0485641823732066,0.8619694056002141,
DES_MP,10.1039/b210714g,22,5,1,FAKE,17,23385.771647913676,34799.61618789056,28.212236967841896,1.0,10.3390/app11041601
DES_MP,10.1039/b210714g,22,5,1,FAKE_SHR,17,23385.771647913676,31614.28507125902,28.212236967841896,0.8619694056002141,10.3390/app11041601
DES_MP,10.1039/b210714g,22,5,2,OFF,17,18791.687606315478,33739.20126837452,-21.655831528211138,1.0,
DES_MP,10.1039/b210714g,22,5,2,SHR,17,18791.687606315478,30727.424774030645,-21.655831528211138,0.8619694056002141,
DES_MP,10.1039/b210714g,22,5,2,FAKE,17,18791.687606315478,480638.2293605241,174.57046816808088,1.0,10.1016/j.fluid.2019.04.019
DES_MP,10.1039/b210714g,22,5,2,FAKE_SHR,17,18791.687606315478,355249.9786440427,174.57046816808088,0.8619694056002141,10.1016/j.fluid.2019.04.019
DES_MP,10.1039/b210714g,22,5,3,OFF,17,9052.296631056968,59834.354218579814,45.366518593033014,1.0,
DES_MP,10.1039/b210714g,22,5,3,SHR,17,9052.296631056968,48662.06233292491,45.366518593033014,0.8619694056002141,
DES_MP,10.1039/b210714g,22,5,3,FAKE,17,9052.296631056968,8141.3956512402765,-3.0795552997860343,1.0,10.1016/j.molliq.2021.115838
DES_MP,10.1039/b210714g,22,5,3,FAKE_SHR,17,9052.296631056968,8247.945931836453,-3.0795552997860343,0.8619694056002141,10.1016/j.molliq.2021.115838
DES_MP,10.1039/b210714g,22,5,4,OFF,17,22085.34716142114,22524.23060425737,-2.526223926440173,1.0,
DES_MP,10.1039/b210714g,22,5,4,SHR,17,22085.34716142114,22450.74323613532,-2.526223926440173,0.8619694056002141,
DES_MP,10.1039/b210714g,22,5,4,FAKE,17,22085.34716142114,22559.90717110677,10.38205093172353,1.0,10.1016/j.molliq.2014.08.004
DES_MP,10.1039/b210714g,22,5,4,FAKE_SHR,17,22085.34716142114,22276.39034577452,10.38205093172353,0.8619694056002141,10.1016/j.molliq.2014.08.004
DES_MP,10.1039/b210714g,22,5,5,OFF,17,20408.467490051095,29450.024976753743,-16.44943366614539,1.0,
DES_MP,10.1039/b210714g,22,5,5,SHR,17,20408.467490051095,27654.72276882229,-16.44943366614539,0.8619694056002141,
DES_MP,10.1039/b210714g,22,5,5,FAKE,17,20408.467490051095,54371.87325594125,-37.45564672405945,1.0,10.1002/9783527818488
DES_MP,10.1039/b210714g,22,5,5,FAKE_SHR,17,20408.467490051095,46846.28707210572,-37.45564672405945,0.8619694056002141,10.1002/9783527818488
DES_MP,10.1039/b210714g,22,5,6,OFF,17,14229.970618571242,14142.535892921347,1.1923566993794452,1.0,
DES_MP,10.1039/b210714g,22,5,6,SHR,17,14229.970618571242,14151.728959753531,1.1923566993794452,0.8619694056002141,
DES_MP,10.1039/b210714g,22,5,6,FAKE,17,14229.970618571242,14124.254603443249,3.919113447873974,1.0,10.1021/je060146z
DES_MP,10.1039/b210714g,22,5,6,FAKE_SHR,17,14229.970618571242,14107.780185481319,3.919113447873974,0.8619694056002141,10.1021/je060146z
DES_MP,10.1039/b210714g,22,5,7,OFF,17,18925.044856315384,20472.153607221553,9.77198962557252,1.0,
DES_MP,10.1039/b210714g,22,5,7,SHR,17,18925.044856315384,20065.460864660552,9.77198962557252,0.8619694056002141,
DES_MP,10.1039/b210714g,22,5,7,FAKE,17,18925.044856315384,48993.33862376239,-41.827314644118246,1.0,10.1016/j.jtice.2015.12.020
DES_MP,10.1039/b210714g,22,5,7,FAKE_SHR,17,18925.044856315384,41304.35648236792,-41.827314644118246,0.8619694056002141,10.1016/j.jtice.2015.12.020
DES_MP,10.1039/b210714g,22,5,8,OFF,17,17938.865518114144,17901.92957296499,3.519575377841045,1.0,
DES_MP,10.1039/b210714g,22,5,8,SHR,17,17938.865518114144,17881.972732726834,3.519575377841045,0.8619694056002141,
DES_MP,10.1039/b210714g,22,5,8,FAKE,17,17938.865518114144,63335.17654996633,-49.64856823245111,1.0,10.1016/j.jtice.2015.12.020
DES_MP,10.1039/b210714g,22,5,8,FAKE_SHR,17,17938.865518114144,52083.35719377466,-49.64856823245111,0.8619694056002141,10.1016/j.jtice.2015.12.020
DES_MP,10.1039/b210714g,22,5,9,OFF,17,17212.87498336497,17114.999182867912,2.3941183455844905,1.0,
DES_MP,10.1039/b210714g,22,5,9,SHR,17,17212.87498336497,17116.91573015718,2.3941183455844905,0.8619694056002141,
DES_MP,10.1039/b210714g,22,5,9,FAKE,17,17212.87498336497,17420.620337544286,-1.8405526956688845,1.0,10.3390/molecules25051077
DES_MP,10.1039/b210714g,22,5,9,FAKE_SHR,17,17212.87498336497,17385.093197155606,-1.8405526956688845,0.8619694056002141,10.3390/molecules25051077
DES_MP,10.1039/b210714g,22,5,10,OFF,17,20598.80653307293,27378.159944054234,-14.011640094998029,1.0,
DES_MP,10.1039/b210714g,22,5,10,SHR,17,20598.80653307293,26045.307074734625,-14.011640094998029,0.8619694056002141,
DES_MP,10.1039/b210714g,22,5,10,FAKE,17,20598.80653307293,28034.837870457406,-14.902438915074152,1.0,10.1016/j.gee.2019.03.002
DES_MP,10.1039/b210714g,22,5,10,FAKE_SHR,17,20598.80653307293,26559.247266821778,-14.902438915074152,0.8619694056002141,10.1016/j.gee.2019.03.002
DES_MP,10.1039/b210714g,22,5,11,OFF,17,21188.466220534217,24621.625862748006,-9.490200621315728,1.0,
DES_MP,10.1039/b210714g,22,5,11,SHR,17,21188.466220534217,23965.578966260866,-9.490200621315728,0.8619694056002141,
DES_MP,10.1039/b210714g,22,5,11,FAKE,17,21188.466220534217,21002.47913314976,1.015419294052822,1.0,10.1016/j.gee.2019.03.002
DES_MP,10.1039/b210714g,22,5,11,FAKE_SHR,17,21188.466220534217,21026.06555693443,1.015419294052822,0.8619694056002141,10.1016/j.gee.2019.03.002
DES_MP,10.1039/b210714g,22,5,12,OFF,17,18181.55605965809,18192.167328261065,-0.09809664349872946,1.0,
DES_MP,10.1039/b210714g,22,5,12,SHR,17,18181.55605965809,18190.683184892187,-0.09809664349872946,0.8619694056002141,
DES_MP,10.1039/b210714g,22,5,12,FAKE,17,18181.55605965809,18210.43091719622,-0.2603002603494815,1.0,10.1039/c4ra10628h
DES_MP,10.1039/b210714g,22,5,12,FAKE_SHR,17,18181.55605965809,18206.30825777149,-0.2603002603494815,0.8619694056002141,10.1039/c4ra10628h
DES_MP,10.1039/b210714g,22,5,13,OFF,17,18646.512259420324,21700.51686193393,12.767542077400753,1.0,
DES_MP,10.1039/b210714g,22,5,13,SHR,17,18646.512259420324,20949.26184869646,12.767542077400753,0.8619694056002141,
DES_MP,10.1039/b210714g,22,5,13,FAKE,17,18646.512259420324,121030.72977886144,-78.25969656103383,1.0,10.1002/adfm.202011102
DES_MP,10.1039/b210714g,22,5,13,FAKE_SHR,17,18646.512259420324,94510.8248601813,-78.25969656103383,0.8619694056002141,10.1002/adfm.202011102
DES_MP,10.1039/b210714g,22,5,14,OFF,17,20710.460436799876,22368.190086552044,-6.121514272693969,1.0,
DES_MP,10.1039/b210714g,22,5,14,SHR,17,20710.460436799876,22063.578845808883,-6.121514272693969,0.8619694056002141,
DES_MP,10.1039/b210714g,22,5,14,FAKE,17,20710.460436799876,21169.111115132655,12.047539953328613,1.0,10.1002/cphc.200500489
DES_MP,10.1039/b210714g,22,5,14,FAKE_SHR,17,20710.460436799876,20812.232472396965,12.047539953328613,0.8619694056002141,10.1002/cphc.200500489
DES_MP,10.1039/b210714g,22,5,15,OFF,17,14221.276453038306,20452.33006906895,17.27073386521564,1.0,
DES_MP,10.1039/b210714g,22,5,15,SHR,17,14221.276453038306,18988.947936965447,17.27073386521564,0.8619694056002141,
DES_MP,10.1039/b210714g,22,5,15,FAKE,17,14221.276453038306,18014.610064829314,-17.043920211460204,1.0,10.1021/je5002126
DES_MP,10.1039/b210714g,22,5,15,FAKE_SHR,17,14221.276453038306,16903.450056680398,-17.043920211460204,0.8619694056002141,10.1021/je5002126
DES_MP,10.1039/b210714g,22,5,16,OFF,17,17511.186908567055,17769.445656284475,-1.7042530009652637,1.0,
DES_MP,10.1039/b210714g,22,5,16,SHR,17,17511.186908567055,17727.923367142415,-1.7042530009652637,0.8619694056002141,
DES_MP,10.1039/b210714g,22,5,16,FAKE,17,17511.186908567055,18991.034720291656,13.607114392302254,1.0,10.1002/anie.202110520
DES_MP,10.1039/b210714g,22,5,16,FAKE_SHR,17,17511.186908567055,18412.27356826926,13.607114392302254,0.8619694056002141,10.1002/anie.202110520
DES_MP,10.1039/b210714g,22,5,17,OFF,17,21719.395348033086,22794.482768160164,-4.651676969428683,1.0,
DES_MP,10.1039/b210714g,22,5,17,SHR,17,21719.395348033086,22602.321976692998,-4.651676969428683,0.8619694056002141,
DES_MP,10.1039/b210714g,22,5,17,FAKE,17,21719.395348033086,21398.68083518544,3.4082482294518286,1.0,10.1021/acs.iecr.7b02382
DES_MP,10.1039/b210714g,22,5,17,FAKE_SHR,17,21719.395348033086,21419.454081389234,3.4082482294518286,0.8619694056002141,10.1021/acs.iecr.7b02382
DES_MP,10.1039/b210714g,22,5,18,OFF,17,21046.18559434598,27384.91633489564,-13.4921140596403,1.0,
DES_MP,10.1039/b210714g,22,5,18,SHR,17,21046.18559434598,26141.784044703247,-13.4921140596403,0.8619694056002141,
DES_MP,10.1039/b210714g,22,5,18,FAKE,17,21046.18559434598,62556.96466515353,-42.84626846832414,1.0,10.1016/j.jct.2015.04.021
DES_MP,10.1039/b210714g,22,5,18,FAKE_SHR,17,21046.18559434598,53114.0601774461,-42.84626846832414,0.8619694056002141,10.1016/j.jct.2015.04.021
DES_MP,10.1039/b210714g,22,5,19,OFF,17,13987.101894349034,17133.260699512426,12.92422567264838,1.0,
DES_MP,10.1039/b210714g,22,5,19,SHR,17,13987.101894349034,16361.143539126093,12.92422567264838,0.8619694056002141,
DES_MP,10.1039/b210714g,22,5,19,FAKE,17,13987.101894349034,67806.49975327127,-56.96781022559463,1.0,10.1016/j.molliq.2018.02.049
DES_MP,10.1039/b210714g,22,5,19,FAKE_SHR,17,13987.101894349034,53813.67636145474,-56.96781022559463,0.8619694056002141,10.1016/j.molliq.2018.02.049
DES_MP,10.1039/b210714g,22,5,20,OFF,17,21714.064047290783,21636.821519802554,0.9754636600622006,1.0,
DES_MP,10.1039/b210714g,22,5,20,SHR,17,21714.064047290783,21645.558761360524,0.9754636600622006,0.8619694056002141,
DES_MP,10.1039/b210714g,22,5,20,FAKE,17,21714.064047290783,59834.46829230025,-44.62072326460238,1.0,10.1016/j.molliq.2020.114745
DES_MP,10.1039/b210714g,22,5,20,FAKE_SHR,17,21714.064047290783,50545.61472082359,-44.62072326460238,0.8619694056002141,10.1016/j.molliq.2020.114745
DES_MP,10.1039/b210714g,22,5,21,OFF,17,14280.75776251468,17449.63475536009,12.9625092336139,1.0,
DES_MP,10.1039/b210714g,22,5,21,SHR,17,14280.75776251468,16672.377291529716,12.9625092336139,0.8619694056002141,
DES_MP,10.1039/b210714g,22,5,21,FAKE,17,14280.75776251468,73844.61056031252,-59.905664371880256,1.0,10.1016/j.solmat.2016.06.004
DES_MP,10.1039/b210714g,22,5,21,FAKE_SHR,17,14280.75776251468,58364.39252228896,-59.905664371880256,0.8619694056002141,10.1016/j.solmat.2016.06.004
DES_MP,10.1039/b210714g,22,5,22,OFF,17,8101.285355712365,39861.526449823185,36.307059700760476,1.0,
DES_MP,10.1039/b210714g,22,5,22,SHR,17,8101.285355712365,32811.40732524303,36.307059700760476,0.8619694056002141,
DES_MP,10.1039/b210714g,22,5,22,FAKE,17,8101.285355712365,7175.700746795697,-9.28765189549947,1.0,10.1002/apj.1995
DES_MP,10.1039/b210714g,22,5,22,FAKE_SHR,17,8101.285355712365,7128.986836400458,-9.28765189549947,0.8619694056002141,10.1002/apj.1995
DES_MP,10.1039/b210714g,22,5,23,OFF,17,17796.565217649517,17767.854786669224,0.29422813902431244,1.0,
DES_MP,10.1039/b210714g,22,5,23,SHR,17,17796.565217649517,17771.642605170142,0.29422813902431244,0.8619694056002141,
DES_MP,10.1039/b210714g,22,5,23,FAKE,17,17796.565217649517,84103.94095310902,-59.50920853148624,1.0,10.1002/aic.17408
DES_MP,10.1039/b210714g,22,5,23,FAKE_SHR,17,17796.565217649517,67788.66717995348,-59.50920853148624,0.8619694056002141,10.1002/aic.17408
DES_MP,10.1039/b210714g,22,5,24,OFF,17,21267.482368447327,22386.187347824973,-4.772841912447257,1.0,
DES_MP,10.1039/b210714g,22,5,24,SHR,17,21267.482368447327,22185.69631612997,-4.772841912447257,0.8619694056002141,
DES_MP,10.1039/b210714g,22,5,24,FAKE,17,21267.482368447327,26660.587721320375,-13.8653602777277,1.0,10.1021/ef2004943
DES_MP,10.1039/b210714g,22,5,24,FAKE_SHR,17,21267.482368447327,25527.327456110565,-13.8653602777277,0.8619694056002141,10.1021/ef2004943
DES_MP,10.1039/b210714g,22,5,25,OFF,17,12574.0413290303,13358.95159075864,-3.7807964910411327,1.0,
DES_MP,10.1039/b210714g,22,5,25,SHR,17,12574.0413290303,13221.6976546666,-3.7807964910411327,0.8619694056002141,
DES_MP,10.1039/b210714g,22,5,25,FAKE,17,12574.0413290303,49239.349053983584,-42.41650013030928,1.0,10.1016/j.fluid.2017.05.009
DES_MP,10.1039/b210714g,22,5,25,FAKE_SHR,17,12574.0413290303,40539.383515985304,-42.41650013030928,0.8619694056002141,10.1016/j.fluid.2017.05.009
DES_MP,10.1039/b210714g,22,5,26,OFF,17,17658.818509773988,18547.310367476035,-4.106046391639415,1.0,
DES_MP,10.1039/b210714g,22,5,26,SHR,17,17658.818509773988,18390.570565781134,-4.106046391639415,0.8619694056002141,
DES_MP,10.1039/b210714g,22,5,26,FAKE,17,17658.818509773988,22527.039524808544,-13.151627716402913,1.0,10.1039/c0ob01011a
DES_MP,10.1039/b210714g,22,5,26,FAKE_SHR,17,17658.818509773988,21505.23150878701,-13.151627716402913,0.8619694056002141,10.1039/c0ob01011a
DES_MP,10.1039/b210714g,22,5,27,OFF,17,21062.162079577858,31084.434128343088,-17.411146115911823,1.0,
DES_MP,10.1039/b210714g,22,5,27,SHR,17,21062.162079577858,29087.898145239295,-17.411146115911823,0.8619694056002141,
DES_MP,10.1039/b210714g,22,5,27,FAKE,17,21062.162079577858,37471.09729051991,40.36290809754945,1.0,10.1016/j.hydromet.2022.105971
DES_MP,10.1039/b210714g,22,5,27,FAKE_SHR,17,21062.162079577858,31910.96789910567,40.36290809754945,0.8619694056002141,10.1016/j.hydromet.2022.105971
DES_MP,10.1039/b210714g,22,5,28,OFF,17,17360.628723295635,18134.78610615337,-3.745968860265782,1.0,
DES_MP,10.1039/b210714g,22,5,28,SHR,17,17360.628723295635,17999.54660696451,-3.745968860265782,0.8619694056002141,
DES_MP,10.1039/b210714g,22,5,28,FAKE,17,17360.628723295635,40956.32649937498,-33.2868586634645,1.0,10.3923/jas.2010.3349.3354
DES_MP,10.1039/b210714g,22,5,28,FAKE_SHR,17,17360.628723295635,35458.29562991038,-33.2868586634645,0.8619694056002141,10.3923/jas.2010.3349.3354
DES_MP,10.1039/b210714g,22,5,29,OFF,17,20530.31374812094,21891.754881238223,-5.4108126521959665,1.0,
DES_MP,10.1039/b210714g,22,5,29,SHR,17,20530.31374812094,21644.618071923625,-5.4108126521959665,0.8619694056002141,
DES_MP,10.1039/b210714g,22,5,29,FAKE,17,20530.31374812094,35960.728633623236,35.186256993090524,1.0,10.1016/j.molliq.2019.112155
DES_MP,10.1039/b210714g,22,5,29,FAKE_SHR,17,20530.31374812094,31326.69815563453,35.186256993090524,0.8619694056002141,10.1016/j.molliq.2019.112155
