dataset,source,n_rows,n_leak_mine,n_leak_h4,n_train_mine,n_train_h4,n_nearcopy_train_rows,n_heldout_rows_with_nearcopy,n_heldout_rows_with_Xdup_in_train,n_heldout_rows_with_Xdup_and_same_y_in_train,n_rows_in_repeated_key_within_source,n_rows_identical_key_and_y_within_source,n_rows_in_repeated_X_within_source
DES_RHO,10.1002/aic.18095,2667,1882,1882,2388,2388,83,226,110,2,253,56,228
DES_RHO,10.1016/j.cclet.2013.09.004,9,0,0,6928,6928,0,0,0,0,0,0,0
DES_RHO,10.1016/j.cej.2018.10.077,9,0,0,6928,6928,0,0,0,0,0,0,0
DES_RHO,10.1016/j.cej.2020.125173,36,2,2,6899,6899,11,7,8,0,0,0,0
DES_RHO,10.1016/j.cep.2015.04.001,14,0,0,6923,6923,0,0,0,0,0,0,0
DES_RHO,10.1016/j.chemosphere.2019.125082,20,19,19,6898,6898,0,0,0,0,0,0,0
DES_RHO,10.1016/j.chroma.2018.07.070,13,13,13,6911,6911,0,0,2,0,0,0,0
DES_RHO,10.1016/j.cjche.2020.07.004,20,8,8,6909,6909,0,0,0,0,0,0,0
DES_RHO,10.1016/j.fluid.2012.12.001,137,72,72,6728,6728,39,32,29,0,14,0,10
DES_RHO,10.1016/j.fluid.2013.06.050,24,17,17,6896,6896,8,5,4,0,0,0,0
DES_RHO,10.1016/j.fluid.2017.03.008,84,58,58,6795,6795,7,5,18,1,0,0,0
DES_RHO,10.1016/j.fluid.2019.02.010,64,55,55,6818,6818,8,5,6,0,2,2,2
DES_RHO,10.1016/j.fluid.2020.112752,36,31,31,6870,6870,4,3,3,0,0,0,0
DES_RHO,10.1016/j.fluid.2022.113462,14,5,5,6918,6918,6,4,5,0,0,0,0
DES_RHO,10.1016/j.foodchem.2019.125752,8,8,8,6921,6921,1,1,1,0,0,0,0
DES_RHO,10.1016/j.foodchem.2021.131930,10,5,5,6922,6922,3,2,2,0,0,0,0
DES_RHO,10.1016/j.foodchem.2022.134054,38,18,18,6881,6881,8,5,7,1,0,0,0
DES_RHO,10.1016/j.ijggc.2016.02.006,8,7,7,6922,6922,1,1,0,0,0,0,0
DES_RHO,10.1016/j.jcou.2022.102217,112,19,19,6806,6806,2,1,2,0,0,0,0
DES_RHO,10.1016/j.jct.2013.05.041,20,20,20,6897,6897,1,1,1,0,0,0,0
DES_RHO,10.1016/j.jct.2015.04.021,24,19,19,6894,6894,7,3,3,0,4,2,2
DES_RHO,10.1016/j.jct.2017.05.020,66,48,48,6823,6823,9,8,5,0,0,0,0
DES_RHO,10.1016/j.jct.2017.11.008,66,0,0,6871,6871,0,0,0,0,0,0,0
DES_RHO,10.1016/j.jct.2018.10.003,25,0,0,6912,6912,0,0,0,0,0,0,0
DES_RHO,10.1016/j.jct.2018.12.017,54,41,41,6842,6842,3,3,2,0,0,0,0
DES_RHO,10.1016/j.jct.2019.105883,15,2,2,6920,6920,0,0,0,0,0,0,0
DES_RHO,10.1016/j.jct.2020.106051,12,4,4,6921,6921,0,0,0,0,0,0,0
DES_RHO,10.1016/j.jct.2021.106578,43,15,15,6879,6879,7,9,9,0,6,0,6
DES_RHO,10.1016/j.jct.2021.106713,77,26,26,6834,6834,22,12,11,0,0,0,0
DES_RHO,10.1016/j.jhazmat.2021.127972,27,3,3,6907,6907,4,2,2,0,0,0,0
DES_RHO,10.1016/j.jiec.2022.04.015,34,21,21,6882,6882,14,8,5,0,0,0,0
DES_RHO,10.1016/j.jmgm.2022.108319,25,4,4,6908,6908,0,0,0,0,0,0,0
DES_RHO,10.1016/j.jobe.2021.103056,9,5,5,6923,6923,8,2,2,0,0,0,0
DES_RHO,10.1016/j.jtice.2012.01.007,15,12,12,6910,6910,15,5,3,0,0,0,0
DES_RHO,10.1016/j.jtice.2015.12.020,54,53,53,6830,6830,0,0,0,0,0,0,0
DES_RHO,10.1016/j.microc.2022.107372,34,9,9,6894,6894,3,2,4,0,2,2,2
DES_RHO,10.1016/j.molliq.2016.01.038,10,1,1,6926,6926,0,0,2,0,0,0,2
DES_RHO,10.1016/j.molliq.2016.02.062,59,21,21,6857,6857,37,18,15,0,4,0,4
DES_RHO,10.1016/j.molliq.2016.07.039,77,62,62,6798,6798,15,5,6,0,0,0,0
DES_RHO,10.1016/j.molliq.2016.10.115,12,6,6,6919,6919,2,1,1,0,0,0,0
DES_RHO,10.1016/j.molliq.2017.02.071,27,7,7,6903,6903,13,4,7,0,0,0,0
DES_RHO,10.1016/j.molliq.2017.04.052,39,13,13,6885,6885,6,4,10,0,2,0,2
DES_RHO,10.1016/j.molliq.2017.05.084,45,45,45,6847,6847,1,1,0,0,0,0,0
DES_RHO,10.1016/j.molliq.2017.09.091,117,4,4,6816,6816,0,0,0,0,0,0,0
DES_RHO,10.1016/j.molliq.2018.02.049,54,36,36,6847,6847,0,0,1,1,2,0,2
DES_RHO,10.1016/j.molliq.2018.02.085,63,10,10,6864,6864,17,9,25,0,0,0,0
DES_RHO,10.1016/j.molliq.2019.01.053,14,9,9,6914,6914,16,7,5,0,0,0,0
DES_RHO,10.1016/j.molliq.2019.111916,35,17,17,6885,6885,11,9,12,1,4,0,4
DES_RHO,10.1016/j.molliq.2020.112644,18,11,11,6908,6908,4,2,1,0,0,0,0
DES_RHO,10.1016/j.molliq.2020.113110,81,70,70,6786,6786,0,0,6,0,0,0,0
DES_RHO,10.1016/j.molliq.2020.113127,36,12,12,6889,6889,0,0,6,0,12,12,12
DES_RHO,10.1016/j.molliq.2021.117987,25,5,5,6907,6907,1,1,1,0,0,0,0
DES_RHO,10.1016/j.molliq.2021.118393,54,6,6,6877,6877,0,0,0,0,0,0,0
DES_RHO,10.1016/j.molliq.2022.119392,11,6,6,6920,6920,0,0,0,0,0,0,0
DES_RHO,10.1016/j.molliq.2022.119396,90,10,10,6837,6837,4,4,4,0,0,0,0
DES_RHO,10.1016/j.molliq.2022.119560,27,1,1,6909,6909,0,0,0,0,0,0,0
DES_RHO,10.1016/j.molliq.2022.120056,9,0,0,6928,6928,0,0,0,0,0,0,0
DES_RHO,10.1016/j.molliq.2022.120266,52,24,24,6861,6861,17,11,13,0,4,0,4
DES_RHO,10.1016/j.molliq.2022.120420,351,11,11,6575,6575,23,23,151,4,28,4,183
DES_RHO,10.1016/j.seppur.2019.115703,43,31,31,6863,6863,9,9,8,0,2,0,2
DES_RHO,10.1016/j.seppur.2020.116692,22,0,0,6915,6915,0,0,0,0,0,0,0
DES_RHO,10.1016/j.talanta.2022.123373,8,5,5,6924,6924,0,0,1,0,0,0,0
DES_RHO,10.1016/j.tca.2011.10.010,268,230,230,6439,6439,41,44,20,0,22,0,16
DES_RHO,10.1016/j.tca.2012.04.030,28,6,6,6903,6903,1,1,1,0,0,0,0
DES_RHO,10.1016/j.tca.2014.11.028,18,13,13,6906,6906,11,4,4,0,0,0,0
DES_RHO,10.1016/j.tca.2016.11.008,12,7,7,6918,6918,3,2,2,0,0,0,0
DES_RHO,10.1021/acs.iecr.5b02611,22,21,21,6894,6894,0,0,0,0,0,0,0
DES_RHO,10.1021/acs.iecr.7b02478,28,19,19,6890,6890,5,5,6,0,4,4,4
DES_RHO,10.1021/acs.jced.0c00579,16,14,14,6907,6907,3,2,2,0,0,0,0
DES_RHO,10.1021/acs.jced.0c00715,153,51,51,6733,6733,44,32,73,3,14,0,38
DES_RHO,10.1021/acs.jced.6b00486,18,0,0,6919,6919,0,0,0,0,0,0,0
DES_RHO,10.1021/acs.jced.6b01013,36,20,20,6881,6881,20,12,12,0,2,0,2
DES_RHO,10.1021/acs.jced.9b00237,8,5,5,6924,6924,9,3,4,0,0,0,0
DES_RHO,10.1021/acssuschemeng.5b00532,52,27,27,6858,6858,15,13,13,0,2,0,2
DES_RHO,10.1021/acssuschemeng.5b00619,14,7,7,6916,6916,1,1,1,0,0,0,0
DES_RHO,10.1021/acssuschemeng.7b04235,39,39,39,6859,6859,13,11,11,0,0,0,0
DES_RHO,10.1021/acssuschemeng.8b01203,187,177,177,6573,6573,1,1,1,0,0,0,0
DES_RHO,10.1021/acssuschemeng.8b03520,17,9,9,6911,6911,5,5,5,0,0,0,0
DES_RHO,10.1021/acssuschemeng.8b04843,16,0,0,6921,6921,0,0,0,0,0,0,0
DES_RHO,10.1021/acssuschemeng.8b05072,26,4,4,6907,6907,9,6,6,0,2,0,2
DES_RHO,10.1021/acssuschemeng.9b01102,28,2,2,6907,6907,2,1,1,0,0,0,0
DES_RHO,10.1021/acssuschemeng.9b02845,21,17,17,6899,6899,9,5,5,0,0,0,0
DES_RHO,10.1021/acssuschemeng.9b03245,21,21,21,6895,6895,0,0,0,0,0,0,0
DES_RHO,10.1021/acssuschemeng.9b05434,9,10,10,6918,6918,2,1,1,0,0,0,0
DES_RHO,10.1021/je100104v,14,13,13,6910,6910,0,0,0,0,0,0,0
DES_RHO,10.1021/je300997v,37,14,14,6886,6886,8,6,4,0,0,0,0
DES_RHO,10.1021/je400884v,24,2,2,6911,6911,6,4,14,0,0,0,2
DES_RHO,10.1021/je5001796,9,3,3,6925,6925,9,3,4,0,0,0,0
DES_RHO,10.1021/je5002126,70,67,67,6800,6800,0,0,0,0,0,0,0
DES_RHO,10.1021/jp0671998,12,6,6,6919,6919,6,4,5,0,0,0,0
DES_RHO,10.1021/jp5089004,18,18,18,6901,6901,0,0,0,0,0,0,0
DES_RHO,10.1021/sc500439w,62,36,36,6839,6839,29,14,15,0,2,0,2
DES_RHO,10.1039/c3ra40303c,13,6,6,6918,6918,8,4,4,0,0,0,0
DES_RHO,10.1039/c4ra10628h,35,24,24,6878,6878,0,0,7,3,0,0,6
DES_RHO,10.1039/c5cp03364k,15,11,11,6911,6911,3,1,1,0,0,0,0
DES_RHO,10.1039/c5gc01451d,48,43,43,6846,6846,0,0,0,0,0,0,0
DES_RHO,10.1039/c5gc03080c,8,7,7,6922,6922,0,0,0,0,0,0,0
DES_RHO,10.1039/c6cc06105b,21,16,16,6900,6900,0,0,2,0,0,0,0
DES_RHO,10.3390/molecules24030636,17,2,2,6918,6918,5,3,4,0,0,0,0
DES_RHO,10.3866/pku.whxb201506111,22,22,22,6893,6893,0,0,0,0,0,0,0
DES_RHO,api.semanticscholar.org/corpusid:92513446,31,9,9,6897,6897,9,3,12,0,0,0,0
