dataset,model,seed,method,k,n_sources,mean,ci_lo,ci_hi,median,frac_improved
ES1,GB,0,FAKE,0,33,0.0,0.0,0.0,0.0,0.0
ES1,GB,0,FAKE,1,33,0.7887410571517046,0.5139253574372348,1.1280548582281786,0.5233882788366341,0.06060606060606061
ES1,GB,0,FAKE,3,33,0.6212258154935996,0.3817849012283737,0.9149665378156088,0.2783219360941551,0.030303030303030304
ES1,GB,0,FAKE,5,33,0.5547860409363825,0.3124408421586206,0.8570701348427044,0.26632033139186,0.12121212121212122
ES1,GB,0,OFF,0,33,0.0,0.0,0.0,0.0,0.0
ES1,GB,0,OFF,1,33,-0.23420733189892587,-0.3806832627084887,-0.08982004224535761,-0.19388885382081847,0.696969696969697
ES1,GB,0,OFF,3,33,-0.34674720385143376,-0.4708759315603184,-0.22400934403000272,-0.34422514769433915,0.7575757575757576
ES1,GB,0,OFF,5,33,-0.3755373638889218,-0.4923149105330923,-0.2592793390076797,-0.40125330125045994,0.8787878787878788
ES1,GB,0,SHR,0,33,0.0,0.0,0.0,0.0,0.0
ES1,GB,0,SHR,1,33,-0.2587508922197973,-0.35383974333440915,-0.16428219416611972,-0.3144274263654175,0.7575757575757576
ES1,GB,0,SHR,3,33,-0.34529665352947825,-0.4551689181064842,-0.23744075738514503,-0.3956945311636942,0.8787878787878788
ES1,GB,0,SHR,5,33,-0.37379908713417614,-0.4838426816352271,-0.2653956032296695,-0.42328743749704334,0.8787878787878788
