dataset,source,draw,scope,n_test,rel_change,file_rel_change
DES_MP,10.1002/apj.1995,0,main,6,-0.4618245926201525,-0.461825
DES_MP,10.1002/apj.1995,0,twin_disjoint,6,-0.4618245926201525,
DES_MP,10.1002/apj.1995,1,main,6,-0.523600225070888,-0.5236
DES_MP,10.1002/apj.1995,1,twin_disjoint,6,-0.523600225070888,
DES_MP,10.1002/apj.1995,2,main,6,-0.22373608011971158,-0.223736
DES_MP,10.1002/apj.1995,2,twin_disjoint,6,-0.22373608011971158,
DES_MP,10.1002/apj.1995,3,main,6,-0.7388651274853151,-0.738865
DES_MP,10.1002/apj.1995,3,twin_disjoint,6,-0.7388651274853151,
DES_MP,10.1002/apj.1995,4,main,6,-0.09004252226528509,-0.0900425
DES_MP,10.1002/apj.1995,4,twin_disjoint,6,-0.09004252226528509,
DES_MP,10.1002/cphc.200500489,0,main,33,0.009298658471552645,0.00929866
DES_MP,10.1002/cphc.200500489,0,twin_disjoint,30,0.28801066899542405,
DES_MP,10.1002/cphc.200500489,1,main,33,0.10492819498401174,0.104928
DES_MP,10.1002/cphc.200500489,1,twin_disjoint,32,0.10493669059905764,
DES_MP,10.1002/cphc.200500489,2,main,33,-0.038209305853053266,-0.0382093
DES_MP,10.1002/cphc.200500489,2,twin_disjoint,30,-0.015859069324715813,
DES_MP,10.1002/cphc.200500489,3,main,33,-0.057348961641723095,-0.057349
DES_MP,10.1002/cphc.200500489,3,twin_disjoint,30,-0.05502460329404124,
DES_MP,10.1002/cphc.200500489,4,main,33,-0.3065641223310862,-0.306564
DES_MP,10.1002/cphc.200500489,4,twin_disjoint,30,-0.2640103888335019,
DES_MP,10.1016/j.cattod.2021.05.018,0,main,5,-0.6610756974258187,-0.661076
DES_MP,10.1016/j.cattod.2021.05.018,0,twin_disjoint,5,-0.6610756974258187,
DES_MP,10.1016/j.cattod.2021.05.018,1,main,5,-0.6949048385230086,-0.694905
DES_MP,10.1016/j.cattod.2021.05.018,1,twin_disjoint,5,-0.6949048385230086,
DES_MP,10.1016/j.cattod.2021.05.018,2,main,5,-0.40903932473102433,-0.409039
DES_MP,10.1016/j.cattod.2021.05.018,2,twin_disjoint,5,-0.40903932473102433,
DES_MP,10.1016/j.cattod.2021.05.018,3,main,5,-0.5637467064171672,-0.563747
DES_MP,10.1016/j.cattod.2021.05.018,3,twin_disjoint,5,-0.5637467064171672,
DES_MP,10.1016/j.cattod.2021.05.018,4,main,5,-0.7123994276549049,-0.712399
DES_MP,10.1016/j.cattod.2021.05.018,4,twin_disjoint,5,-0.7123994276549049,
DES_MP,10.1016/j.cej.2018.10.077,0,main,5,-0.5853242755469017,-0.585324
DES_MP,10.1016/j.cej.2018.10.077,0,twin_disjoint,5,-0.5853242755469017,
DES_MP,10.1016/j.cej.2018.10.077,1,main,5,-0.6538253490335627,-0.653825
DES_MP,10.1016/j.cej.2018.10.077,1,twin_disjoint,5,-0.6538253490335627,
DES_MP,10.1016/j.cej.2018.10.077,2,main,5,-0.39526156237286925,-0.395262
DES_MP,10.1016/j.cej.2018.10.077,2,twin_disjoint,5,-0.39526156237286925,
DES_MP,10.1016/j.cej.2018.10.077,3,main,5,-0.6068945330963702,-0.606895
DES_MP,10.1016/j.cej.2018.10.077,3,twin_disjoint,5,-0.6068945330963702,
DES_MP,10.1016/j.cej.2018.10.077,4,main,5,-0.519298713668894,-0.519299
DES_MP,10.1016/j.cej.2018.10.077,4,twin_disjoint,5,-0.519298713668894,
DES_MP,10.1016/j.chemphyslip.2009.05.004,0,main,84,-0.35026473116587087,-0.350265
DES_MP,10.1016/j.chemphyslip.2009.05.004,0,twin_disjoint,81,-0.33857666755086735,
DES_MP,10.1016/j.chemphyslip.2009.05.004,1,main,84,-0.030052852687265874,-0.0300529
DES_MP,10.1016/j.chemphyslip.2009.05.004,1,twin_disjoint,81,-0.022397869030030826,
DES_MP,10.1016/j.chemphyslip.2009.05.004,2,main,84,-0.08277188799413182,-0.0827719
DES_MP,10.1016/j.chemphyslip.2009.05.004,2,twin_disjoint,82,-0.07708959836699991,
DES_MP,10.1016/j.chemphyslip.2009.05.004,3,main,84,-0.3820173851278007,-0.382017
DES_MP,10.1016/j.chemphyslip.2009.05.004,3,twin_disjoint,82,-0.34859397920798585,
DES_MP,10.1016/j.chemphyslip.2009.05.004,4,main,84,0.13197448799758482,0.131974
DES_MP,10.1016/j.chemphyslip.2009.05.004,4,twin_disjoint,82,0.1347348056298996,
DES_MP,10.1016/j.fluid.2017.03.011,0,main,9,-0.7713886851504967,-0.771389
DES_MP,10.1016/j.fluid.2017.03.011,0,twin_disjoint,8,-0.767131637947196,
DES_MP,10.1016/j.fluid.2017.03.011,1,main,9,-0.7130027442698234,-0.713003
DES_MP,10.1016/j.fluid.2017.03.011,1,twin_disjoint,6,-0.691051457847317,
DES_MP,10.1016/j.fluid.2017.03.011,2,main,9,-0.7744148293803428,-0.774415
DES_MP,10.1016/j.fluid.2017.03.011,2,twin_disjoint,8,-0.7524162434702116,
DES_MP,10.1016/j.fluid.2017.03.011,3,main,9,-0.8518566505723829,-0.851857
DES_MP,10.1016/j.fluid.2017.03.011,3,twin_disjoint,6,-0.8281135232716783,
DES_MP,10.1016/j.fluid.2017.03.011,4,main,9,-0.7445295017284805,-0.74453
DES_MP,10.1016/j.fluid.2017.03.011,4,twin_disjoint,6,-0.7346107483862753,
DES_MP,10.1016/j.fluid.2017.04.007,0,main,385,0.08538315319788703,0.0853832
DES_MP,10.1016/j.fluid.2017.04.007,0,twin_disjoint,382,0.08560992100122178,
DES_MP,10.1016/j.fluid.2017.04.007,1,main,385,0.03490679019860954,0.0349068
DES_MP,10.1016/j.fluid.2017.04.007,1,twin_disjoint,382,0.03554375329841353,
DES_MP,10.1016/j.fluid.2017.04.007,2,main,385,-0.022457733549002823,-0.0224577
DES_MP,10.1016/j.fluid.2017.04.007,2,twin_disjoint,382,-0.01730414094266819,
DES_MP,10.1016/j.fluid.2017.04.007,3,main,385,0.06579987037346213,0.0657999
DES_MP,10.1016/j.fluid.2017.04.007,3,twin_disjoint,382,0.06617696962955999,
DES_MP,10.1016/j.fluid.2017.04.007,4,main,385,-0.04660942566898563,-0.0466094
DES_MP,10.1016/j.fluid.2017.04.007,4,twin_disjoint,382,-0.03908759510185833,
DES_MP,10.1016/j.fluid.2017.05.009,0,main,32,-0.12537467205673092,-0.125375
DES_MP,10.1016/j.fluid.2017.05.009,0,twin_disjoint,29,-0.03170564810507792,
DES_MP,10.1016/j.fluid.2017.05.009,1,main,32,-0.15624443625772677,-0.156244
DES_MP,10.1016/j.fluid.2017.05.009,1,twin_disjoint,29,-0.06810667948008897,
DES_MP,10.1016/j.fluid.2017.05.009,2,main,32,-0.09997256945125599,-0.0999726
DES_MP,10.1016/j.fluid.2017.05.009,2,twin_disjoint,31,-0.09873355973218734,
DES_MP,10.1016/j.fluid.2017.05.009,3,main,32,-0.23284119011961946,-0.232841
DES_MP,10.1016/j.fluid.2017.05.009,3,twin_disjoint,29,-0.08233056054345944,
DES_MP,10.1016/j.fluid.2017.05.009,4,main,32,-0.15884599287075496,-0.158846
DES_MP,10.1016/j.fluid.2017.05.009,4,twin_disjoint,30,-0.08388510383181236,
DES_MP,10.1016/j.fluid.2019.06.005,0,main,84,-0.09571039041513607,-0.0957104
DES_MP,10.1016/j.fluid.2019.06.005,0,twin_disjoint,81,-0.08755541016134472,
DES_MP,10.1016/j.fluid.2019.06.005,1,main,84,-0.27036440333923584,-0.270364
DES_MP,10.1016/j.fluid.2019.06.005,1,twin_disjoint,81,-0.2517470437926741,
DES_MP,10.1016/j.fluid.2019.06.005,2,main,84,-0.2715814506070947,-0.271581
DES_MP,10.1016/j.fluid.2019.06.005,2,twin_disjoint,81,-0.2433201693526249,
DES_MP,10.1016/j.fluid.2019.06.005,3,main,84,-0.36534889994592723,-0.365349
DES_MP,10.1016/j.fluid.2019.06.005,3,twin_disjoint,81,-0.33691031965523544,
DES_MP,10.1016/j.fluid.2019.06.005,4,main,84,-0.08660361975634212,-0.0866036
DES_MP,10.1016/j.fluid.2019.06.005,4,twin_disjoint,83,-0.0826485519106579,
DES_MP,10.1016/j.hydromet.2022.105971,0,main,21,-0.2107502419404198,-0.21075
DES_MP,10.1016/j.hydromet.2022.105971,0,twin_disjoint,21,-0.2107502419404198,
DES_MP,10.1016/j.hydromet.2022.105971,1,main,21,-0.3970904929848782,-0.39709
DES_MP,10.1016/j.hydromet.2022.105971,1,twin_disjoint,21,-0.3970904929848782,
DES_MP,10.1016/j.hydromet.2022.105971,2,main,21,0.017655434225343658,0.0176554
DES_MP,10.1016/j.hydromet.2022.105971,2,twin_disjoint,21,0.017655434225343658,
DES_MP,10.1016/j.hydromet.2022.105971,3,main,21,-0.5080214025647332,-0.508021
DES_MP,10.1016/j.hydromet.2022.105971,3,twin_disjoint,21,-0.5080214025647332,
DES_MP,10.1016/j.hydromet.2022.105971,4,main,21,-0.21153515178791626,-0.211535
DES_MP,10.1016/j.hydromet.2022.105971,4,twin_disjoint,21,-0.21153515178791626,
DES_MP,10.1016/j.jct.2015.04.021,0,main,9,-0.7687386944886624,-0.768739
DES_MP,10.1016/j.jct.2015.04.021,0,twin_disjoint,8,-0.7549700022596045,
DES_MP,10.1016/j.jct.2015.04.021,1,main,9,0.08601771178375683,0.0860177
DES_MP,10.1016/j.jct.2015.04.021,1,twin_disjoint,8,0.11467019708007276,
DES_MP,10.1016/j.jct.2015.04.021,2,main,9,-0.845407142916326,-0.845407
DES_MP,10.1016/j.jct.2015.04.021,2,twin_disjoint,6,-0.8047031182609754,
DES_MP,10.1016/j.jct.2015.04.021,3,main,9,-0.7405103680759058,-0.74051
DES_MP,10.1016/j.jct.2015.04.021,3,twin_disjoint,6,-0.7043410311589018,
DES_MP,10.1016/j.jct.2015.04.021,4,main,9,-0.7105232224652666,-0.710523
DES_MP,10.1016/j.jct.2015.04.021,4,twin_disjoint,6,-0.6659170573734619,
DES_MP,10.1016/j.jiec.2021.03.011,0,main,7,-0.15821772022212477,-0.158218
DES_MP,10.1016/j.jiec.2021.03.011,0,twin_disjoint,7,-0.15821772022212477,
DES_MP,10.1016/j.jiec.2021.03.011,1,main,7,-0.20290321480552342,-0.202903
DES_MP,10.1016/j.jiec.2021.03.011,1,twin_disjoint,7,-0.20290321480552342,
DES_MP,10.1016/j.jiec.2021.03.011,2,main,7,-0.18931674442010848,-0.189317
DES_MP,10.1016/j.jiec.2021.03.011,2,twin_disjoint,7,-0.18931674442010848,
DES_MP,10.1016/j.jiec.2021.03.011,3,main,7,-0.26599672657158124,-0.265997
DES_MP,10.1016/j.jiec.2021.03.011,3,twin_disjoint,7,-0.26599672657158124,
DES_MP,10.1016/j.jiec.2021.03.011,4,main,7,-0.3354337527160465,-0.335434
DES_MP,10.1016/j.jiec.2021.03.011,4,twin_disjoint,7,-0.3354337527160465,
DES_MP,10.1016/j.molliq.2008.07.009,0,main,21,-0.47868158051888055,-0.478682
DES_MP,10.1016/j.molliq.2008.07.009,0,twin_disjoint,18,-0.4474781524040917,
DES_MP,10.1016/j.molliq.2008.07.009,1,main,21,-0.3129629045445944,-0.312963
DES_MP,10.1016/j.molliq.2008.07.009,1,twin_disjoint,18,-0.3055954933398909,
DES_MP,10.1016/j.molliq.2008.07.009,2,main,21,-0.14273846276747615,-0.142738
DES_MP,10.1016/j.molliq.2008.07.009,2,twin_disjoint,18,-0.10739002259323627,
DES_MP,10.1016/j.molliq.2008.07.009,3,main,21,-0.422359493421826,-0.422359
DES_MP,10.1016/j.molliq.2008.07.009,3,twin_disjoint,18,-0.3771514425174365,
DES_MP,10.1016/j.molliq.2008.07.009,4,main,21,-0.16730154401937303,-0.167302
DES_MP,10.1016/j.molliq.2008.07.009,4,twin_disjoint,20,-0.16694584997690876,
DES_MP,10.1016/j.molliq.2018.02.049,0,main,5,-0.8371112907087899,-0.837111
DES_MP,10.1016/j.molliq.2018.02.049,0,twin_disjoint,2,-0.7852474642640083,
DES_MP,10.1016/j.molliq.2018.02.049,1,main,5,-0.41432983879570495,-0.41433
DES_MP,10.1016/j.molliq.2018.02.049,1,twin_disjoint,4,-0.20949589647072586,
DES_MP,10.1016/j.molliq.2018.02.049,2,main,5,-0.48346673204307034,-0.483467
DES_MP,10.1016/j.molliq.2018.02.049,2,twin_disjoint,2,-0.2563886696989822,
DES_MP,10.1016/j.molliq.2018.02.049,3,main,5,-0.06563841466280851,-0.0656384
DES_MP,10.1016/j.molliq.2018.02.049,3,twin_disjoint,4,-0.06426848149542952,
DES_MP,10.1016/j.molliq.2018.02.049,4,main,5,-0.8324152672283048,-0.832415
DES_MP,10.1016/j.molliq.2018.02.049,4,twin_disjoint,2,0.3942434046985075,
DES_MP,10.1016/j.molliq.2019.112155,0,main,20,-0.5268860271226848,-0.526886
DES_MP,10.1016/j.molliq.2019.112155,0,twin_disjoint,20,-0.5268860271226848,
DES_MP,10.1016/j.molliq.2019.112155,1,main,20,-0.346873088562747,-0.346873
DES_MP,10.1016/j.molliq.2019.112155,1,twin_disjoint,20,-0.346873088562747,
DES_MP,10.1016/j.molliq.2019.112155,2,main,20,-0.18016020863152338,-0.18016
DES_MP,10.1016/j.molliq.2019.112155,2,twin_disjoint,20,-0.18016020863152338,
DES_MP,10.1016/j.molliq.2019.112155,3,main,20,-0.6383610722352644,-0.638361
DES_MP,10.1016/j.molliq.2019.112155,3,twin_disjoint,20,-0.6383610722352644,
DES_MP,10.1016/j.molliq.2019.112155,4,main,20,-0.6059248927800059,-0.605925
DES_MP,10.1016/j.molliq.2019.112155,4,twin_disjoint,20,-0.6059248927800059,
DES_MP,10.1016/j.molliq.2020.113667,0,main,35,0.0020338461797890783,0.00203385
DES_MP,10.1016/j.molliq.2020.113667,0,twin_disjoint,35,0.0020338461797890783,
DES_MP,10.1016/j.molliq.2020.113667,1,main,35,0.0006522320259081393,0.000652232
DES_MP,10.1016/j.molliq.2020.113667,1,twin_disjoint,35,0.0006522320259081393,
DES_MP,10.1016/j.molliq.2020.113667,2,main,35,0.006194385748780951,0.00619439
DES_MP,10.1016/j.molliq.2020.113667,2,twin_disjoint,35,0.006194385748780951,
DES_MP,10.1016/j.molliq.2020.113667,3,main,35,-0.03827365107936853,-0.0382737
DES_MP,10.1016/j.molliq.2020.113667,3,twin_disjoint,35,-0.03827365107936853,
DES_MP,10.1016/j.molliq.2020.113667,4,main,35,-0.020294762122810783,-0.0202948
DES_MP,10.1016/j.molliq.2020.113667,4,twin_disjoint,35,-0.020294762122810783,
DES_MP,10.1016/j.molliq.2020.114745,0,main,22,-0.3612105523091891,-0.361211
DES_MP,10.1016/j.molliq.2020.114745,0,twin_disjoint,21,-0.3171496861437726,
DES_MP,10.1016/j.molliq.2020.114745,1,main,22,-0.35884940435821466,-0.358849
DES_MP,10.1016/j.molliq.2020.114745,1,twin_disjoint,19,-0.2861797202383065,
DES_MP,10.1016/j.molliq.2020.114745,2,main,22,-0.36853124267449766,-0.368531
DES_MP,10.1016/j.molliq.2020.114745,2,twin_disjoint,20,-0.2973616350072599,
DES_MP,10.1016/j.molliq.2020.114745,3,main,22,-0.31546007361478445,-0.31546
DES_MP,10.1016/j.molliq.2020.114745,3,twin_disjoint,21,-0.2769229739469037,
DES_MP,10.1016/j.molliq.2020.114745,4,main,22,-0.3532504119099098,-0.35325
DES_MP,10.1016/j.molliq.2020.114745,4,twin_disjoint,19,-0.2825210287919917,
DES_MP,10.1016/j.molliq.2021.117021,0,main,16,0.005185838178492608,0.00518584
DES_MP,10.1016/j.molliq.2021.117021,0,twin_disjoint,16,0.005185838178492608,
DES_MP,10.1016/j.molliq.2021.117021,1,main,16,-0.013625108555220367,-0.0136251
DES_MP,10.1016/j.molliq.2021.117021,1,twin_disjoint,16,-0.013625108555220367,
DES_MP,10.1016/j.molliq.2021.117021,2,main,16,-0.008848074177126186,-0.00884807
DES_MP,10.1016/j.molliq.2021.117021,2,twin_disjoint,16,-0.008848074177126186,
DES_MP,10.1016/j.molliq.2021.117021,3,main,16,-0.022362802525545566,-0.0223628
DES_MP,10.1016/j.molliq.2021.117021,3,twin_disjoint,16,-0.022362802525545566,
DES_MP,10.1016/j.molliq.2021.117021,4,main,16,-0.043300444507934466,-0.0433004
DES_MP,10.1016/j.molliq.2021.117021,4,twin_disjoint,16,-0.043300444507934466,
DES_MP,10.1016/j.tca.2011.10.010,0,main,9,-0.6143281938691788,-0.614328
DES_MP,10.1016/j.tca.2011.10.010,0,twin_disjoint,8,-0.543485720190811,
DES_MP,10.1016/j.tca.2011.10.010,1,main,9,-0.27946763679978026,-0.279468
DES_MP,10.1016/j.tca.2011.10.010,1,twin_disjoint,8,-0.25707316136165315,
DES_MP,10.1016/j.tca.2011.10.010,2,main,9,-0.43603043133860986,-0.43603
DES_MP,10.1016/j.tca.2011.10.010,2,twin_disjoint,8,-0.38473709757108643,
DES_MP,10.1016/j.tca.2011.10.010,3,main,9,-0.46316763342799505,-0.463168
DES_MP,10.1016/j.tca.2011.10.010,3,twin_disjoint,7,-0.3877667306213768,
DES_MP,10.1016/j.tca.2011.10.010,4,main,9,-0.11914761321672351,-0.119148
DES_MP,10.1016/j.tca.2011.10.010,4,twin_disjoint,9,-0.11914761321672351,
DES_MP,10.1021/acs.iecr.8b01249,0,main,199,-0.21353119833071044,-0.213531
DES_MP,10.1021/acs.iecr.8b01249,0,twin_disjoint,196,-0.20337500661381636,
DES_MP,10.1021/acs.iecr.8b01249,1,main,199,-0.13147449110011733,-0.131474
DES_MP,10.1021/acs.iecr.8b01249,1,twin_disjoint,196,-0.12645749000868844,
DES_MP,10.1021/acs.iecr.8b01249,2,main,199,-0.24277029077794476,-0.24277
DES_MP,10.1021/acs.iecr.8b01249,2,twin_disjoint,196,-0.23393566262859633,
DES_MP,10.1021/acs.iecr.8b01249,3,main,199,-0.17774541527223675,-0.177745
DES_MP,10.1021/acs.iecr.8b01249,3,twin_disjoint,196,-0.16845264189374987,
DES_MP,10.1021/acs.iecr.8b01249,4,main,199,-0.21843847090215207,-0.218438
DES_MP,10.1021/acs.iecr.8b01249,4,twin_disjoint,196,-0.20886800813050488,
DES_MP,10.1021/acs.jpcb.0c02386,0,main,259,-0.14547507641567758,-0.145475
DES_MP,10.1021/acs.jpcb.0c02386,0,twin_disjoint,256,-0.1382116083139603,
DES_MP,10.1021/acs.jpcb.0c02386,1,main,259,-0.1031139152888908,-0.103114
DES_MP,10.1021/acs.jpcb.0c02386,1,twin_disjoint,256,-0.1029060075510706,
DES_MP,10.1021/acs.jpcb.0c02386,2,main,259,-0.133471352116737,-0.133471
DES_MP,10.1021/acs.jpcb.0c02386,2,twin_disjoint,256,-0.13161145546162778,
DES_MP,10.1021/acs.jpcb.0c02386,3,main,259,0.00040361502576735653,0.000403615
DES_MP,10.1021/acs.jpcb.0c02386,3,twin_disjoint,256,0.00046633327075595865,
DES_MP,10.1021/acs.jpcb.0c02386,4,main,259,-0.07641796122226496,-0.076418
DES_MP,10.1021/acs.jpcb.0c02386,4,twin_disjoint,256,-0.07200315089817522,
DES_MP,10.1021/acssuschemeng.0c00559,0,main,75,-0.08789897692171456,-0.087899
DES_MP,10.1021/acssuschemeng.0c00559,0,twin_disjoint,75,-0.08789897692171456,
DES_MP,10.1021/acssuschemeng.0c00559,1,main,75,-0.1940627047643242,-0.194063
DES_MP,10.1021/acssuschemeng.0c00559,1,twin_disjoint,75,-0.1940627047643242,
DES_MP,10.1021/acssuschemeng.0c00559,2,main,75,-0.1823341766710701,-0.182334
DES_MP,10.1021/acssuschemeng.0c00559,2,twin_disjoint,75,-0.1823341766710701,
DES_MP,10.1021/acssuschemeng.0c00559,3,main,75,-0.04710425149812292,-0.0471043
DES_MP,10.1021/acssuschemeng.0c00559,3,twin_disjoint,75,-0.04710425149812292,
DES_MP,10.1021/acssuschemeng.0c00559,4,main,75,-0.15653145846610428,-0.156531
DES_MP,10.1021/acssuschemeng.0c00559,4,twin_disjoint,75,-0.15653145846610428,
DES_MP,10.1021/acssuschemeng.0c05518,0,main,36,-0.21424284595822274,-0.214243
DES_MP,10.1021/acssuschemeng.0c05518,0,twin_disjoint,36,-0.21424284595822274,
DES_MP,10.1021/acssuschemeng.0c05518,1,main,36,-0.26778738572204663,-0.267787
DES_MP,10.1021/acssuschemeng.0c05518,1,twin_disjoint,36,-0.26778738572204663,
DES_MP,10.1021/acssuschemeng.0c05518,2,main,36,-0.4426448110769938,-0.442645
DES_MP,10.1021/acssuschemeng.0c05518,2,twin_disjoint,36,-0.4426448110769938,
DES_MP,10.1021/acssuschemeng.0c05518,3,main,36,-0.33588541941941963,-0.335885
DES_MP,10.1021/acssuschemeng.0c05518,3,twin_disjoint,36,-0.33588541941941963,
DES_MP,10.1021/acssuschemeng.0c05518,4,main,36,-0.2970747692653991,-0.297075
DES_MP,10.1021/acssuschemeng.0c05518,4,twin_disjoint,36,-0.2970747692653991,
DES_MP,10.1021/ef2004943,0,main,8,0.09406407680651974,0.0940641
DES_MP,10.1021/ef2004943,0,twin_disjoint,6,0.22959606520627762,
DES_MP,10.1021/ef2004943,1,main,8,0.15100247818820622,0.151002
DES_MP,10.1021/ef2004943,1,twin_disjoint,6,0.2804457377596554,
DES_MP,10.1021/ef2004943,2,main,8,0.007318333721277881,0.00731833
DES_MP,10.1021/ef2004943,2,twin_disjoint,6,0.271105514729836,
DES_MP,10.1021/ef2004943,3,main,8,0.20544098617974793,0.205441
DES_MP,10.1021/ef2004943,3,twin_disjoint,7,0.3241215856691195,
DES_MP,10.1021/ef2004943,4,main,8,0.09473207004213502,0.0947321
DES_MP,10.1021/ef2004943,4,twin_disjoint,7,0.24662899253430504,
DES_MP,10.1021/ie500466g,0,main,5,-0.4840098865972411,-0.48401
DES_MP,10.1021/ie500466g,0,twin_disjoint,5,-0.4840098865972411,
DES_MP,10.1021/ie500466g,1,main,5,-0.4380089328557196,-0.438009
DES_MP,10.1021/ie500466g,1,twin_disjoint,5,-0.4380089328557196,
DES_MP,10.1021/ie500466g,2,main,5,-0.13581161474317582,-0.135812
DES_MP,10.1021/ie500466g,2,twin_disjoint,5,-0.13581161474317582,
DES_MP,10.1021/ie500466g,3,main,5,-0.7846462067900609,-0.784646
DES_MP,10.1021/ie500466g,3,twin_disjoint,5,-0.7846462067900609,
DES_MP,10.1021/ie500466g,4,main,5,-0.7123465049363353,-0.712347
DES_MP,10.1021/ie500466g,4,twin_disjoint,5,-0.7123465049363353,
DES_MP,10.1021/je100104v,0,main,47,-0.2553569888192676,-0.255357
DES_MP,10.1021/je100104v,0,twin_disjoint,45,-0.2381409169535348,
DES_MP,10.1021/je100104v,1,main,47,-0.2367219503380703,-0.236722
DES_MP,10.1021/je100104v,1,twin_disjoint,46,-0.23110536388103187,
DES_MP,10.1021/je100104v,2,main,47,-0.08342420846649312,-0.0834242
DES_MP,10.1021/je100104v,2,twin_disjoint,46,-0.07956777336653231,
DES_MP,10.1021/je100104v,3,main,47,-0.16338502197630334,-0.163385
DES_MP,10.1021/je100104v,3,twin_disjoint,45,-0.10966222722999586,
DES_MP,10.1021/je100104v,4,main,47,-0.0992152407249084,-0.0992152
DES_MP,10.1021/je100104v,4,twin_disjoint,44,-0.08766928566133136,
DES_MP,10.1021/je5002126,0,main,13,-0.2360998759573707,-0.2361
DES_MP,10.1021/je5002126,0,twin_disjoint,10,-0.1553067466133764,
DES_MP,10.1021/je5002126,1,main,13,-0.43404435807599284,-0.434044
DES_MP,10.1021/je5002126,1,twin_disjoint,11,-0.3933080880765094,
DES_MP,10.1021/je5002126,2,main,13,-0.16167323395179534,-0.161673
DES_MP,10.1021/je5002126,2,twin_disjoint,11,-0.11255037345056995,
DES_MP,10.1021/je5002126,3,main,13,-0.10705786777682491,-0.107058
DES_MP,10.1021/je5002126,3,twin_disjoint,12,-0.07053912969241793,
DES_MP,10.1021/je5002126,4,main,13,-0.5353398967559504,-0.53534
DES_MP,10.1021/je5002126,4,twin_disjoint,11,-0.47014657668660653,
DES_MP,10.1021/jp412552v,0,main,42,-0.17481988962709571,-0.17482
DES_MP,10.1021/jp412552v,0,twin_disjoint,42,-0.17481988962709571,
DES_MP,10.1021/jp412552v,1,main,42,-0.5851614128402638,-0.585161
DES_MP,10.1021/jp412552v,1,twin_disjoint,42,-0.5851614128402638,
DES_MP,10.1021/jp412552v,2,main,42,-0.5448294361832797,-0.544829
DES_MP,10.1021/jp412552v,2,twin_disjoint,42,-0.5448294361832797,
DES_MP,10.1021/jp412552v,3,main,42,-0.6232826578612143,-0.623283
DES_MP,10.1021/jp412552v,3,twin_disjoint,42,-0.6232826578612143,
DES_MP,10.1021/jp412552v,4,main,42,-0.5837981081962624,-0.583798
DES_MP,10.1021/jp412552v,4,twin_disjoint,42,-0.5837981081962624,
DES_MP,10.1039/c1ra00630d,0,main,11,-0.12001294937076734,-0.120013
DES_MP,10.1039/c1ra00630d,0,twin_disjoint,10,-0.11097950575412285,
DES_MP,10.1039/c1ra00630d,1,main,11,-0.3138635585175087,-0.313864
DES_MP,10.1039/c1ra00630d,1,twin_disjoint,8,-0.2594014948944007,
DES_MP,10.1039/c1ra00630d,2,main,11,-0.21362705017519756,-0.213627
DES_MP,10.1039/c1ra00630d,2,twin_disjoint,8,-0.13470299355825255,
DES_MP,10.1039/c1ra00630d,3,main,11,-0.06154846942973835,-0.0615485
DES_MP,10.1039/c1ra00630d,3,twin_disjoint,8,-0.03800485958839961,
DES_MP,10.1039/c1ra00630d,4,main,11,-0.20290228893720275,-0.202902
DES_MP,10.1039/c1ra00630d,4,twin_disjoint,8,-0.14129736460254927,
DES_MP,10.3390/molecules26144208,0,main,5,-0.03662394321698714,-0.0366239
DES_MP,10.3390/molecules26144208,0,twin_disjoint,5,-0.03662394321698714,
DES_MP,10.3390/molecules26144208,1,main,5,0.014420417364122917,0.0144204
DES_MP,10.3390/molecules26144208,1,twin_disjoint,5,0.014420417364122917,
DES_MP,10.3390/molecules26144208,2,main,5,0.019192964785213817,0.019193
DES_MP,10.3390/molecules26144208,2,twin_disjoint,5,0.019192964785213817,
DES_MP,10.3390/molecules26144208,3,main,5,0.0503685366017661,0.0503685
DES_MP,10.3390/molecules26144208,3,twin_disjoint,5,0.0503685366017661,
DES_MP,10.3390/molecules26144208,4,main,5,-0.028334719559470756,-0.0283347
DES_MP,10.3390/molecules26144208,4,twin_disjoint,5,-0.028334719559470756,
