dataset,variant,model,seed,scheme,rmse,r2,n_rows,n_folds
DES_MP,dedup,RF,0,random,23.9372424893121,0.8887457425541057,2181,5
DES_MP,dedup,RF,0,group,49.77176707446426,0.5190116905747555,2181,10
DES_MP,dedup,RF,0,material,23.64739909338542,0.8914236688060767,2181,10
DES_MP,dedup,RF,0,group_leakfree,49.97249361971236,0.5151242736027835,2181,10
DES_MP,dedup,RF,1,random,24.30848344165921,0.8852681145507546,2181,5
DES_MP,dedup,RF,1,group,50.545745604035886,0.5039361091853358,2181,10
DES_MP,dedup,RF,1,material,22.9115118104551,0.8980761324758303,2181,10
DES_MP,dedup,RF,1,group_leakfree,50.73003624344812,0.5003122001960447,2181,10
DES_MP,dedup,RF,2,random,24.59599416064553,0.882538061630365,2181,5
DES_MP,dedup,RF,2,group,49.003957164010295,0.5337372681155226,2181,10
DES_MP,dedup,RF,2,material,23.20048566638255,0.8954888676207551,2181,10
DES_MP,dedup,RF,2,group_leakfree,49.308782047886446,0.5279185326365399,2181,10
DES_MP,dedup,RF,3,random,24.178967916279582,0.8864874398625205,2181,5
DES_MP,dedup,RF,3,group,50.12726992828023,0.5121160789365187,2181,10
DES_MP,dedup,RF,3,material,23.102049446482983,0.896373836703255,2181,10
DES_MP,dedup,RF,3,group_leakfree,50.85462226569667,0.4978548568251149,2181,10
DES_MP,dedup,RF,4,random,23.745114270036943,0.8905245022121301,2181,5
DES_MP,dedup,RF,4,group,49.07382827219062,0.5324067013142613,2181,10
DES_MP,dedup,RF,4,material,23.023002561950044,0.8970817662315427,2181,10
DES_MP,dedup,RF,4,group_leakfree,48.95568600909654,0.5346553962271037,2181,10
DES_MP,dedup,GB,0,random,22.035876068199276,0.9057179442985398,2181,5
DES_MP,dedup,GB,0,group,51.214651715599615,0.4907197340028928,2181,10
DES_MP,dedup,GB,0,material,21.995029635260003,0.9060671490593061,2181,10
DES_MP,dedup,GB,1,random,23.07314077979548,0.8966330188936646,2181,5
DES_MP,dedup,GB,1,group,53.14101968065806,0.4516874733924071,2181,10
DES_MP,dedup,GB,1,material,21.333623825802867,0.9116314626603172,2181,10
DES_MP,dedup,GB,2,random,22.66663292810537,0.9002432196333997,2181,5
DES_MP,dedup,GB,2,group,49.334224447789104,0.5274312367158005,2181,10
DES_MP,dedup,GB,2,material,22.004947914957608,0.9059824151571336,2181,10
DES_MP,dedup,GB,3,random,22.154950965378656,0.9046962505278857,2181,5
DES_MP,dedup,GB,3,group,51.45271944752249,0.48597402202254314,2181,10
DES_MP,dedup,GB,3,material,21.516712601820387,0.9101081664621711,2181,10
DES_MP,dedup,GB,4,random,21.994931430514395,0.9060679878516414,2181,5
DES_MP,dedup,GB,4,group,50.074641805273494,0.5131399901266096,2181,10
DES_MP,dedup,GB,4,material,21.314255625063453,0.9117918444739974,2181,10
DES_MP,dedup,KNN,0,random,28.297776785422407,0.8445205363300506,2181,5
DES_MP,dedup,KNN,0,group,58.73617516949589,0.33014666253554326,2181,10
DES_MP,dedup,KNN,0,material,27.98890113291262,0.8478961885273908,2181,10
DES_MP,dedup,KNN,1,random,27.828609809819294,0.8496333847674488,2181,5
DES_MP,dedup,KNN,1,group,58.578845730677095,0.33373036558871527,2181,10
DES_MP,dedup,KNN,1,material,27.00288442372914,0.8584243005339889,2181,10
DES_MP,dedup,KNN,2,random,29.15473820890649,0.8349609583993687,2181,5
DES_MP,dedup,KNN,2,group,57.42749395843313,0.35966368794608083,2181,10
DES_MP,dedup,KNN,2,material,27.471487446862195,0.8534679077263734,2181,10
DES_MP,dedup,KNN,3,random,28.91748630891499,0.8376360986898712,2181,5
DES_MP,dedup,KNN,3,group,56.46105437267717,0.3810346054879401,2181,10
DES_MP,dedup,KNN,3,material,27.1833880056372,0.8565252194786426,2181,10
DES_MP,dedup,KNN,4,random,27.887213802261602,0.8489994068085835,2181,5
DES_MP,dedup,KNN,4,group,57.39715250196543,0.36034014455153196,2181,10
DES_MP,dedup,KNN,4,material,27.00795198345939,0.8583711572754777,2181,10
