dataset,variant,model,pseudo_seed,n_folds,rmse,r2,n_rows
IL_CELL,dedup,RF,0,10,4.049974459581752,0.6909516596781207,670
IL_CELL,dedup,RF,1,10,3.960135004133819,0.7045106518091919,670
IL_CELL,dedup,RF,2,10,4.031977725850694,0.6936921723507855,670
IL_CELL,dedup,RF,3,10,3.9479652574051833,0.7063239764102395,670
IL_CELL,dedup,RF,4,10,3.980599075842852,0.7014488678154476,670
IL_CELL,dedup,RF,5,10,4.126834499017251,0.6791101710880125,670
IL_CELL,dedup,RF,6,10,4.0231122649911075,0.6950377028929422,670
IL_CELL,dedup,RF,7,10,3.966839334505282,0.7035093045669106,670
IL_CELL,dedup,RF,8,10,3.994968217786041,0.6992895614479299,670
IL_CELL,dedup,RF,9,10,4.018217899222307,0.695779262666083,670
IL_CELL,dedup,RF,10,10,4.037825404931558,0.692803036099608,670
IL_CELL,dedup,RF,11,10,3.99738710365743,0.6989253010078118,670
IL_CELL,dedup,RF,12,10,3.9784027151587007,0.7017782378688899,670
IL_CELL,dedup,RF,13,10,4.007276102153588,0.6974338217379744,670
IL_CELL,dedup,RF,14,10,3.9793619517215326,0.7016344114514637,670
IL_CELL,dedup,RF,15,10,4.032824673586284,0.6935634742349003,670
IL_CELL,dedup,RF,16,10,4.083390326374249,0.6858307769665071,670
IL_CELL,dedup,RF,17,10,4.013137147133344,0.6965481074575873,670
IL_CELL,dedup,RF,18,10,3.968399553432059,0.7032760299986355,670
IL_CELL,dedup,RF,19,10,3.9490845468425997,0.7061574323573229,670
