target,repeat,fold,source,is_permuted,source_class,score,rank_among_real,threshold95,above_threshold,rmse_if_used,gain_if_used,rmse_none,n_source,overlap_with_target
s_exp_H2O,2,0,d_exp_CH4,False,exp_transport,0.8416092071246927,14.0,0.669001517148041,True,0.19548701673576813,0.743558763885283,0.7623072626600448,146,6
s_exp_H2O,2,0,d_exp_CO2,False,exp_transport,0.12448632234158041,35.0,0.669001517148041,False,0.7685144991651953,-0.008142696271173647,0.7623072626600448,151,6
s_exp_H2O,2,0,d_exp_H2,False,exp_transport,0.4871278873490471,27.0,0.669001517148041,False,0.41396766864120527,0.4569543162993365,0.7623072626600448,51,0
s_exp_H2O,2,0,d_exp_H2O,False,exp_transport,0.41817593217735616,30.0,0.669001517148041,False,0.8288734542358914,-0.08732199578365057,0.7623072626600448,45,25
s_exp_H2O,2,0,d_exp_He,False,exp_transport,0.7527000866351526,19.0,0.669001517148041,True,0.32396994702760123,0.5750139571055386,0.7623072626600448,51,0
s_exp_H2O,2,0,d_exp_N2,False,exp_transport,0.7143718832691561,21.0,0.669001517148041,True,0.5264593226383583,0.3093869776324881,0.7623072626600448,154,3
s_exp_H2O,2,0,d_exp_O2,False,exp_transport,0.07953307821607805,37.0,0.669001517148041,False,0.7396091417251371,0.029775553830752356,0.7623072626600448,153,3
s_exp_H2O,2,0,d_sim_CH4,False,sim_transport,0.8437057544367341,13.0,0.669001517148041,True,0.40806120167176735,0.4647024609894809,0.7623072626600448,195,6
s_exp_H2O,2,0,d_sim_CO2,False,sim_transport,0.6626468469731165,22.0,0.669001517148041,False,0.7871192292360226,-0.032548511330454,0.7623072626600448,226,18
s_exp_H2O,2,0,d_sim_N2,False,sim_transport,0.8938580826305386,8.0,0.669001517148041,True,0.17018835353253645,0.7767457272561328,0.7623072626600448,191,2
s_exp_H2O,2,0,d_sim_O2,False,sim_transport,0.5251303236491633,26.0,0.669001517148041,False,0.9793791937658476,-0.2847564777860542,0.7623072626600448,219,8
s_exp_H2O,2,0,p_exp_CH4,False,exp_transport,0.7798288634393259,18.0,0.669001517148041,True,0.5460860514370897,0.2836404974923874,0.7623072626600448,615,10
s_exp_H2O,2,0,p_exp_CO2,False,exp_transport,0.314367048211685,32.0,0.669001517148041,False,0.8237026363009446,-0.08053888064330232,0.7623072626600448,690,10
s_exp_H2O,2,0,p_exp_H2,False,exp_transport,0.10726372934496047,36.0,0.669001517148041,False,0.7982437015446473,-0.04714167192793567,0.7623072626600448,519,6
s_exp_H2O,2,0,p_exp_He,False,exp_transport,0.13757842738835535,34.0,0.669001517148041,False,0.7374199470963918,0.032647354659602154,0.7623072626600448,451,6
s_exp_H2O,2,0,p_exp_N2,False,exp_transport,0.6316150508642638,23.0,0.669001517148041,False,0.40828374701364395,0.4644105244531556,0.7623072626600448,738,11
s_exp_H2O,2,0,p_exp_O2,False,exp_transport,0.2684987994595538,33.0,0.669001517148041,False,0.6623232585744285,0.13115971601362622,0.7623072626600448,753,11
s_exp_H2O,2,0,p_sim_CH4,False,sim_transport,0.5784782302869202,25.0,0.669001517148041,False,0.540487826953559,0.2909842875331589,0.7623072626600448,184,6
s_exp_H2O,2,0,p_sim_CO2,False,sim_transport,0.4781363473623311,28.0,0.669001517148041,False,0.6683850603472251,0.12320780204176646,0.7623072626600448,188,4
s_exp_H2O,2,0,p_sim_N2,False,sim_transport,0.628740911367519,24.0,0.669001517148041,False,0.4454349444457719,0.41567532376453803,0.7623072626600448,182,2
s_exp_H2O,2,0,p_sim_O2,False,sim_transport,0.42597605643868,29.0,0.669001517148041,False,0.8810035847750324,-0.15570666570957345,0.7623072626600448,194,2
s_exp_H2O,2,0,s_exp_CH4,False,exp_transport,0.8137886411499532,16.0,0.669001517148041,True,0.4456495506612053,0.4153938018298204,0.7623072626600448,121,5
s_exp_H2O,2,0,s_exp_CO2,False,exp_transport,0.3358735369111109,31.0,0.669001517148041,False,0.6730925433731639,0.11703249287638842,0.7623072626600448,125,5
s_exp_H2O,2,0,s_exp_H2,False,exp_transport,0.867605621320683,9.0,0.669001517148041,True,0.5260583837050674,0.3099129321300116,0.7623072626600448,36,0
s_exp_H2O,2,0,s_exp_He,False,exp_transport,0.8494621410988845,11.0,0.669001517148041,True,0.5466539507888416,0.28289552314992833,0.7623072626600448,38,0
s_exp_H2O,2,0,s_exp_N2,False,exp_transport,0.7264218990511938,20.0,0.669001517148041,True,0.6850307002984793,0.10137193510647079,0.7623072626600448,116,3
s_exp_H2O,2,0,s_exp_O2,False,exp_transport,0.8037163317827072,17.0,0.669001517148041,True,0.5252282570681961,0.3110018980595432,0.7623072626600448,114,2
s_exp_H2O,2,0,s_sim_CH4,False,sim_transport,0.9274049466455943,5.0,0.669001517148041,True,0.28057407359303366,0.6319409674597876,0.7623072626600448,258,25
s_exp_H2O,2,0,s_sim_CO2,False,sim_transport,0.9459812893903179,3.0,0.669001517148041,True,0.28763485694386226,0.6226785824653298,0.7623072626600448,228,6
s_exp_H2O,2,0,s_sim_H2O,False,sim_transport,0.8960327554792737,7.0,0.669001517148041,True,0.33450513709631363,0.5611938210727921,0.7623072626600448,45,19
s_exp_H2O,2,0,s_sim_N2,False,sim_transport,0.9277913064115447,4.0,0.669001517148041,True,0.23965576236322336,0.6856178943816528,0.7623072626600448,224,6
s_exp_H2O,2,0,s_sim_O2,False,sim_transport,0.9083570828783059,6.0,0.669001517148041,True,0.16922775589112876,0.7780058459621462,0.7623072626600448,267,24
s_exp_H2O,2,0,X_CED,False,other_property,0.8608911726387669,10.0,0.669001517148041,True,0.32800766019418165,0.5697172567271492,0.7623072626600448,294,3
s_exp_H2O,2,0,X_ionization_E,False,unrelated_DFT,0.8296200216821672,15.0,0.669001517148041,True,0.5782061138205093,0.24150517495677642,0.7623072626600448,370,0
s_exp_H2O,2,0,X_electron_aff,False,unrelated_DFT,0.8446894651554429,12.0,0.669001517148041,True,1.193937701823613,-0.5662158296346395,0.7623072626600448,368,0
s_exp_H2O,2,0,X_atomization_H,False,unrelated_DFT,0.9552457450586486,2.0,0.669001517148041,True,0.3632476441779516,0.5234891992102876,0.7623072626600448,390,0
s_exp_H2O,2,0,X_bandgap_chain,False,unrelated_DFT,0.9620149515343704,1.0,0.669001517148041,True,0.3346004901069004,0.5610687363264472,0.7623072626600448,4208,10
s_exp_H2O,2,0,PERM00_p_exp_O2,True,permuted,0.07310957189780085,,0.669001517148041,False,0.7199436671837436,0.05557286090712936,0.7623072626600448,753,11
s_exp_H2O,2,0,PERM01_s_exp_CH4,True,permuted,0.46054010609247326,,0.669001517148041,False,0.7652262725155029,-0.0038291775487909394,0.7623072626600448,121,5
s_exp_H2O,2,0,PERM02_d_sim_CO2,True,permuted,0.44868188678834,,0.669001517148041,False,0.808716413129723,-0.060879848248769235,0.7623072626600448,226,18
s_exp_H2O,2,0,PERM03_X_CED,True,permuted,0.4514903750033154,,0.669001517148041,False,0.7593209738750243,0.003917434519251391,0.7623072626600448,294,3
s_exp_H2O,2,0,PERM04_X_ionization_E,True,permuted,0.8016131283333826,,0.669001517148041,True,0.5986720231897305,0.2146578518736852,0.7623072626600448,370,0
s_exp_H2O,2,0,PERM05_p_exp_O2,True,permuted,0.17891852777160555,,0.669001517148041,False,0.7051274260478803,0.07500890967854283,0.7623072626600448,753,11
s_exp_H2O,2,0,PERM06_s_exp_CH4,True,permuted,0.5069206590326243,,0.669001517148041,False,0.5232796752250353,0.313558061353018,0.7623072626600448,121,5
s_exp_H2O,2,0,PERM07_d_sim_CO2,True,permuted,0.27817656834492716,,0.669001517148041,False,0.6158318363669207,0.19214748890362546,0.7623072626600448,226,18
s_exp_H2O,2,0,PERM08_X_CED,True,permuted,0.0704739407779761,,0.669001517148041,False,0.7181110390139464,0.05797691536071326,0.7623072626600448,294,3
s_exp_H2O,2,0,PERM09_X_ionization_E,True,permuted,0.15025283800977432,,0.669001517148041,False,0.7375729567736198,0.03244663549461079,0.7623072626600448,370,0
s_exp_H2O,2,1,d_exp_CH4,False,exp_transport,0.9462124987081273,7.0,0.7383166606808237,True,0.8237853139923867,-1.9863796267369893,0.2758474865743978,146,6
s_exp_H2O,2,1,d_exp_CO2,False,exp_transport,0.10614926098851687,35.0,0.7383166606808237,False,0.3468048865425482,-0.25723417258330816,0.2758474865743978,151,6
s_exp_H2O,2,1,d_exp_H2,False,exp_transport,0.663680317206145,26.0,0.7383166606808237,False,0.4920010438324082,-0.7835980669692,0.2758474865743978,51,0
s_exp_H2O,2,1,d_exp_H2O,False,exp_transport,0.4177923067352197,29.0,0.7383166606808237,False,0.44689680801049325,-0.62008656870601,0.2758474865743978,45,25
s_exp_H2O,2,1,d_exp_He,False,exp_transport,0.771827729403607,19.0,0.7383166606808237,True,0.3284537735298143,-0.19070787125416958,0.2758474865743978,51,0
s_exp_H2O,2,1,d_exp_N2,False,exp_transport,0.7845004662050791,18.0,0.7383166606808237,True,0.8401608180604082,-2.0457439670519224,0.2758474865743978,154,3
s_exp_H2O,2,1,d_exp_O2,False,exp_transport,0.021593893843827417,37.0,0.7383166606808237,False,0.2787106517084345,-0.010379522284552387,0.2758474865743978,153,3
s_exp_H2O,2,1,d_sim_CH4,False,sim_transport,0.8999982459348426,12.0,0.7383166606808237,True,0.360165130845744,-0.3056676184309013,0.2758474865743978,195,6
s_exp_H2O,2,1,d_sim_CO2,False,sim_transport,0.6814733953047507,25.0,0.7383166606808237,False,0.6084834258651574,-1.2058690235738132,0.2758474865743978,226,18
s_exp_H2O,2,1,d_sim_N2,False,sim_transport,0.9318848338678407,9.0,0.7383166606808237,True,0.2856293998543555,-0.03546131016611404,0.2758474865743978,191,2
s_exp_H2O,2,1,d_sim_O2,False,sim_transport,0.4990118686151754,28.0,0.7383166606808237,False,0.42553221118533546,-0.5426358110773171,0.2758474865743978,219,8
s_exp_H2O,2,1,p_exp_CH4,False,exp_transport,0.8257790837536998,17.0,0.7383166606808237,True,0.537837986166729,-0.949765766749775,0.2758474865743978,615,10
s_exp_H2O,2,1,p_exp_CO2,False,exp_transport,0.28693347576814476,33.0,0.7383166606808237,False,0.40147107492589784,-0.4554095812564839,0.2758474865743978,690,10
s_exp_H2O,2,1,p_exp_H2,False,exp_transport,0.03583481182596059,36.0,0.7383166606808237,False,0.2942707164947265,-0.06678773893906727,0.2758474865743978,519,6
s_exp_H2O,2,1,p_exp_He,False,exp_transport,0.16660919612270936,34.0,0.7383166606808237,False,0.35131979479516234,-0.273601580199315,0.2758474865743978,451,6
s_exp_H2O,2,1,p_exp_N2,False,exp_transport,0.7573813836908962,21.0,0.7383166606808237,True,0.6622778920370964,-1.4008842721808739,0.2758474865743978,738,11
s_exp_H2O,2,1,p_exp_O2,False,exp_transport,0.38672030941825125,30.0,0.7383166606808237,False,0.5137562496228483,-0.8624648569501648,0.2758474865743978,753,11
s_exp_H2O,2,1,p_sim_CH4,False,sim_transport,0.7344527654049543,22.0,0.7383166606808237,False,0.7905818653554713,-1.866010762589444,0.2758474865743978,184,6
s_exp_H2O,2,1,p_sim_CO2,False,sim_transport,0.5557305654158373,27.0,0.7383166606808237,False,0.6218041412520796,-1.2541591695249148,0.2758474865743978,188,4
s_exp_H2O,2,1,p_sim_N2,False,sim_transport,0.7197383999146142,23.0,0.7383166606808237,False,0.7556671496451041,-1.7394382273673388,0.2758474865743978,182,2
s_exp_H2O,2,1,p_sim_O2,False,sim_transport,0.3557603520370147,32.0,0.7383166606808237,False,0.3386193055776102,-0.2275598729672764,0.2758474865743978,194,2
s_exp_H2O,2,1,s_exp_CH4,False,exp_transport,0.8676556293222162,14.0,0.7383166606808237,True,0.23508403525808994,0.14777532259774168,0.2758474865743978,121,5
s_exp_H2O,2,1,s_exp_CO2,False,exp_transport,0.3590190734190532,31.0,0.7383166606808237,False,0.2144703522476913,0.22250387374891922,0.2758474865743978,125,5
s_exp_H2O,2,1,s_exp_H2,False,exp_transport,0.900795339660266,11.0,0.7383166606808237,True,0.4990009521369084,-0.8089740759784837,0.2758474865743978,36,0
s_exp_H2O,2,1,s_exp_He,False,exp_transport,0.8699104561783589,13.0,0.7383166606808237,True,0.35270797694656175,-0.27863400651806997,0.2758474865743978,38,0
s_exp_H2O,2,1,s_exp_N2,False,exp_transport,0.7605729640533498,20.0,0.7383166606808237,True,0.40942821005869967,-0.48425572095352165,0.2758474865743978,116,3
s_exp_H2O,2,1,s_exp_O2,False,exp_transport,0.835660427500122,16.0,0.7383166606808237,True,0.24679128080012738,0.1053343140265799,0.2758474865743978,114,2
s_exp_H2O,2,1,s_sim_CH4,False,sim_transport,0.9606007546488309,4.0,0.7383166606808237,True,0.36752000083334124,-0.33233043156338066,0.2758474865743978,258,25
s_exp_H2O,2,1,s_sim_CO2,False,sim_transport,0.9692622279748522,1.0,0.7383166606808237,True,0.40899355228727674,-0.48268000323783494,0.2758474865743978,228,6
s_exp_H2O,2,1,s_sim_H2O,False,sim_transport,0.9395600763515289,8.0,0.7383166606808237,True,0.5102977405397076,-0.8499270987632402,0.2758474865743978,45,19
s_exp_H2O,2,1,s_sim_N2,False,sim_transport,0.9474946785330248,6.0,0.7383166606808237,True,0.4047443830653303,-0.46727595053206405,0.2758474865743978,224,6
s_exp_H2O,2,1,s_sim_O2,False,sim_transport,0.9530735003203217,5.0,0.7383166606808237,True,0.4300513531669284,-0.5590185667721894,0.2758474865743978,267,24
s_exp_H2O,2,1,X_CED,False,other_property,0.9105347514645243,10.0,0.7383166606808237,True,0.3416395167885118,-0.23850871737549614,0.2758474865743978,294,3
s_exp_H2O,2,1,X_ionization_E,False,unrelated_DFT,0.8510517837254241,15.0,0.7383166606808237,True,0.28196242350945844,-0.02216781820635302,0.2758474865743978,370,0
s_exp_H2O,2,1,X_electron_aff,False,unrelated_DFT,0.684688254585286,24.0,0.7383166606808237,False,0.37884467466668076,-0.37338454437758306,0.2758474865743978,368,0
s_exp_H2O,2,1,X_atomization_H,False,unrelated_DFT,0.9648672385262577,3.0,0.7383166606808237,True,0.28248794432419927,-0.02407293186632141,0.2758474865743978,390,0
s_exp_H2O,2,1,X_bandgap_chain,False,unrelated_DFT,0.9687675582612486,2.0,0.7383166606808237,True,0.2537124135307858,0.08024388156838268,0.2758474865743978,4208,10
s_exp_H2O,2,1,PERM00_p_exp_O2,True,permuted,0.1774654142150792,,0.7383166606808237,False,0.35431930780853654,-0.28447538967506386,0.2758474865743978,753,11
s_exp_H2O,2,1,PERM01_s_exp_CH4,True,permuted,0.5809299952784631,,0.7383166606808237,False,0.8929028461435286,-2.2369439259063437,0.2758474865743978,121,5
s_exp_H2O,2,1,PERM02_d_sim_CO2,True,permuted,0.3437486761567535,,0.7383166606808237,False,0.20992321294899605,0.23898812508346545,0.2758474865743978,226,18
s_exp_H2O,2,1,PERM03_X_CED,True,permuted,0.45375908813937055,,0.7383166606808237,False,0.4316741239742405,-0.5649014219232891,0.2758474865743978,294,3
s_exp_H2O,2,1,PERM04_X_ionization_E,True,permuted,0.8310474305155321,,0.7383166606808237,True,0.28569068014156396,-0.035683462950500386,0.2758474865743978,370,0
s_exp_H2O,2,1,PERM05_p_exp_O2,True,permuted,0.31032356643389,,0.7383166606808237,False,0.5282442648256261,-0.9149866884255818,0.2758474865743978,753,11
s_exp_H2O,2,1,PERM06_s_exp_CH4,True,permuted,0.6249790531050694,,0.7383166606808237,False,0.5784301144596138,-1.096920010556658,0.2758474865743978,121,5
s_exp_H2O,2,1,PERM07_d_sim_CO2,True,permuted,0.424505158712965,,0.7383166606808237,False,0.4879308547369073,-0.7688428515200891,0.2758474865743978,226,18
s_exp_H2O,2,1,PERM08_X_CED,True,permuted,0.17663234266428982,,0.7383166606808237,False,0.36196481333584557,-0.3121918123340283,0.2758474865743978,294,3
s_exp_H2O,2,1,PERM09_X_ionization_E,True,permuted,0.20788282079120782,,0.7383166606808237,False,0.7757790953448543,-1.8123478846185603,0.2758474865743978,370,0
s_exp_H2O,2,2,d_exp_CH4,False,exp_transport,0.8643535065358465,12.0,0.6656631940555385,True,0.4932128043468306,0.4115034280386453,0.8380895112150608,146,6
s_exp_H2O,2,2,d_exp_CO2,False,exp_transport,0.02130862881735722,36.0,0.6656631940555385,False,0.7640311051586623,0.08836574741166812,0.8380895112150608,151,6
s_exp_H2O,2,2,d_exp_H2,False,exp_transport,0.496205745428969,27.0,0.6656631940555385,False,0.30791481886248406,0.6325991260574665,0.8380895112150608,51,0
s_exp_H2O,2,2,d_exp_H2O,False,exp_transport,0.2743207695730712,29.0,0.6656631940555385,False,0.6398454311938613,0.23654284819026739,0.8380895112150608,45,25
s_exp_H2O,2,2,d_exp_He,False,exp_transport,0.7330158919999438,18.0,0.6656631940555385,True,0.39435134856275506,0.5294639256479596,0.8380895112150608,51,0
s_exp_H2O,2,2,d_exp_N2,False,exp_transport,0.654803478758435,21.0,0.6656631940555385,False,0.5068565455225481,0.39522385289405626,0.8380895112150608,154,3
s_exp_H2O,2,2,d_exp_O2,False,exp_transport,0.002168657132417107,37.0,0.6656631940555385,False,0.7782258264680065,0.07142874829714073,0.8380895112150608,153,3
s_exp_H2O,2,2,d_sim_CH4,False,sim_transport,0.8959138639019393,9.0,0.6656631940555385,True,0.5536805740149818,0.3393538916717182,0.8380895112150608,195,6
s_exp_H2O,2,2,d_sim_CO2,False,sim_transport,0.5971750540901017,24.0,0.6656631940555385,False,0.6270115713222191,0.25185608108472957,0.8380895112150608,226,18
s_exp_H2O,2,2,d_sim_N2,False,sim_transport,0.9501875203455761,3.0,0.6656631940555385,True,0.7584560658515799,0.0950178284035896,0.8380895112150608,191,2
s_exp_H2O,2,2,d_sim_O2,False,sim_transport,0.38929482543108584,28.0,0.6656631940555385,False,0.6364385596337317,0.24060789316999784,0.8380895112150608,219,8
s_exp_H2O,2,2,p_exp_CH4,False,exp_transport,0.744932989084302,17.0,0.6656631940555385,True,0.5845394223623298,0.30253342329166544,0.8380895112150608,615,10
s_exp_H2O,2,2,p_exp_CO2,False,exp_transport,0.028620631853748385,35.0,0.6656631940555385,False,0.7291240979016815,0.13001643840572757,0.8380895112150608,690,10
s_exp_H2O,2,2,p_exp_H2,False,exp_transport,0.21827648810633418,31.0,0.6656631940555385,False,0.938278177002712,-0.11954411127565337,0.8380895112150608,519,6
s_exp_H2O,2,2,p_exp_He,False,exp_transport,0.040945651669989605,34.0,0.6656631940555385,False,0.7715204628897945,0.07942952087391553,0.8380895112150608,451,6
s_exp_H2O,2,2,p_exp_N2,False,exp_transport,0.6327044418943669,23.0,0.6656631940555385,False,0.593076614435233,0.2923469313255198,0.8380895112150608,738,11
s_exp_H2O,2,2,p_exp_O2,False,exp_transport,0.21507851850274617,32.0,0.6656631940555385,False,0.6934272634989802,0.17260954322927813,0.8380895112150608,753,11
s_exp_H2O,2,2,p_sim_CH4,False,sim_transport,0.6542120487562937,22.0,0.6656631940555385,False,0.5371082788372374,0.3591277880825179,0.8380895112150608,184,6
s_exp_H2O,2,2,p_sim_CO2,False,sim_transport,0.5564676961782952,25.0,0.6656631940555385,False,0.799299419899168,0.04628394795163947,0.8380895112150608,188,4
s_exp_H2O,2,2,p_sim_N2,False,sim_transport,0.6656567472274892,19.0,0.6656631940555385,False,0.6797698251387393,0.18890546171707828,0.8380895112150608,182,2
s_exp_H2O,2,2,p_sim_O2,False,sim_transport,0.1975571271743706,33.0,0.6656631940555385,False,0.6529009555999308,0.22096512739628965,0.8380895112150608,194,2
s_exp_H2O,2,2,s_exp_CH4,False,exp_transport,0.8699422300939684,10.0,0.6656631940555385,True,0.5818680772261321,0.30572084551858825,0.8380895112150608,121,5
s_exp_H2O,2,2,s_exp_CO2,False,exp_transport,0.27312799136631055,30.0,0.6656631940555385,False,0.6204532951679277,0.2596813504223487,0.8380895112150608,125,5
s_exp_H2O,2,2,s_exp_H2,False,exp_transport,0.8589476114540686,13.0,0.6656631940555385,True,0.4964210281187569,0.40767540760765936,0.8380895112150608,36,0
s_exp_H2O,2,2,s_exp_He,False,exp_transport,0.8485813187402265,14.0,0.6656631940555385,True,0.5150998326282634,0.3853880453873328,0.8380895112150608,38,0
s_exp_H2O,2,2,s_exp_N2,False,exp_transport,0.6584507902262003,20.0,0.6656631940555385,False,0.487940036526202,0.41779484172426007,0.8380895112150608,116,3
s_exp_H2O,2,2,s_exp_O2,False,exp_transport,0.7818570692465991,16.0,0.6656631940555385,True,0.294991266277606,0.6480193793978782,0.8380895112150608,114,2
s_exp_H2O,2,2,s_sim_CH4,False,sim_transport,0.9333781891475454,7.0,0.6656631940555385,True,0.35093395387074255,0.5812691255830668,0.8380895112150608,258,25
s_exp_H2O,2,2,s_sim_CO2,False,sim_transport,0.9507065509071843,2.0,0.6656631940555385,True,0.40563050913443427,0.5160057443669092,0.8380895112150608,228,6
s_exp_H2O,2,2,s_sim_H2O,False,sim_transport,0.9230946071308884,8.0,0.6656631940555385,True,0.4794193159421303,0.4279616800751164,0.8380895112150608,45,19
s_exp_H2O,2,2,s_sim_N2,False,sim_transport,0.9404605675339114,4.0,0.6656631940555385,True,0.45948544587485624,0.4517465739325445,0.8380895112150608,224,6
s_exp_H2O,2,2,s_sim_O2,False,sim_transport,0.9344039822004786,6.0,0.6656631940555385,True,0.5020292660702554,0.40098371432615326,0.8380895112150608,267,24
s_exp_H2O,2,2,X_CED,False,other_property,0.8645855980442824,11.0,0.6656631940555385,True,0.3308761461235997,0.6052019006372051,0.8380895112150608,294,3
s_exp_H2O,2,2,X_ionization_E,False,unrelated_DFT,0.8229215414025373,15.0,0.6656631940555385,True,0.5065311115209978,0.3956121574810907,0.8380895112150608,370,0
s_exp_H2O,2,2,X_electron_aff,False,unrelated_DFT,0.4997533823154288,26.0,0.6656631940555385,False,0.29201749375305297,0.6515676549516931,0.8380895112150608,368,0
s_exp_H2O,2,2,X_atomization_H,False,unrelated_DFT,0.9401523479895952,5.0,0.6656631940555385,True,0.3262372052456838,0.6107370383711095,0.8380895112150608,390,0
s_exp_H2O,2,2,X_bandgap_chain,False,unrelated_DFT,0.9576910730926099,1.0,0.6656631940555385,True,0.18760033347336338,0.7761571634497839,0.8380895112150608,4208,10
s_exp_H2O,2,2,PERM00_p_exp_O2,True,permuted,0.0844636814085894,,0.6656631940555385,False,0.717418950170635,0.1439829032933223,0.8380895112150608,753,11
s_exp_H2O,2,2,PERM01_s_exp_CH4,True,permuted,0.38124332940190925,,0.6656631940555385,False,0.8422314496573735,-0.004942119411932172,0.8380895112150608,121,5
s_exp_H2O,2,2,PERM02_d_sim_CO2,True,permuted,0.44025963579398797,,0.6656631940555385,False,0.8712027388295631,-0.039510371113575686,0.8380895112150608,226,18
s_exp_H2O,2,2,PERM03_X_CED,True,permuted,0.41574839695564886,,0.6656631940555385,False,0.7615758767769938,0.09129530129441386,0.8380895112150608,294,3
s_exp_H2O,2,2,PERM04_X_ionization_E,True,permuted,0.759064123804239,,0.6656631940555385,True,0.3259601477606788,0.6110676205837461,0.8380895112150608,370,0
s_exp_H2O,2,2,PERM05_p_exp_O2,True,permuted,0.02565725167855834,,0.6656631940555385,False,0.7709241150066708,0.08014107718758315,0.8380895112150608,753,11
s_exp_H2O,2,2,PERM06_s_exp_CH4,True,permuted,0.5515065021404606,,0.6656631940555385,False,0.7444895983799876,0.11168247732795532,0.8380895112150608,121,5
s_exp_H2O,2,2,PERM07_d_sim_CO2,True,permuted,0.3429135953005219,,0.6656631940555385,False,0.6931458141215712,0.1729453658038871,0.8380895112150608,226,18
s_exp_H2O,2,2,PERM08_X_CED,True,permuted,0.1814841992195623,,0.6656631940555385,False,0.73648569408797,0.12123265566202555,0.8380895112150608,294,3
s_exp_H2O,2,2,PERM09_X_ionization_E,True,permuted,0.1047082271365581,,0.6656631940555385,False,0.7596117575889062,0.09363886861246801,0.8380895112150608,370,0
s_exp_H2O,2,3,d_exp_CH4,False,exp_transport,0.887492257941832,11.0,0.693990933135087,True,0.44555846460837084,0.1861006181671578,0.5474367895513148,146,6
s_exp_H2O,2,3,d_exp_CO2,False,exp_transport,0.2616134885549251,36.0,0.693990933135087,False,0.6092110004290922,-0.11284263691595914,0.5474367895513148,151,6
s_exp_H2O,2,3,d_exp_H2,False,exp_transport,0.798360702342314,18.0,0.693990933135087,True,1.029762325380972,-0.8810616038885083,0.5474367895513148,51,0
s_exp_H2O,2,3,d_exp_H2O,False,exp_transport,0.40271022336637496,33.0,0.693990933135087,False,0.4944897029261057,0.0967181739258063,0.5474367895513148,45,25
s_exp_H2O,2,3,d_exp_He,False,exp_transport,0.8122446751302814,17.0,0.693990933135087,True,0.5792712758973512,-0.05815189434405432,0.5474367895513148,51,0
s_exp_H2O,2,3,d_exp_N2,False,exp_transport,0.7835892953042992,20.0,0.693990933135087,True,0.7433004165442666,-0.3577830915483115,0.5474367895513148,154,3
s_exp_H2O,2,3,d_exp_O2,False,exp_transport,0.18139263183941445,37.0,0.693990933135087,False,0.5609032587910545,-0.024599130889206358,0.5474367895513148,153,3
s_exp_H2O,2,3,d_sim_CH4,False,sim_transport,0.8875224714782076,10.0,0.693990933135087,True,0.5501695326285876,-0.004991887884467114,0.5474367895513148,195,6
s_exp_H2O,2,3,d_sim_CO2,False,sim_transport,0.6284147119603103,27.0,0.693990933135087,False,0.4525720048286,0.173289019907608,0.5474367895513148,226,18
s_exp_H2O,2,3,d_sim_N2,False,sim_transport,0.9195356699693091,8.0,0.693990933135087,True,0.3818142069090447,0.30254192959522536,0.5474367895513148,191,2
s_exp_H2O,2,3,d_sim_O2,False,sim_transport,0.42261130051312423,31.0,0.693990933135087,False,0.461346098168932,0.15726142821519845,0.5474367895513148,219,8
s_exp_H2O,2,3,p_exp_CH4,False,exp_transport,0.7976161053158001,19.0,0.693990933135087,True,0.7029255635383828,-0.2840305528506921,0.5474367895513148,615,10
s_exp_H2O,2,3,p_exp_CO2,False,exp_transport,0.4685187804916947,30.0,0.693990933135087,False,0.9566826651570464,-0.7475673601351381,0.5474367895513148,690,10
s_exp_H2O,2,3,p_exp_H2,False,exp_transport,0.31408253009109316,34.0,0.693990933135087,False,1.0487222458308492,-0.9156955941715087,0.5474367895513148,519,6
s_exp_H2O,2,3,p_exp_He,False,exp_transport,0.5383203206093142,28.0,0.693990933135087,False,1.7791325009580818,-2.2499322934000805,0.5474367895513148,451,6
s_exp_H2O,2,3,p_exp_N2,False,exp_transport,0.782980407934305,21.0,0.693990933135087,True,0.9563505870354639,-0.7469607547189135,0.5474367895513148,738,11
s_exp_H2O,2,3,p_exp_O2,False,exp_transport,0.6433668255749099,26.0,0.693990933135087,False,1.5104759135191617,-1.7591786711250523,0.5474367895513148,753,11
s_exp_H2O,2,3,p_sim_CH4,False,sim_transport,0.7123776055472861,23.0,0.693990933135087,True,0.7068518163659498,-0.2912026189275539,0.5474367895513148,184,6
s_exp_H2O,2,3,p_sim_CO2,False,sim_transport,0.46888227825259937,29.0,0.693990933135087,False,0.5311047299502725,0.029833690231941247,0.5474367895513148,188,4
s_exp_H2O,2,3,p_sim_N2,False,sim_transport,0.7066311641854062,24.0,0.693990933135087,True,0.7516726557896869,-0.37307661840879575,0.5474367895513148,182,2
s_exp_H2O,2,3,p_sim_O2,False,sim_transport,0.41592616372096924,32.0,0.693990933135087,False,0.7935964529757539,-0.44965860556466114,0.5474367895513148,194,2
s_exp_H2O,2,3,s_exp_CH4,False,exp_transport,0.8501027168490661,13.0,0.693990933135087,True,0.6213428498006367,-0.13500382447788375,0.5474367895513148,121,5
s_exp_H2O,2,3,s_exp_CO2,False,exp_transport,0.2869896027778986,35.0,0.693990933135087,False,0.5089172215444973,0.07036349902312669,0.5474367895513148,125,5
s_exp_H2O,2,3,s_exp_H2,False,exp_transport,0.8433546084659496,14.0,0.693990933135087,True,0.6110929275115787,-0.11628034354877244,0.5474367895513148,36,0
s_exp_H2O,2,3,s_exp_He,False,exp_transport,0.8422648651320653,15.0,0.693990933135087,True,0.4647438503382922,0.15105477160349173,0.5474367895513148,38,0
s_exp_H2O,2,3,s_exp_N2,False,exp_transport,0.7337719691901909,22.0,0.693990933135087,True,0.6797962898401672,-0.24178042618826484,0.5474367895513148,116,3
s_exp_H2O,2,3,s_exp_O2,False,exp_transport,0.8618728517938361,12.0,0.693990933135087,True,0.9185414677905388,-0.6778950288368187,0.5474367895513148,114,2
s_exp_H2O,2,3,s_sim_CH4,False,sim_transport,0.9593320286208522,4.0,0.693990933135087,True,0.5193481702637772,0.051309338034368,0.5474367895513148,258,25
s_exp_H2O,2,3,s_sim_CO2,False,sim_transport,0.9669135168156084,2.0,0.693990933135087,True,0.521521635445971,0.0473390802371616,0.5474367895513148,228,6
s_exp_H2O,2,3,s_sim_H2O,False,sim_transport,0.9264814037682231,7.0,0.693990933135087,True,0.839033365184687,-0.5326579820701636,0.5474367895513148,45,19
s_exp_H2O,2,3,s_sim_N2,False,sim_transport,0.9586143323281321,5.0,0.693990933135087,True,0.5346097309820623,0.023431122668547136,0.5474367895513148,224,6
s_exp_H2O,2,3,s_sim_O2,False,sim_transport,0.9512884398772944,6.0,0.693990933135087,True,0.5801139310445486,-0.059691168216911936,0.5474367895513148,267,24
s_exp_H2O,2,3,X_CED,False,other_property,0.8994796755607353,9.0,0.693990933135087,True,0.5095371341292221,0.06923110785659053,0.5474367895513148,294,3
s_exp_H2O,2,3,X_ionization_E,False,unrelated_DFT,0.8351715028491329,16.0,0.693990933135087,True,0.7133605209074942,-0.3030920364197159,0.5474367895513148,370,0
s_exp_H2O,2,3,X_electron_aff,False,unrelated_DFT,0.6550197047239633,25.0,0.693990933135087,False,0.25485001054267475,0.5344667815410202,0.5474367895513148,368,0
s_exp_H2O,2,3,X_atomization_H,False,unrelated_DFT,0.9621937900028821,3.0,0.693990933135087,True,0.41369929138387473,0.24429760790657273,0.5474367895513148,390,0
s_exp_H2O,2,3,X_bandgap_chain,False,unrelated_DFT,0.9688145668603586,1.0,0.693990933135087,True,0.24974804590684602,0.5437865144000602,0.5474367895513148,4208,10
s_exp_H2O,2,3,PERM00_p_exp_O2,True,permuted,0.20576870289803498,,0.693990933135087,False,0.6003025654016588,-0.09656964394678953,0.5474367895513148,753,11
s_exp_H2O,2,3,PERM01_s_exp_CH4,True,permuted,0.4762950656390013,,0.693990933135087,False,0.8171010812383155,-0.4925943905012677,0.5474367895513148,121,5
s_exp_H2O,2,3,PERM02_d_sim_CO2,True,permuted,0.29154786543332295,,0.693990933135087,False,0.3753405670845712,0.3143672945470025,0.5474367895513148,226,18
s_exp_H2O,2,3,PERM03_X_CED,True,permuted,0.39219038212540763,,0.693990933135087,False,0.5974427957397744,-0.09134571724608626,0.5474367895513148,294,3
s_exp_H2O,2,3,PERM04_X_ionization_E,True,permuted,0.7937343413795235,,0.693990933135087,True,0.313039514679111,0.42817231020282426,0.5474367895513148,370,0
s_exp_H2O,2,3,PERM05_p_exp_O2,True,permuted,0.5648083984449955,,0.693990933135087,False,1.4541374217688265,-1.6562654347009698,0.5474367895513148,753,11
s_exp_H2O,2,3,PERM06_s_exp_CH4,True,permuted,0.572082323058554,,0.693990933135087,False,0.5526328125422955,-0.009491548778150937,0.5474367895513148,121,5
s_exp_H2O,2,3,PERM07_d_sim_CO2,True,permuted,0.44873042155118037,,0.693990933135087,False,0.9330682885607791,-0.7044310984753729,0.5474367895513148,226,18
s_exp_H2O,2,3,PERM08_X_CED,True,permuted,0.05142361592706253,,0.693990933135087,False,0.472964981974779,0.13603727224393108,0.5474367895513148,294,3
s_exp_H2O,2,3,PERM09_X_ionization_E,True,permuted,0.23967894111262297,,0.693990933135087,False,0.6388541342470231,-0.16699159873897942,0.5474367895513148,370,0
s_exp_H2O,2,4,d_exp_CH4,False,exp_transport,0.8804941027819994,12.0,0.8678518144575875,True,0.27805026488571477,-0.09877855933123765,0.25305395934823094,146,6
s_exp_H2O,2,4,d_exp_CO2,False,exp_transport,0.02342195730827224,37.0,0.8678518144575875,False,0.2313939735412384,0.08559433672873679,0.25305395934823094,151,6
s_exp_H2O,2,4,d_exp_H2,False,exp_transport,0.5847989540662376,26.0,0.8678518144575875,False,0.1676953133898074,0.33731401072828254,0.25305395934823094,51,0
s_exp_H2O,2,4,d_exp_H2O,False,exp_transport,0.3139367934868901,31.0,0.8678518144575875,False,0.29486813417830754,-0.16523817662356965,0.25305395934823094,45,25
s_exp_H2O,2,4,d_exp_He,False,exp_transport,0.7906033209503225,18.0,0.8678518144575875,False,0.4420351253601539,-0.7468018540340775,0.25305395934823094,51,0
s_exp_H2O,2,4,d_exp_N2,False,exp_transport,0.726265352080791,20.0,0.8678518144575875,False,0.28463025805218956,-0.12478089173268397,0.25305395934823094,154,3
s_exp_H2O,2,4,d_exp_O2,False,exp_transport,0.1611809123435963,34.0,0.8678518144575875,False,0.4998724745588881,-0.9753592310761158,0.25305395934823094,153,3
s_exp_H2O,2,4,d_sim_CH4,False,sim_transport,0.8780030708514106,14.0,0.8678518144575875,True,0.39233444068061724,-0.5503983486016931,0.25305395934823094,195,6
s_exp_H2O,2,4,d_sim_CO2,False,sim_transport,0.6850054888135529,23.0,0.8678518144575875,False,0.3852415503172038,-0.5223691868304963,0.25305395934823094,226,18
s_exp_H2O,2,4,d_sim_N2,False,sim_transport,0.9219852823811284,7.0,0.8678518144575875,True,0.3016498201414238,-0.192037543764804,0.25305395934823094,191,2
s_exp_H2O,2,4,d_sim_O2,False,sim_transport,0.5735568022909304,27.0,0.8678518144575875,False,0.511977966770279,-1.0231968236692919,0.25305395934823094,219,8
s_exp_H2O,2,4,p_exp_CH4,False,exp_transport,0.803844844081997,17.0,0.8678518144575875,False,0.22105863571009046,0.12643676360784098,0.25305395934823094,615,10
s_exp_H2O,2,4,p_exp_CO2,False,exp_transport,0.17290044653489614,33.0,0.8678518144575875,False,0.12771612380631833,0.4953008277947295,0.25305395934823094,690,10
s_exp_H2O,2,4,p_exp_H2,False,exp_transport,0.07106739148593483,36.0,0.8678518144575875,False,0.2710302565672719,-0.07103740745784404,0.25305395934823094,519,6
s_exp_H2O,2,4,p_exp_He,False,exp_transport,0.10968209124490334,35.0,0.8678518144575875,False,0.2124607134605491,0.16041339954622458,0.25305395934823094,451,6
s_exp_H2O,2,4,p_exp_N2,False,exp_transport,0.7088513561632934,21.0,0.8678518144575875,False,0.26836441468270733,-0.0605027298284927,0.25305395934823094,738,11
s_exp_H2O,2,4,p_exp_O2,False,exp_transport,0.27857357728559695,32.0,0.8678518144575875,False,0.13456859624856374,0.4682217318584528,0.25305395934823094,753,11
s_exp_H2O,2,4,p_sim_CH4,False,sim_transport,0.6873526147217456,22.0,0.8678518144575875,False,0.38434819903962997,-0.518838907044024,0.25305395934823094,184,6
s_exp_H2O,2,4,p_sim_CO2,False,sim_transport,0.5480019591738522,28.0,0.8678518144575875,False,0.29406146331796224,-0.16205043412618697,0.25305395934823094,188,4
s_exp_H2O,2,4,p_sim_N2,False,sim_transport,0.6797727780643694,24.0,0.8678518144575875,False,0.46312053446658347,-0.8301256208731241,0.25305395934823094,182,2
s_exp_H2O,2,4,p_sim_O2,False,sim_transport,0.371559812499503,30.0,0.8678518144575875,False,0.1884069689067958,0.2554672157983252,0.25305395934823094,194,2
s_exp_H2O,2,4,s_exp_CH4,False,exp_transport,0.8986632830947704,9.0,0.8678518144575875,True,0.5550332485696786,-1.1933395154109798,0.25305395934823094,121,5
s_exp_H2O,2,4,s_exp_CO2,False,exp_transport,0.4528412732867419,29.0,0.8678518144575875,False,0.5739564243265101,-1.2681187277401218,0.25305395934823094,125,5
s_exp_H2O,2,4,s_exp_H2,False,exp_transport,0.8751137060771823,15.0,0.8678518144575875,True,0.2906883173434109,-0.14872068428453555,0.25305395934823094,36,0
s_exp_H2O,2,4,s_exp_He,False,exp_transport,0.881373470806125,11.0,0.8678518144575875,True,0.35829159451592524,-0.41587033626640624,0.25305395934823094,38,0
s_exp_H2O,2,4,s_exp_N2,False,exp_transport,0.7407392379504671,19.0,0.8678518144575875,False,0.5750250243204629,-1.2723415424975162,0.25305395934823094,116,3
s_exp_H2O,2,4,s_exp_O2,False,exp_transport,0.829716435149289,16.0,0.8678518144575875,False,0.15855374323576188,0.3734389944178903,0.25305395934823094,114,2
s_exp_H2O,2,4,s_sim_CH4,False,sim_transport,0.9470225016104205,4.0,0.8678518144575875,True,0.2107013893064295,0.16736576717031126,0.25305395934823094,258,25
s_exp_H2O,2,4,s_sim_CO2,False,sim_transport,0.9553814748262154,3.0,0.8678518144575875,True,0.09465645193624038,0.6259436043599603,0.25305395934823094,228,6
s_exp_H2O,2,4,s_sim_H2O,False,sim_transport,0.9175771341453518,8.0,0.8678518144575875,True,0.23172528084398322,0.08428510092939126,0.25305395934823094,45,19
s_exp_H2O,2,4,s_sim_N2,False,sim_transport,0.9422083728062097,5.0,0.8678518144575875,True,0.1455516676831669,0.4248196390285626,0.25305395934823094,224,6
s_exp_H2O,2,4,s_sim_O2,False,sim_transport,0.9367788942361773,6.0,0.8678518144575875,True,0.2066865347170223,0.18323137385652125,0.25305395934823094,267,24
s_exp_H2O,2,4,X_CED,False,other_property,0.8792515877724457,13.0,0.8678518144575875,True,0.16411610645659422,0.35145805709069405,0.25305395934823094,294,3
s_exp_H2O,2,4,X_ionization_E,False,unrelated_DFT,0.8965225365543958,10.0,0.8678518144575875,True,0.6282318386758042,-1.4826003129683736,0.25305395934823094,370,0
s_exp_H2O,2,4,X_electron_aff,False,unrelated_DFT,0.6673874153063389,25.0,0.8678518144575875,False,0.2593766235735837,-0.024985438843310358,0.25305395934823094,368,0
s_exp_H2O,2,4,X_atomization_H,False,unrelated_DFT,0.9622054629770186,2.0,0.8678518144575875,True,0.23959479308885667,0.053186942002566844,0.25305395934823094,390,0
s_exp_H2O,2,4,X_bandgap_chain,False,unrelated_DFT,0.9814221734795919,1.0,0.8678518144575875,True,0.3703741990257228,-0.4636174829260264,0.25305395934823094,4208,10
s_exp_H2O,2,4,PERM00_p_exp_O2,True,permuted,0.1511550528488606,,0.8678518144575875,False,0.23811903522817798,0.05901873323191441,0.25305395934823094,753,11
s_exp_H2O,2,4,PERM01_s_exp_CH4,True,permuted,0.466363400623493,,0.8678518144575875,False,0.5378059915038229,-1.1252621096662665,0.25305395934823094,121,5
s_exp_H2O,2,4,PERM02_d_sim_CO2,True,permuted,0.4498653073496021,,0.8678518144575875,False,0.6071593884984139,-1.3993277562707238,0.25305395934823094,226,18
s_exp_H2O,2,4,PERM03_X_CED,True,permuted,0.5003999866154963,,0.8678518144575875,False,0.5286755883385214,-1.0891812548603668,0.25305395934823094,294,3
s_exp_H2O,2,4,PERM04_X_ionization_E,True,permuted,0.9137060444545526,,0.8678518144575875,True,0.8541478387308815,-2.375358524050901,0.25305395934823094,370,0
s_exp_H2O,2,4,PERM05_p_exp_O2,True,permuted,0.21787780488322414,,0.8678518144575875,False,0.17247433387711372,0.3184286295249406,0.25305395934823094,753,11
s_exp_H2O,2,4,PERM06_s_exp_CH4,True,permuted,0.8118077555724081,,0.8678518144575875,False,1.4767991088152523,-4.835905957049301,0.25305395934823094,121,5
s_exp_H2O,2,4,PERM07_d_sim_CO2,True,permuted,0.4621373048103216,,0.8678518144575875,False,0.8530733130142933,-2.3711122924592054,0.25305395934823094,226,18
s_exp_H2O,2,4,PERM08_X_CED,True,permuted,0.19056693923963847,,0.8678518144575875,False,0.3578899054306328,-0.414282970922165,0.25305395934823094,294,3
s_exp_H2O,2,4,PERM09_X_ionization_E,True,permuted,0.28922864133748905,,0.8678518144575875,False,0.44475647486351944,-0.7575558825834616,0.25305395934823094,370,0
