target,repeat,fold,policy,chosen_source,rmse,gain,rmse_none,n_test,n_train,threshold95,threshold_max,top_source,top_score,chosen_score,gate_open
s_exp_H2O,0,0,NONE,,0.767277536033457,0.0,0.767277536033457,5,20,0.7585733636753267,0.7859237257843382,X_bandgap_chain,0.9708422037853492,,
s_exp_H2O,0,0,PHYS,s_sim_H2O,0.5262054796825487,0.3141914692265882,0.767277536033457,5,20,0.7585733636753267,0.7859237257843382,X_bandgap_chain,0.9708422037853492,0.8746052982706134,
s_exp_H2O,0,0,TOP,X_bandgap_chain,0.24469826141951778,0.6810824637398901,0.767277536033457,5,20,0.7585733636753267,0.7859237257843382,X_bandgap_chain,0.9708422037853492,0.9708422037853492,
s_exp_H2O,0,0,GATE,X_bandgap_chain,0.24469826141951778,0.6810824637398901,0.767277536033457,5,20,0.7585733636753267,0.7859237257843382,X_bandgap_chain,0.9708422037853492,0.9708422037853492,True
s_exp_H2O,0,0,ALL3,X_bandgap_chain|X_atomization_H|s_sim_CO2,0.19557494023877717,0.745105348385634,0.767277536033457,5,20,0.7585733636753267,0.7859237257843382,X_bandgap_chain,0.9708422037853492,0.9604752713151613,
s_exp_H2O,0,0,GATE_MAX,X_bandgap_chain,0.24469826141951778,0.6810824637398901,0.767277536033457,5,20,0.7585733636753267,0.7859237257843382,X_bandgap_chain,0.9708422037853492,0.9708422037853492,True
s_exp_H2O,0,1,NONE,,0.18478995468362464,0.0,0.18478995468362464,5,20,0.7788326586579304,0.8455733393641894,X_bandgap_chain,0.9738365645962236,,
s_exp_H2O,0,1,PHYS,s_sim_H2O,0.3398345751945999,-0.8390316496176657,0.18478995468362464,5,20,0.7788326586579304,0.8455733393641894,X_bandgap_chain,0.9738365645962236,0.9009886671960857,
s_exp_H2O,0,1,TOP,X_bandgap_chain,0.23961693127305858,-0.2966989016437726,0.18478995468362464,5,20,0.7788326586579304,0.8455733393641894,X_bandgap_chain,0.9738365645962236,0.9738365645962236,
s_exp_H2O,0,1,GATE,X_bandgap_chain,0.23961693127305858,-0.2966989016437726,0.18478995468362464,5,20,0.7788326586579304,0.8455733393641894,X_bandgap_chain,0.9738365645962236,0.9738365645962236,True
s_exp_H2O,0,1,ALL3,X_bandgap_chain|X_atomization_H|s_sim_CO2,0.2318594239172665,-0.2547187660402244,0.18478995468362464,5,20,0.7788326586579304,0.8455733393641894,X_bandgap_chain,0.9738365645962236,0.9700031166368496,
s_exp_H2O,0,1,GATE_MAX,X_bandgap_chain,0.23961693127305858,-0.2966989016437726,0.18478995468362464,5,20,0.7788326586579304,0.8455733393641894,X_bandgap_chain,0.9738365645962236,0.9738365645962236,True
s_exp_H2O,0,2,NONE,,0.7809582973016965,0.0,0.7809582973016965,5,20,0.7596556397169973,0.8662607739988055,X_bandgap_chain,0.9697543230102287,,
s_exp_H2O,0,2,PHYS,s_sim_H2O,0.710345353596891,0.0904183282881834,0.7809582973016965,5,20,0.7596556397169973,0.8662607739988055,X_bandgap_chain,0.9697543230102287,0.9024490553655233,
s_exp_H2O,0,2,TOP,X_bandgap_chain,0.2402611025625773,0.6923509188740194,0.7809582973016965,5,20,0.7596556397169973,0.8662607739988055,X_bandgap_chain,0.9697543230102287,0.9697543230102287,
s_exp_H2O,0,2,GATE,X_bandgap_chain,0.2402611025625773,0.6923509188740194,0.7809582973016965,5,20,0.7596556397169973,0.8662607739988055,X_bandgap_chain,0.9697543230102287,0.9697543230102287,True
s_exp_H2O,0,2,ALL3,X_bandgap_chain|s_sim_CO2|X_atomization_H,0.19710592162804758,0.7476101831441295,0.7809582973016965,5,20,0.7596556397169973,0.8662607739988055,X_bandgap_chain,0.9697543230102287,0.9547746618768741,
s_exp_H2O,0,2,GATE_MAX,X_bandgap_chain,0.2402611025625773,0.6923509188740194,0.7809582973016965,5,20,0.7596556397169973,0.8662607739988055,X_bandgap_chain,0.9697543230102287,0.9697543230102287,True
s_exp_H2O,0,3,NONE,,0.5212404696535228,0.0,0.5212404696535228,5,20,0.733717329760521,0.8045746099946157,X_bandgap_chain,0.9683659618766268,,
s_exp_H2O,0,3,PHYS,s_sim_H2O,0.8831627009531654,-0.694347911128655,0.5212404696535228,5,20,0.733717329760521,0.8045746099946157,X_bandgap_chain,0.9683659618766268,0.8995380387449381,
s_exp_H2O,0,3,TOP,X_bandgap_chain,0.18070292800536109,0.6533213775103124,0.5212404696535228,5,20,0.733717329760521,0.8045746099946157,X_bandgap_chain,0.9683659618766268,0.9683659618766268,
s_exp_H2O,0,3,GATE,X_bandgap_chain,0.18070292800536109,0.6533213775103124,0.5212404696535228,5,20,0.733717329760521,0.8045746099946157,X_bandgap_chain,0.9683659618766268,0.9683659618766268,True
s_exp_H2O,0,3,ALL3,X_bandgap_chain|s_sim_CO2|s_sim_CH4,0.29272466999057056,0.4384076313469107,0.5212404696535228,5,20,0.733717329760521,0.8045746099946157,X_bandgap_chain,0.9683659618766268,0.9617427464187979,
s_exp_H2O,0,3,GATE_MAX,X_bandgap_chain,0.18070292800536109,0.6533213775103124,0.5212404696535228,5,20,0.733717329760521,0.8045746099946157,X_bandgap_chain,0.9683659618766268,0.9683659618766268,True
s_exp_H2O,0,4,NONE,,0.21000225102689762,0.0,0.21000225102689762,5,20,0.8023106481582487,0.8197025839139359,X_bandgap_chain,0.9745398766513221,,
s_exp_H2O,0,4,PHYS,s_sim_H2O,0.17407184596419123,0.17109533296433255,0.21000225102689762,5,20,0.8023106481582487,0.8197025839139359,X_bandgap_chain,0.9745398766513221,0.9009770290250276,
s_exp_H2O,0,4,TOP,X_bandgap_chain,0.13522878742227323,0.3560602957301025,0.21000225102689762,5,20,0.8023106481582487,0.8197025839139359,X_bandgap_chain,0.9745398766513221,0.9745398766513221,
s_exp_H2O,0,4,GATE,X_bandgap_chain,0.13522878742227323,0.3560602957301025,0.21000225102689762,5,20,0.8023106481582487,0.8197025839139359,X_bandgap_chain,0.9745398766513221,0.9745398766513221,True
s_exp_H2O,0,4,ALL3,X_bandgap_chain|s_sim_CO2|s_sim_O2,0.1455966963466127,0.3066898300629915,0.21000225102689762,5,20,0.8023106481582487,0.8197025839139359,X_bandgap_chain,0.9745398766513221,0.9694339100702688,
s_exp_H2O,0,4,GATE_MAX,X_bandgap_chain,0.13522878742227323,0.3560602957301025,0.21000225102689762,5,20,0.8023106481582487,0.8197025839139359,X_bandgap_chain,0.9745398766513221,0.9745398766513221,True
