dataset,seed,fold,n_test_sources,n_train,n_leak_removed,method,coverage,width,q,n,n_cal,n_cal_sources,n_rows_sharing_anchor_material
IL_CELL,0,0,1,557,0,naive,0.6581196581196581,14.586494229294521,7.293247114647261,117,557,,
IL_CELL,0,0,1,557,0,aware,0.9487179487179487,23.418648148148158,11.709324074074079,117,557,,
IL_CELL,0,0,1,557,0,anchor,0.8842105263157894,22.259575358632155,11.129787679316077,1140,4400,18.0,222.0
IL_CELL,0,0,1,557,0,aware_on_anchor_rows,0.9473684210526315,23.418648148148158,11.709324074074079,1140,557,,
IL_CELL,0,0,1,557,0,explore_offset_q_aware,0.8956140350877193,23.418648148148158,11.709324074074079,1140,557,,
IL_CELL,0,0,1,557,0,explore_aware8_on_anchor_rows,0.9473684210526315,23.309487448074304,11.654743724037152,1140,557,18.0,
IL_CELL,0,0,1,557,0,explore_anchor_matdisjoint,0.8779956427015251,22.476019239770594,11.238009619885297,918,3928,18.0,
IL_CELL,0,0,1,557,0,explore_aware_on_matdisjoint_rows,0.9477124183006536,23.418648148148158,11.709324074074079,918,557,,
IL_CELL,0,1,1,590,0,naive,0.47619047619047616,11.997224342302657,5.998612171151328,84,590,,
IL_CELL,0,1,1,590,0,aware,0.8214285714285714,21.01428264974934,10.50714132487467,84,590,,
IL_CELL,0,1,1,590,0,anchor,0.7185185185185186,20.306045712640845,10.153022856320423,810,4730,18.0,95.0
IL_CELL,0,1,1,590,0,aware_on_anchor_rows,0.8234567901234567,21.01428264974934,10.50714132487467,810,590,,
IL_CELL,0,1,1,590,0,explore_offset_q_aware,0.7432098765432099,21.01428264974934,10.50714132487467,810,590,,
IL_CELL,0,1,1,590,0,explore_aware8_on_anchor_rows,0.8234567901234567,20.594777781265154,10.297388890632577,810,590,18.0,
IL_CELL,0,1,1,590,0,explore_anchor_matdisjoint,0.7216783216783217,20.38717454078803,10.193587270394016,715,4180,18.0,
IL_CELL,0,1,1,590,0,explore_aware_on_matdisjoint_rows,0.8167832167832167,21.01428264974934,10.50714132487467,715,590,,
IL_CELL,0,2,1,615,0,naive,0.4745762711864407,14.11658222185793,7.058291110928965,59,615,,
IL_CELL,0,2,1,615,0,aware,0.7796610169491526,21.205619343895556,10.602809671947778,59,615,,
IL_CELL,0,2,1,615,0,anchor,0.8732142857142857,22.962385927398255,11.481192963699128,560,4980,18.0,60.0
IL_CELL,0,2,1,615,0,aware_on_anchor_rows,0.7839285714285714,21.205619343895556,10.602809671947778,560,615,,
IL_CELL,0,2,1,615,0,explore_offset_q_aware,0.8553571428571428,21.205619343895556,10.602809671947778,560,615,,
IL_CELL,0,2,1,615,0,explore_aware8_on_anchor_rows,0.7696428571428572,20.828579070529475,10.414289535264738,560,615,18.0,
IL_CELL,0,2,1,615,0,explore_anchor_matdisjoint,0.866,22.685650121284798,11.342825060642399,500,4316,18.0,
IL_CELL,0,2,1,615,0,explore_aware_on_matdisjoint_rows,0.794,21.205619343895556,10.602809671947778,500,615,,
IL_CELL,0,3,3,614,0,naive,0.6833333333333333,13.46580029639648,6.73290014819824,60,614,,
IL_CELL,0,3,3,614,0,aware,0.95,22.393465975798627,11.196732987899313,60,614,,
IL_CELL,0,3,3,614,0,anchor,0.8608695652173913,21.76008501179863,10.880042505899315,460,5080,18.0,145.0
IL_CELL,0,3,3,614,0,aware_on_anchor_rows,0.9369565217391305,22.393465975798627,11.196732987899313,460,614,,
IL_CELL,0,3,3,614,0,explore_offset_q_aware,0.8673913043478261,22.393465975798627,11.196732987899313,460,614,,
IL_CELL,0,3,3,614,0,explore_aware8_on_anchor_rows,0.8717391304347826,21.893962187671306,10.946981093835653,460,614,18.0,
IL_CELL,0,3,3,614,0,explore_anchor_matdisjoint,0.8634920634920635,21.927630249523443,10.963815124761721,315,4540,18.0,
IL_CELL,0,3,3,614,0,explore_aware_on_matdisjoint_rows,0.9238095238095239,22.393465975798627,11.196732987899313,315,614,,
IL_CELL,0,4,4,614,0,naive,0.9,14.173688275708106,7.086844137854053,60,614,,
IL_CELL,0,4,4,614,0,aware,1.0,22.224105979216638,11.112052989608319,60,614,,
IL_CELL,0,4,4,614,0,anchor,0.9829787234042553,23.272739391943265,11.636369695971633,470,5070,17.0,69.0
IL_CELL,0,4,4,614,0,aware_on_anchor_rows,1.0,22.224105979216638,11.112052989608319,470,614,,
IL_CELL,0,4,4,614,0,explore_offset_q_aware,0.9702127659574468,22.224105979216638,11.112052989608319,470,614,,
IL_CELL,0,4,4,614,0,explore_aware8_on_anchor_rows,1.0,22.207756446959607,11.103878223479803,470,614,17.0,
IL_CELL,0,4,4,614,0,explore_anchor_matdisjoint,0.9800498753117207,23.286270502961536,11.643135251480768,401,4473,17.0,
IL_CELL,0,4,4,614,0,explore_aware_on_matdisjoint_rows,1.0,22.224105979216638,11.112052989608319,401,614,,
IL_CELL,0,5,5,614,0,naive,0.8333333333333334,13.642387024781598,6.821193512390799,60,614,,
IL_CELL,0,5,5,614,0,aware,0.9833333333333333,22.20484363380148,11.10242181690074,60,614,,
IL_CELL,0,5,5,614,0,anchor,0.9659090909090909,21.732179152206584,10.866089576103292,440,5100,16.0,0.0
IL_CELL,0,5,5,614,0,aware_on_anchor_rows,0.9795454545454545,22.20484363380148,11.10242181690074,440,614,,
IL_CELL,0,5,5,614,0,explore_offset_q_aware,0.9704545454545455,22.20484363380148,11.10242181690074,440,614,,
IL_CELL,0,5,5,614,0,explore_aware8_on_anchor_rows,0.9795454545454545,21.624927922757397,10.812463961378699,440,614,16.0,
IL_CELL,0,5,5,614,0,explore_anchor_matdisjoint,0.9681818181818181,21.888536817790065,10.944268408895033,440,4434,16.0,
IL_CELL,0,5,5,614,0,explore_aware_on_matdisjoint_rows,0.9795454545454545,22.20484363380148,11.10242181690074,440,614,,
IL_CELL,0,6,4,616,0,naive,0.6896551724137931,13.388265328007236,6.694132664003618,58,616,,
IL_CELL,0,6,4,616,0,aware,0.8793103448275862,21.341110393385023,10.670555196692511,58,616,,
IL_CELL,0,6,4,616,0,anchor,0.9769230769230769,22.86242405086916,11.43121202543458,390,5150,17.0,78.0
IL_CELL,0,6,4,616,0,aware_on_anchor_rows,0.9743589743589743,21.341110393385023,10.670555196692511,390,616,,
IL_CELL,0,6,4,616,0,explore_offset_q_aware,0.9717948717948718,21.341110393385023,10.670555196692511,390,616,,
IL_CELL,0,6,4,616,0,explore_aware8_on_anchor_rows,0.9743589743589743,21.341110393385023,10.670555196692511,390,616,17.0,
IL_CELL,0,6,4,616,0,explore_anchor_matdisjoint,0.9743589743589743,23.022593612042566,11.511296806021283,312,4549,17.0,
IL_CELL,0,6,4,616,0,explore_aware_on_matdisjoint_rows,0.967948717948718,21.341110393385023,10.670555196692511,312,616,,
IL_CELL,0,7,5,611,4,naive,0.8305084745762712,14.272613478224244,7.136306739112122,59,611,,
IL_CELL,0,7,5,611,4,aware,0.9491525423728814,21.13367870280904,10.56683935140452,59,611,,
IL_CELL,0,7,5,611,4,anchor,0.9975,22.414230012762474,11.207115006381237,400,5100,17.0,0.0
IL_CELL,0,7,5,611,4,aware_on_anchor_rows,0.975,21.13367870280904,10.56683935140452,400,611,,
IL_CELL,0,7,5,611,4,explore_offset_q_aware,0.995,21.13367870280904,10.56683935140452,400,611,,
IL_CELL,0,7,5,611,4,explore_aware8_on_anchor_rows,0.975,20.715627196783757,10.357813598391878,400,611,17.0,
IL_CELL,0,7,5,611,4,explore_anchor_matdisjoint,0.9975,22.355717380345766,11.177858690172883,400,4430,17.0,
IL_CELL,0,7,5,611,4,explore_aware_on_matdisjoint_rows,0.975,21.13367870280904,10.56683935140452,400,611,,
IL_CELL,0,8,4,616,0,naive,0.7586206896551724,14.00797724611129,7.003988623055645,58,616,,
IL_CELL,0,8,4,616,0,aware,0.8793103448275862,20.66125357470804,10.33062678735402,58,616,,
IL_CELL,0,8,4,616,0,anchor,1.0,22.31281455836638,11.15640727918319,450,5090,16.0,8.0
IL_CELL,0,8,4,616,0,aware_on_anchor_rows,0.8666666666666667,20.66125357470804,10.33062678735402,450,616,,
IL_CELL,0,8,4,616,0,explore_offset_q_aware,1.0,20.66125357470804,10.33062678735402,450,616,,
IL_CELL,0,8,4,616,0,explore_aware8_on_anchor_rows,0.8444444444444444,20.21773626372676,10.10886813186338,450,616,16.0,
IL_CELL,0,8,4,616,0,explore_anchor_matdisjoint,1.0,22.33810146505155,11.169050732525776,442,4402,16.0,
IL_CELL,0,8,4,616,0,explore_aware_on_matdisjoint_rows,0.8642533936651584,20.66125357470804,10.33062678735402,442,616,,
IL_CELL,0,9,5,612,3,naive,0.9152542372881356,14.074499538290238,7.037249769145119,59,612,,
IL_CELL,0,9,5,612,3,aware,0.9661016949152542,20.695340710308372,10.347670355154186,59,612,,
IL_CELL,0,9,5,612,3,anchor,1.0,21.99237593531828,10.99618796765914,420,5090,16.0,2.0
IL_CELL,0,9,5,612,3,aware_on_anchor_rows,0.9738095238095238,20.695340710308372,10.347670355154186,420,612,,
IL_CELL,0,9,5,612,3,explore_offset_q_aware,0.9976190476190476,20.695340710308372,10.347670355154186,420,612,,
IL_CELL,0,9,5,612,3,explore_aware8_on_anchor_rows,0.9738095238095238,20.320876718035358,10.160438359017679,420,612,16.0,
IL_CELL,0,9,5,612,3,explore_anchor_matdisjoint,1.0,21.80429335263889,10.902146676319445,418,4403,16.0,
IL_CELL,0,9,5,612,3,explore_aware_on_matdisjoint_rows,0.9736842105263158,20.695340710308372,10.347670355154186,418,612,,
