dataset,source,row,y,pred_lopo_rf300,resid_lopo,resid_oof_gkf10
DES_ETA,10.1021/acssuschemeng.9b02845,663,0.6532125137753437,0.5370347945452921,0.1161777192300516,0.14131952935694814
DES_ETA,10.1021/acssuschemeng.9b02845,725,0.6989700043360189,0.5431418189449368,0.155828185391082,0.20690053740434083
DES_ETA,10.1021/acssuschemeng.9b02845,758,0.7160033436347992,0.5325016537801088,0.1835016898546904,0.2493177080579801
DES_ETA,10.1021/acssuschemeng.9b02845,777,0.724275869600789,0.5827326187363636,0.14154325086442543,0.16584157209502903
DES_ETA,10.1021/acssuschemeng.9b02845,909,0.7923916894982539,0.5835743346804558,0.20881735481779806,0.23581838824226686
DES_ETA,10.1021/acssuschemeng.9b02845,910,0.7923916894982539,0.5685975008342368,0.22379418866401712,0.27348496943739486
DES_ETA,10.1021/acssuschemeng.9b02845,963,0.8195439355418687,0.6117970363451546,0.20774689919671407,0.1944126379071025
DES_ETA,10.1021/acssuschemeng.9b02845,1129,0.8976270912904415,0.6204254680587996,0.2772016232316419,0.28658478719806446
DES_ETA,10.1021/acssuschemeng.9b02845,1141,0.9030899869919435,0.640754913783885,0.2623350732080585,0.2751577341198397
DES_ETA,10.1021/acssuschemeng.9b02845,1187,0.9242792860618817,0.7112411374065997,0.21303814865528203,0.1955538041554855
DES_ETA,10.1021/acssuschemeng.9b02845,1426,1.0293837776852097,0.7216018362229458,0.3077819414622639,0.31400847334976756
DES_ETA,10.1021/acssuschemeng.9b02845,1442,1.0334237554869496,0.7643304885351411,0.2690932669518086,0.2981031664437268
DES_ETA,10.1021/acssuschemeng.9b02845,1502,1.0569048513364727,0.8090835875274736,0.24782126380899916,0.2389528659646163
DES_ETA,10.1021/acssuschemeng.9b02845,1857,1.173186268412274,0.8111095130935421,0.36207675531873196,0.34899626750133406
DES_ETA,10.1021/acssuschemeng.9b02845,1909,1.187520720836463,0.8582555993454732,0.32926512149098985,0.34228498380943395
DES_ETA,10.1021/acssuschemeng.9b02845,2270,1.2922560713564761,1.208070661592683,0.08418540976379307,0.07654580987610293
DES_ETA,10.1021/acssuschemeng.9b02845,2468,1.3424226808222062,1.2174159549881123,0.1250067258340939,0.07732118532475796
DES_ETA,10.1021/acssuschemeng.9b02845,2525,1.3636119798921444,1.1707719457809085,0.19284003411123596,0.16041133914125405
DES_ETA,10.1021/acssuschemeng.9b02845,2779,1.437750562820388,1.3549174864522489,0.08283307636813908,0.08966528119688877
DES_ETA,10.1021/acssuschemeng.9b02845,2784,1.4393326938302626,1.3283092947468869,0.11102339908337577,0.05278460085419523
DES_ETA,10.1021/acssuschemeng.9b02845,2866,1.4608978427565478,1.2768032401594873,0.18409460259706045,0.14038341462378345
DES_ETA,10.1021/acssuschemeng.9b02845,3106,1.5352941200427705,1.318497651127349,0.2167964689154216,0.1741801101129392
DES_ETA,10.1021/acssuschemeng.9b02845,3187,1.5622928644564746,1.279723956303434,0.2825689081530407,0.2598873678809255
DES_ETA,10.1021/acssuschemeng.9b02845,3310,1.6020599913279623,1.3128435450303353,0.289216446297627,0.3043956252041222
