case,model,n_fail_requested,draw,n_fail_used_mean,n_success_train_mean,auc
H7b_DES,RF,50,0,50.0,716.4,0.7991814314440359
H7b_DES,RF,50,1,50.0,716.4,0.7966168060812931
H7b_DES,RF,50,2,50.0,716.4,0.7911521756818014
H7b_DES,RF,50,3,50.0,716.4,0.8069842756573926
H7b_DES,RF,50,4,50.0,716.4,0.8006222322096217
H7b_DES,RF,50,5,50.0,716.4,0.8072542744563217
H7b_DES,RF,50,6,50.0,716.4,0.7982515701096075
H7b_DES,RF,50,7,50.0,716.4,0.7805331108123501
H7b_DES,RF,50,8,50.0,716.4,0.7995105151819235
H7b_DES,RF,50,9,50.0,716.4,0.8293527680809599
