dataset,seed,fold,source,n_rows,method,covered,n_eval,width,n_rows_sharing_anchor_material
ES1,0,0,10.1007/s11814-009-0309-1,96,naive,96,96,0.6850388170065109,
ES1,0,0,10.1007/s11814-009-0309-1,96,aware,96,96,1.1359823319927962,
ES1,0,0,10.1007/s11814-009-0309-1,96,anchor,930,930,1.1403801721605866,930.0
ES1,0,0,10.1007/s11814-009-0309-1,96,aware_on_anchor_rows,930,930,1.1359823319927962,
ES1,0,0,10.1007/s11814-009-0309-1,96,explore_offset_q_aware,930,930,1.1359823319927962,
ES1,0,0,10.1007/s11814-009-0309-1,96,explore_aware8_on_anchor_rows,930,930,1.0832826221783671,
ES1,0,0,10.1007/s11814-009-0309-1,96,explore_anchor_matdisjoint,0,0,1.5909068640029709,
ES1,0,0,10.1007/s11814-009-0309-1,96,explore_aware_on_matdisjoint_rows,0,0,1.1359823319927962,
ES1,0,1,10.1002/app.21762,3,naive,1,3,0.6160985476509815,
ES1,0,1,10.1002/app.21762,3,aware,3,3,1.0301790122352696,
ES1,0,1,10.1016/j.compositesb.2019.01.094,46,naive,21,46,0.6160985476509815,
ES1,0,1,10.1016/j.compositesb.2019.01.094,46,aware,33,46,1.0301790122352696,
ES1,0,1,10.1016/j.materresbull.2022.112052,1,naive,0,1,0.6160985476509815,
ES1,0,1,10.1016/j.materresbull.2022.112052,1,aware,0,1,1.0301790122352696,
ES1,0,1,10.3390/nano12060962,6,naive,1,6,0.6160985476509815,
ES1,0,1,10.3390/nano12060962,6,aware,6,6,1.0301790122352696,
ES1,0,1,10.3390/nano14131083,1,naive,1,1,0.6160985476509815,
ES1,0,1,10.3390/nano14131083,1,aware,1,1,1.0301790122352696,
ES1,0,1,10.1016/j.compositesb.2019.01.094,46,anchor,252,430,0.8019965226009163,430.0
ES1,0,1,10.1016/j.compositesb.2019.01.094,46,aware_on_anchor_rows,307,430,1.0301790122352696,
ES1,0,1,10.1016/j.compositesb.2019.01.094,46,explore_offset_q_aware,301,430,1.0301790122352696,
ES1,0,1,10.1016/j.compositesb.2019.01.094,46,explore_aware8_on_anchor_rows,297,430,0.9857828579563144,
ES1,0,1,10.1016/j.compositesb.2019.01.094,46,explore_anchor_matdisjoint,0,0,1.7905869025691699,
ES1,0,1,10.1016/j.compositesb.2019.01.094,46,explore_aware_on_matdisjoint_rows,0,0,1.0301790122352696,
ES1,0,2,10.1002/app.52131,6,naive,0,6,0.6543675922421661,
ES1,0,2,10.1002/app.52131,6,aware,5,6,0.9864222544584504,
ES1,0,2,10.1007/s12221-015-5263-4,38,naive,25,38,0.6543675922421661,
ES1,0,2,10.1007/s12221-015-5263-4,38,aware,33,38,0.9864222544584504,
ES1,0,2,10.1016/j.polymertesting.2019.106218,3,naive,0,3,0.6543675922421661,
ES1,0,2,10.1016/j.polymertesting.2019.106218,3,aware,0,3,0.9864222544584504,
ES1,0,2,10.3390/polym15030731,9,naive,9,9,0.6543675922421661,
ES1,0,2,10.3390/polym15030731,9,aware,9,9,0.9864222544584504,
ES1,0,2,10.1007/s12221-015-5263-4,38,anchor,267,350,0.9329736964165678,312.0
ES1,0,2,10.1007/s12221-015-5263-4,38,aware_on_anchor_rows,306,350,0.9864222544584504,
ES1,0,2,10.1007/s12221-015-5263-4,38,explore_offset_q_aware,278,350,0.9864222544584504,
ES1,0,2,10.1007/s12221-015-5263-4,38,explore_aware8_on_anchor_rows,296,350,0.949758039951063,
ES1,0,2,10.1007/s12221-015-5263-4,38,explore_anchor_matdisjoint,37,38,1.7016051713236937,
ES1,0,2,10.1007/s12221-015-5263-4,38,explore_aware_on_matdisjoint_rows,33,38,0.9864222544584504,
ES1,0,2,10.3390/polym15030731,9,anchor,60,60,0.9329736964165678,60.0
ES1,0,2,10.3390/polym15030731,9,aware_on_anchor_rows,60,60,0.9864222544584504,
ES1,0,2,10.3390/polym15030731,9,explore_offset_q_aware,60,60,0.9864222544584504,
ES1,0,2,10.3390/polym15030731,9,explore_aware8_on_anchor_rows,60,60,0.949758039951063,
ES1,0,2,10.3390/polym15030731,9,explore_anchor_matdisjoint,0,0,1.7016051713236937,
ES1,0,2,10.3390/polym15030731,9,explore_aware_on_matdisjoint_rows,0,0,0.9864222544584504,
ES1,0,3,10.1002/app.42304,9,naive,6,9,0.6494446616934928,
ES1,0,3,10.1002/app.42304,9,aware,6,9,0.978334797894898,
ES1,0,3,10.1002/polb.21380,12,naive,12,12,0.6494446616934928,
ES1,0,3,10.1002/polb.21380,12,aware,12,12,0.978334797894898,
ES1,0,3,10.1016/j.matlet.2015.08.003,5,naive,1,5,0.6494446616934928,
ES1,0,3,10.1016/j.matlet.2015.08.003,5,aware,2,5,0.978334797894898,
ES1,0,3,10.1016/j.memsci.2018.06.050,3,naive,2,3,0.6494446616934928,
ES1,0,3,10.1016/j.memsci.2018.06.050,3,aware,3,3,0.978334797894898,
ES1,0,3,10.1016/j.polymer.2008.09.025,26,naive,9,26,0.6494446616934928,
ES1,0,3,10.1016/j.polymer.2008.09.025,26,aware,16,26,0.978334797894898,
ES1,0,3,ãâ https://doi.org/10.3390/ma8052718,1,naive,1,1,0.6494446616934928,
ES1,0,3,ãâ https://doi.org/10.3390/ma8052718,1,aware,1,1,0.978334797894898,
ES1,0,3,10.1002/app.42304,9,anchor,57,60,0.9856905915193259,60.0
ES1,0,3,10.1002/app.42304,9,aware_on_anchor_rows,42,60,0.978334797894898,
ES1,0,3,10.1002/app.42304,9,explore_offset_q_aware,57,60,0.978334797894898,
ES1,0,3,10.1002/app.42304,9,explore_aware8_on_anchor_rows,42,60,0.9229583999276327,
ES1,0,3,10.1002/app.42304,9,explore_anchor_matdisjoint,0,0,1.7371498823624645,
ES1,0,3,10.1002/app.42304,9,explore_aware_on_matdisjoint_rows,0,0,0.978334797894898,
ES1,0,3,10.1002/polb.21380,12,anchor,90,90,0.9856905915193259,78.0
ES1,0,3,10.1002/polb.21380,12,aware_on_anchor_rows,90,90,0.978334797894898,
ES1,0,3,10.1002/polb.21380,12,explore_offset_q_aware,90,90,0.978334797894898,
ES1,0,3,10.1002/polb.21380,12,explore_aware8_on_anchor_rows,90,90,0.9229583999276327,
ES1,0,3,10.1002/polb.21380,12,explore_anchor_matdisjoint,12,12,1.7371498823624645,
ES1,0,3,10.1002/polb.21380,12,explore_aware_on_matdisjoint_rows,12,12,0.978334797894898,
ES1,0,3,10.1016/j.polymer.2008.09.025,26,anchor,201,230,0.9856905915193259,230.0
ES1,0,3,10.1016/j.polymer.2008.09.025,26,aware_on_anchor_rows,141,230,0.978334797894898,
ES1,0,3,10.1016/j.polymer.2008.09.025,26,explore_offset_q_aware,200,230,0.978334797894898,
ES1,0,3,10.1016/j.polymer.2008.09.025,26,explore_aware8_on_anchor_rows,115,230,0.9229583999276327,
ES1,0,3,10.1016/j.polymer.2008.09.025,26,explore_anchor_matdisjoint,0,0,1.7371498823624645,
ES1,0,3,10.1016/j.polymer.2008.09.025,26,explore_aware_on_matdisjoint_rows,0,0,0.978334797894898,
ES1,0,4,10.1007/s00521-014-1554-8,20,naive,14,20,0.6511281209170718,
ES1,0,4,10.1007/s00521-014-1554-8,20,aware,19,20,1.0675310272789336,
ES1,0,4,10.1007/s40204-017-0071-0,13,naive,13,13,0.6511281209170718,
ES1,0,4,10.1007/s40204-017-0071-0,13,aware,13,13,1.0675310272789336,
ES1,0,4,10.1016/j.memsci.2022.120850,5,naive,2,5,0.6511281209170718,
ES1,0,4,10.1016/j.memsci.2022.120850,5,aware,3,5,1.0675310272789336,
ES1,0,4,10.1016/j.polymer.2020.123366,1,naive,0,1,0.6511281209170718,
ES1,0,4,10.1016/j.polymer.2020.123366,1,aware,1,1,1.0675310272789336,
ES1,0,4,10.1515/epoly-2014-0110,7,naive,3,7,0.6511281209170718,
ES1,0,4,10.1515/epoly-2014-0110,7,aware,7,7,1.0675310272789336,
ES1,0,4,10.3390/polym15132813,10,naive,10,10,0.6511281209170718,
ES1,0,4,10.3390/polym15132813,10,aware,10,10,1.0675310272789336,
ES1,0,4,10.1007/s00521-014-1554-8,20,anchor,153,170,1.0014078968100246,170.0
ES1,0,4,10.1007/s00521-014-1554-8,20,aware_on_anchor_rows,161,170,1.0675310272789336,
ES1,0,4,10.1007/s00521-014-1554-8,20,explore_offset_q_aware,157,170,1.0675310272789336,
ES1,0,4,10.1007/s00521-014-1554-8,20,explore_aware8_on_anchor_rows,161,170,1.0493548735598486,
ES1,0,4,10.1007/s00521-014-1554-8,20,explore_anchor_matdisjoint,0,0,1.6938022262605081,
ES1,0,4,10.1007/s00521-014-1554-8,20,explore_aware_on_matdisjoint_rows,0,0,1.0675310272789336,
ES1,0,4,10.1007/s40204-017-0071-0,13,anchor,100,100,1.0014078968100246,100.0
ES1,0,4,10.1007/s40204-017-0071-0,13,aware_on_anchor_rows,100,100,1.0675310272789336,
ES1,0,4,10.1007/s40204-017-0071-0,13,explore_offset_q_aware,100,100,1.0675310272789336,
ES1,0,4,10.1007/s40204-017-0071-0,13,explore_aware8_on_anchor_rows,100,100,1.0493548735598486,
ES1,0,4,10.1007/s40204-017-0071-0,13,explore_anchor_matdisjoint,0,0,1.6938022262605081,
ES1,0,4,10.1007/s40204-017-0071-0,13,explore_aware_on_matdisjoint_rows,0,0,1.0675310272789336,
ES1,0,4,10.3390/polym15132813,10,anchor,70,70,1.0014078968100246,70.0
ES1,0,4,10.3390/polym15132813,10,aware_on_anchor_rows,70,70,1.0675310272789336,
ES1,0,4,10.3390/polym15132813,10,explore_offset_q_aware,70,70,1.0675310272789336,
ES1,0,4,10.3390/polym15132813,10,explore_aware8_on_anchor_rows,70,70,1.0493548735598486,
ES1,0,4,10.3390/polym15132813,10,explore_anchor_matdisjoint,0,0,1.6938022262605081,
ES1,0,4,10.3390/polym15132813,10,explore_aware_on_matdisjoint_rows,0,0,1.0675310272789336,
ES1,0,5,10.1002/app.32569,20,naive,16,20,0.6784834917194447,
ES1,0,5,10.1002/app.32569,20,aware,20,20,1.0962137128248317,
ES1,0,5,10.1007/bf03218855,6,naive,6,6,0.6784834917194447,
ES1,0,5,10.1007/bf03218855,6,aware,6,6,1.0962137128248317,
ES1,0,5,10.1016/j.eurpolymj.2004.10.027,12,naive,11,12,0.6784834917194447,
ES1,0,5,10.1016/j.eurpolymj.2004.10.027,12,aware,12,12,1.0962137128248317,
ES1,0,5,10.1088/1748-6041/8/4/045007,5,naive,1,5,0.6784834917194447,
ES1,0,5,10.1088/1748-6041/8/4/045007,5,aware,5,5,1.0962137128248317,
ES1,0,5,10.3390/fib8100065,2,naive,1,2,0.6784834917194447,
ES1,0,5,10.3390/fib8100065,2,aware,2,2,1.0962137128248317,
ES1,0,5,10.3390/nano10061221,11,naive,3,11,0.6784834917194447,
ES1,0,5,10.3390/nano10061221,11,aware,11,11,1.0962137128248317,
ES1,0,5,10.1002/app.32569,20,anchor,170,170,0.998469289166921,170.0
ES1,0,5,10.1002/app.32569,20,aware_on_anchor_rows,170,170,1.0962137128248317,
ES1,0,5,10.1002/app.32569,20,explore_offset_q_aware,170,170,1.0962137128248317,
ES1,0,5,10.1002/app.32569,20,explore_aware8_on_anchor_rows,170,170,1.038217612887662,
ES1,0,5,10.1002/app.32569,20,explore_anchor_matdisjoint,0,0,1.499938419417001,
ES1,0,5,10.1002/app.32569,20,explore_aware_on_matdisjoint_rows,0,0,1.0962137128248317,
ES1,0,5,10.1016/j.eurpolymj.2004.10.027,12,anchor,90,90,0.998469289166921,90.0
ES1,0,5,10.1016/j.eurpolymj.2004.10.027,12,aware_on_anchor_rows,90,90,1.0962137128248317,
ES1,0,5,10.1016/j.eurpolymj.2004.10.027,12,explore_offset_q_aware,90,90,1.0962137128248317,
ES1,0,5,10.1016/j.eurpolymj.2004.10.027,12,explore_aware8_on_anchor_rows,85,90,1.038217612887662,
ES1,0,5,10.1016/j.eurpolymj.2004.10.027,12,explore_anchor_matdisjoint,0,0,1.499938419417001,
ES1,0,5,10.1016/j.eurpolymj.2004.10.027,12,explore_aware_on_matdisjoint_rows,0,0,1.0962137128248317,
ES1,0,5,10.3390/nano10061221,11,anchor,80,80,0.998469289166921,80.0
ES1,0,5,10.3390/nano10061221,11,aware_on_anchor_rows,80,80,1.0962137128248317,
ES1,0,5,10.3390/nano10061221,11,explore_offset_q_aware,80,80,1.0962137128248317,
ES1,0,5,10.3390/nano10061221,11,explore_aware8_on_anchor_rows,66,80,1.038217612887662,
ES1,0,5,10.3390/nano10061221,11,explore_anchor_matdisjoint,0,0,1.499938419417001,
ES1,0,5,10.3390/nano10061221,11,explore_aware_on_matdisjoint_rows,0,0,1.0962137128248317,
ES1,0,6,10.1016/j.polymer.2014.06.032,8,naive,8,8,0.66754047152933,
ES1,0,6,10.1016/j.polymer.2014.06.032,8,aware,8,8,1.043206199157079,
ES1,0,6,10.1021/acsami.0c02578.,2,naive,2,2,0.66754047152933,
ES1,0,6,10.1021/acsami.0c02578.,2,aware,2,2,1.043206199157079,
ES1,0,6,10.1109/nano.2013.6720964,4,naive,0,4,0.66754047152933,
ES1,0,6,10.1109/nano.2013.6720964,4,aware,2,4,1.043206199157079,
ES1,0,6,10.1515/epoly-2022-8106,15,naive,15,15,0.66754047152933,
ES1,0,6,10.1515/epoly-2022-8106,15,aware,15,15,1.043206199157079,
ES1,0,6,https://www.researchgate.net/profile/dhananjay-pise/publication/277816900_study_of_process_parameters_affecting_the_diameter_and_morphology_of_electrospun_polyvinylidene_fluoride_pvdf_nanofibers/links/55751b5c08aeacff1ffcc4a8/study-of-process-parameters-affecting-the-diameter-and-morphology-of-electrospun-polyvinylidene-fluoride-pvdf-nanofibers.pdf,9,naive,8,9,0.66754047152933,
ES1,0,6,https://www.researchgate.net/profile/dhananjay-pise/publication/277816900_study_of_process_parameters_affecting_the_diameter_and_morphology_of_electrospun_polyvinylidene_fluoride_pvdf_nanofibers/links/55751b5c08aeacff1ffcc4a8/study-of-process-parameters-affecting-the-diameter-and-morphology-of-electrospun-polyvinylidene-fluoride-pvdf-nanofibers.pdf,9,aware,9,9,1.043206199157079,
ES1,0,6,https://www.sciencedirect.com/science/article/pii/s0927776511005522,18,naive,17,18,0.66754047152933,
ES1,0,6,https://www.sciencedirect.com/science/article/pii/s0927776511005522,18,aware,18,18,1.043206199157079,
ES1,0,6,10.1016/j.polymer.2014.06.032,8,anchor,50,50,0.9924217920196723,50.0
ES1,0,6,10.1016/j.polymer.2014.06.032,8,aware_on_anchor_rows,50,50,1.043206199157079,
ES1,0,6,10.1016/j.polymer.2014.06.032,8,explore_offset_q_aware,50,50,1.043206199157079,
ES1,0,6,10.1016/j.polymer.2014.06.032,8,explore_aware8_on_anchor_rows,50,50,1.0194644460918374,
ES1,0,6,10.1016/j.polymer.2014.06.032,8,explore_anchor_matdisjoint,0,0,1.5315194632951061,
ES1,0,6,10.1016/j.polymer.2014.06.032,8,explore_aware_on_matdisjoint_rows,0,0,1.043206199157079,
ES1,0,6,10.1515/epoly-2022-8106,15,anchor,120,120,0.9924217920196723,120.0
ES1,0,6,10.1515/epoly-2022-8106,15,aware_on_anchor_rows,120,120,1.043206199157079,
ES1,0,6,10.1515/epoly-2022-8106,15,explore_offset_q_aware,120,120,1.043206199157079,
ES1,0,6,10.1515/epoly-2022-8106,15,explore_aware8_on_anchor_rows,120,120,1.0194644460918374,
ES1,0,6,10.1515/epoly-2022-8106,15,explore_anchor_matdisjoint,0,0,1.5315194632951061,
ES1,0,6,10.1515/epoly-2022-8106,15,explore_aware_on_matdisjoint_rows,0,0,1.043206199157079,
ES1,0,6,https://www.researchgate.net/profile/dhananjay-pise/publication/277816900_study_of_process_parameters_affecting_the_diameter_and_morphology_of_electrospun_polyvinylidene_fluoride_pvdf_nanofibers/links/55751b5c08aeacff1ffcc4a8/study-of-process-parameters-affecting-the-diameter-and-morphology-of-electrospun-polyvinylidene-fluoride-pvdf-nanofibers.pdf,9,anchor,60,60,0.9924217920196723,60.0
ES1,0,6,https://www.researchgate.net/profile/dhananjay-pise/publication/277816900_study_of_process_parameters_affecting_the_diameter_and_morphology_of_electrospun_polyvinylidene_fluoride_pvdf_nanofibers/links/55751b5c08aeacff1ffcc4a8/study-of-process-parameters-affecting-the-diameter-and-morphology-of-electrospun-polyvinylidene-fluoride-pvdf-nanofibers.pdf,9,aware_on_anchor_rows,60,60,1.043206199157079,
ES1,0,6,https://www.researchgate.net/profile/dhananjay-pise/publication/277816900_study_of_process_parameters_affecting_the_diameter_and_morphology_of_electrospun_polyvinylidene_fluoride_pvdf_nanofibers/links/55751b5c08aeacff1ffcc4a8/study-of-process-parameters-affecting-the-diameter-and-morphology-of-electrospun-polyvinylidene-fluoride-pvdf-nanofibers.pdf,9,explore_offset_q_aware,60,60,1.043206199157079,
ES1,0,6,https://www.researchgate.net/profile/dhananjay-pise/publication/277816900_study_of_process_parameters_affecting_the_diameter_and_morphology_of_electrospun_polyvinylidene_fluoride_pvdf_nanofibers/links/55751b5c08aeacff1ffcc4a8/study-of-process-parameters-affecting-the-diameter-and-morphology-of-electrospun-polyvinylidene-fluoride-pvdf-nanofibers.pdf,9,explore_aware8_on_anchor_rows,60,60,1.0194644460918374,
ES1,0,6,https://www.researchgate.net/profile/dhananjay-pise/publication/277816900_study_of_process_parameters_affecting_the_diameter_and_morphology_of_electrospun_polyvinylidene_fluoride_pvdf_nanofibers/links/55751b5c08aeacff1ffcc4a8/study-of-process-parameters-affecting-the-diameter-and-morphology-of-electrospun-polyvinylidene-fluoride-pvdf-nanofibers.pdf,9,explore_anchor_matdisjoint,0,0,1.5315194632951061,
ES1,0,6,https://www.researchgate.net/profile/dhananjay-pise/publication/277816900_study_of_process_parameters_affecting_the_diameter_and_morphology_of_electrospun_polyvinylidene_fluoride_pvdf_nanofibers/links/55751b5c08aeacff1ffcc4a8/study-of-process-parameters-affecting-the-diameter-and-morphology-of-electrospun-polyvinylidene-fluoride-pvdf-nanofibers.pdf,9,explore_aware_on_matdisjoint_rows,0,0,1.043206199157079,
ES1,0,6,https://www.sciencedirect.com/science/article/pii/s0927776511005522,18,anchor,150,150,0.9924217920196723,141.0
ES1,0,6,https://www.sciencedirect.com/science/article/pii/s0927776511005522,18,aware_on_anchor_rows,150,150,1.043206199157079,
ES1,0,6,https://www.sciencedirect.com/science/article/pii/s0927776511005522,18,explore_offset_q_aware,150,150,1.043206199157079,
ES1,0,6,https://www.sciencedirect.com/science/article/pii/s0927776511005522,18,explore_aware8_on_anchor_rows,150,150,1.0194644460918374,
ES1,0,6,https://www.sciencedirect.com/science/article/pii/s0927776511005522,18,explore_anchor_matdisjoint,9,9,1.5315194632951061,
ES1,0,6,https://www.sciencedirect.com/science/article/pii/s0927776511005522,18,explore_aware_on_matdisjoint_rows,9,9,1.043206199157079,
ES1,0,7,10.1007/s00521-017-2996-6,13,naive,13,13,0.623616648430783,
ES1,0,7,10.1007/s00521-017-2996-6,13,aware,13,13,1.0343339166447363,
ES1,0,7,10.1007/s10965-014-0571-8.,18,naive,6,18,0.623616648430783,
ES1,0,7,10.1007/s10965-014-0571-8.,18,aware,13,18,1.0343339166447363,
ES1,0,7,10.1080/1539445x.2010.495630,12,naive,9,12,0.623616648430783,
ES1,0,7,10.1080/1539445x.2010.495630,12,aware,11,12,1.0343339166447363,
ES1,0,7,10.1177/00219983221144696,5,naive,2,5,0.623616648430783,
ES1,0,7,10.1177/00219983221144696,5,aware,3,5,1.0343339166447363,
ES1,0,7,10.30684/etj.35.4a.5,6,naive,4,6,0.623616648430783,
ES1,0,7,10.30684/etj.35.4a.5,6,aware,5,6,1.0343339166447363,
ES1,0,7,10.3390/polym14030593,2,naive,2,2,0.623616648430783,
ES1,0,7,10.3390/polym14030593,2,aware,2,2,1.0343339166447363,
ES1,0,7,10.1007/s00521-017-2996-6,13,anchor,100,100,0.9434613205232857,100.0
ES1,0,7,10.1007/s00521-017-2996-6,13,aware_on_anchor_rows,100,100,1.0343339166447363,
ES1,0,7,10.1007/s00521-017-2996-6,13,explore_offset_q_aware,100,100,1.0343339166447363,
ES1,0,7,10.1007/s00521-017-2996-6,13,explore_aware8_on_anchor_rows,100,100,1.0150053683566789,
ES1,0,7,10.1007/s00521-017-2996-6,13,explore_anchor_matdisjoint,0,0,1.6686379804361733,
ES1,0,7,10.1007/s00521-017-2996-6,13,explore_aware_on_matdisjoint_rows,0,0,1.0343339166447363,
ES1,0,7,10.1007/s10965-014-0571-8.,18,anchor,100,150,0.9434613205232857,150.0
ES1,0,7,10.1007/s10965-014-0571-8.,18,aware_on_anchor_rows,109,150,1.0343339166447363,
ES1,0,7,10.1007/s10965-014-0571-8.,18,explore_offset_q_aware,106,150,1.0343339166447363,
ES1,0,7,10.1007/s10965-014-0571-8.,18,explore_aware8_on_anchor_rows,109,150,1.0150053683566789,
ES1,0,7,10.1007/s10965-014-0571-8.,18,explore_anchor_matdisjoint,0,0,1.6686379804361733,
ES1,0,7,10.1007/s10965-014-0571-8.,18,explore_aware_on_matdisjoint_rows,0,0,1.0343339166447363,
ES1,0,7,10.1080/1539445x.2010.495630,12,anchor,80,90,0.9434613205232857,90.0
ES1,0,7,10.1080/1539445x.2010.495630,12,aware_on_anchor_rows,84,90,1.0343339166447363,
ES1,0,7,10.1080/1539445x.2010.495630,12,explore_offset_q_aware,82,90,1.0343339166447363,
ES1,0,7,10.1080/1539445x.2010.495630,12,explore_aware8_on_anchor_rows,84,90,1.0150053683566789,
ES1,0,7,10.1080/1539445x.2010.495630,12,explore_anchor_matdisjoint,0,0,1.6686379804361733,
ES1,0,7,10.1080/1539445x.2010.495630,12,explore_aware_on_matdisjoint_rows,0,0,1.0343339166447363,
ES1,0,8,10.1002/app.25464,16,naive,7,16,0.6138737287544425,
ES1,0,8,10.1002/app.25464,16,aware,12,16,1.0333596237291287,
ES1,0,8,10.1002/app.36726,17,naive,17,17,0.6138737287544425,
ES1,0,8,10.1002/app.36726,17,aware,17,17,1.0333596237291287,
ES1,0,8,10.1002/marc.200700544,4,naive,2,4,0.6138737287544425,
ES1,0,8,10.1002/marc.200700544,4,aware,3,4,1.0333596237291287,
ES1,0,8,10.1016/j.jmrt.2023.01.007,1,naive,1,1,0.6138737287544425,
ES1,0,8,10.1016/j.jmrt.2023.01.007,1,aware,1,1,1.0333596237291287,
ES1,0,8,10.1016/j.memsci.2013.01.023,8,naive,4,8,0.6138737287544425,
ES1,0,8,10.1016/j.memsci.2013.01.023,8,aware,6,8,1.0333596237291287,
ES1,0,8,10.1016/j.mtsust.2022.100275,1,naive,1,1,0.6138737287544425,
ES1,0,8,10.1016/j.mtsust.2022.100275,1,aware,1,1,1.0333596237291287,
ES1,0,8,10.3139/217.3278,9,naive,6,9,0.6138737287544425,
ES1,0,8,10.3139/217.3278,9,aware,9,9,1.0333596237291287,
ES1,0,8,10.1002/app.25464,16,anchor,88,130,0.9286612408618236,124.0
ES1,0,8,10.1002/app.25464,16,aware_on_anchor_rows,98,130,1.0333596237291287,
ES1,0,8,10.1002/app.25464,16,explore_offset_q_aware,93,130,1.0333596237291287,
ES1,0,8,10.1002/app.25464,16,explore_aware8_on_anchor_rows,98,130,0.9766918691656743,
ES1,0,8,10.1002/app.25464,16,explore_anchor_matdisjoint,3,6,1.4079569497868432,
ES1,0,8,10.1002/app.25464,16,explore_aware_on_matdisjoint_rows,3,6,1.0333596237291287,
ES1,0,8,10.1002/app.36726,17,anchor,140,140,0.9286612408618236,140.0
ES1,0,8,10.1002/app.36726,17,aware_on_anchor_rows,140,140,1.0333596237291287,
ES1,0,8,10.1002/app.36726,17,explore_offset_q_aware,140,140,1.0333596237291287,
ES1,0,8,10.1002/app.36726,17,explore_aware8_on_anchor_rows,140,140,0.9766918691656743,
ES1,0,8,10.1002/app.36726,17,explore_anchor_matdisjoint,0,0,1.4079569497868432,
ES1,0,8,10.1002/app.36726,17,explore_aware_on_matdisjoint_rows,0,0,1.0333596237291287,
ES1,0,8,10.1016/j.memsci.2013.01.023,8,anchor,37,50,0.9286612408618236,50.0
ES1,0,8,10.1016/j.memsci.2013.01.023,8,aware_on_anchor_rows,35,50,1.0333596237291287,
ES1,0,8,10.1016/j.memsci.2013.01.023,8,explore_offset_q_aware,39,50,1.0333596237291287,
ES1,0,8,10.1016/j.memsci.2013.01.023,8,explore_aware8_on_anchor_rows,35,50,0.9766918691656743,
ES1,0,8,10.1016/j.memsci.2013.01.023,8,explore_anchor_matdisjoint,0,0,1.4079569497868432,
ES1,0,8,10.1016/j.memsci.2013.01.023,8,explore_aware_on_matdisjoint_rows,0,0,1.0333596237291287,
ES1,0,8,10.3139/217.3278,9,anchor,60,60,0.9286612408618236,60.0
ES1,0,8,10.3139/217.3278,9,aware_on_anchor_rows,60,60,1.0333596237291287,
ES1,0,8,10.3139/217.3278,9,explore_offset_q_aware,60,60,1.0333596237291287,
ES1,0,8,10.3139/217.3278,9,explore_aware8_on_anchor_rows,60,60,0.9766918691656743,
ES1,0,8,10.3139/217.3278,9,explore_anchor_matdisjoint,0,0,1.4079569497868432,
ES1,0,8,10.3139/217.3278,9,explore_aware_on_matdisjoint_rows,0,0,1.0333596237291287,
ES1,0,9,10.1002/adv.21947,17,naive,14,17,0.6969303453008435,
ES1,0,9,10.1002/adv.21947,17,aware,17,17,1.102483562729173,
ES1,0,9,10.1002/jbm.b.33337,1,naive,1,1,0.6969303453008435,
ES1,0,9,10.1002/jbm.b.33337,1,aware,1,1,1.102483562729173,
ES1,0,9,10.1016/j.jafr.2019.100015,15,naive,10,15,0.6969303453008435,
ES1,0,9,10.1016/j.jafr.2019.100015,15,aware,15,15,1.102483562729173,
ES1,0,9,10.1016/j.molliq.2023.122819,10,naive,7,10,0.6969303453008435,
ES1,0,9,10.1016/j.molliq.2023.122819,10,aware,10,10,1.102483562729173,
ES1,0,9,10.1063/1.4994968,1,naive,0,1,0.6969303453008435,
ES1,0,9,10.1063/1.4994968,1,aware,1,1,1.102483562729173,
ES1,0,9,10.1515/epoly-2018-0037,4,naive,2,4,0.6969303453008435,
ES1,0,9,10.1515/epoly-2018-0037,4,aware,4,4,1.102483562729173,
ES1,0,9,10.3390/nano11102514,8,naive,5,8,0.6969303453008435,
ES1,0,9,10.3390/nano11102514,8,aware,8,8,1.102483562729173,
ES1,0,9,10.1002/adv.21947,17,anchor,140,140,0.99265031877574,140.0
ES1,0,9,10.1002/adv.21947,17,aware_on_anchor_rows,140,140,1.102483562729173,
ES1,0,9,10.1002/adv.21947,17,explore_offset_q_aware,140,140,1.102483562729173,
ES1,0,9,10.1002/adv.21947,17,explore_aware8_on_anchor_rows,140,140,1.05588425824936,
ES1,0,9,10.1002/adv.21947,17,explore_anchor_matdisjoint,0,0,1.6715145741676396,
ES1,0,9,10.1002/adv.21947,17,explore_aware_on_matdisjoint_rows,0,0,1.102483562729173,
ES1,0,9,10.1016/j.jafr.2019.100015,15,anchor,120,120,0.99265031877574,120.0
ES1,0,9,10.1016/j.jafr.2019.100015,15,aware_on_anchor_rows,120,120,1.102483562729173,
ES1,0,9,10.1016/j.jafr.2019.100015,15,explore_offset_q_aware,120,120,1.102483562729173,
ES1,0,9,10.1016/j.jafr.2019.100015,15,explore_aware8_on_anchor_rows,112,120,1.05588425824936,
ES1,0,9,10.1016/j.jafr.2019.100015,15,explore_anchor_matdisjoint,0,0,1.6715145741676396,
ES1,0,9,10.1016/j.jafr.2019.100015,15,explore_aware_on_matdisjoint_rows,0,0,1.102483562729173,
ES1,0,9,10.1016/j.molliq.2023.122819,10,anchor,60,70,0.99265031877574,60.0
ES1,0,9,10.1016/j.molliq.2023.122819,10,aware_on_anchor_rows,70,70,1.102483562729173,
ES1,0,9,10.1016/j.molliq.2023.122819,10,explore_offset_q_aware,65,70,1.102483562729173,
ES1,0,9,10.1016/j.molliq.2023.122819,10,explore_aware8_on_anchor_rows,70,70,1.05588425824936,
ES1,0,9,10.1016/j.molliq.2023.122819,10,explore_anchor_matdisjoint,10,10,1.6715145741676396,
ES1,0,9,10.1016/j.molliq.2023.122819,10,explore_aware_on_matdisjoint_rows,10,10,1.102483562729173,
ES1,0,9,10.3390/nano11102514,8,anchor,49,50,0.99265031877574,50.0
ES1,0,9,10.3390/nano11102514,8,aware_on_anchor_rows,50,50,1.102483562729173,
ES1,0,9,10.3390/nano11102514,8,explore_offset_q_aware,50,50,1.102483562729173,
ES1,0,9,10.3390/nano11102514,8,explore_aware8_on_anchor_rows,50,50,1.05588425824936,
ES1,0,9,10.3390/nano11102514,8,explore_anchor_matdisjoint,0,0,1.6715145741676396,
ES1,0,9,10.3390/nano11102514,8,explore_aware_on_matdisjoint_rows,0,0,1.102483562729173,
